{
	"start":	{
		"connected":	[{
				"socket":	7,
				"local_host":	"192.168.42.11",
				"local_port":	41611,
				"remote_host":	"192.168.42.1",
				"remote_port":	5210
			}],
		"version":	"iperf 3.7",
		"system_info":	"Linux rathan-VirtualBox 5.4.0-177-generic #197-Ubuntu SMP Thu Mar 28 22:45:47 UTC 2024 x86_64",
		"timestamp":	{
			"time":	"Thu, 07 Nov 2024 08:56:32 GMT",
			"timesecs":	1730969792
		},
		"connecting_to":	{
			"host":	"192.168.42.1",
			"port":	5210
		},
		"cookie":	"2bxv5anmrffmvr7j5fs35b7otufmxnexens7",
		"sock_bufsize":	0,
		"sndbuf_actual":	212992,
		"rcvbuf_actual":	212992,
		"test_start":	{
			"protocol":	"UDP",
			"num_streams":	1,
			"blksize":	1448,
			"omit":	0,
			"duration":	30,
			"bytes":	0,
			"blocks":	0,
			"reverse":	0,
			"tos":	0
		}
	},
	"intervals":	[{
			"streams":	[{
					"socket":	7,
					"start":	0,
					"end":	1.000023,
					"seconds":	1.0000230073928833,
					"bytes":	86880,
					"bits_per_second":	695024.00930955447,
					"packets":	60,
					"omitted":	false,
					"sender":	true
				}],
			"sum":	{
				"start":	0,
				"end":	1.000023,
				"seconds":	1.0000230073928833,
				"bytes":	86880,
				"bits_per_second":	695024.00930955447,
				"packets":	60,
				"omitted":	false,
				"sender":	true
			}
		}, {
			"streams":	[{
					"socket":	7,
					"start":	1.000023,
					"end":	2.000145,
					"seconds":	1.0001219511032104,
					"bytes":	18824,
					"bits_per_second":	150573.63737880724,
					"packets":	13,
					"omitted":	false,
					"sender":	true
				}],
			"sum":	{
				"start":	1.000023,
				"end":	2.000145,
				"seconds":	1.0001219511032104,
				"bytes":	18824,
				"bits_per_second":	150573.63737880724,
				"packets":	13,
				"omitted":	false,
				"sender":	true
			}
		}, {
			"streams":	[{
					"socket":	7,
					"start":	2.000145,
					"end":	3.000288,
					"seconds":	1.0001430511474609,
					"bytes":	20272,
					"bits_per_second":	162152.80385534448,
					"packets":	14,
					"omitted":	false,
					"sender":	true
				}],
			"sum":	{
				"start":	2.000145,
				"end":	3.000288,
				"seconds":	1.0001430511474609,
				"bytes":	20272,
				"bits_per_second":	162152.80385534448,
				"packets":	14,
				"omitted":	false,
				"sender":	true
			}
		}, {
			"streams":	[{
					"socket":	7,
					"start":	3.000288,
					"end":	4.000163,
					"seconds":	0.999875009059906,
					"bytes":	21720,
					"bits_per_second":	173781.72114069652,
					"packets":	15,
					"omitted":	false,
					"sender":	true
				}],
			"sum":	{
				"start":	3.000288,
				"end":	4.000163,
				"seconds":	0.999875009059906,
				"bytes":	21720,
				"bits_per_second":	173781.72114069652,
				"packets":	15,
				"omitted":	false,
				"sender":	true
			}
		}, {
			"streams":	[{
					"socket":	7,
					"start":	4.000163,
					"end":	5.000175,
					"seconds":	1.0000120401382446,
					"bytes":	17376,
					"bits_per_second":	139006.32634461395,
					"packets":	12,
					"omitted":	false,
					"sender":	true
				}],
			"sum":	{
				"start":	4.000163,
				"end":	5.000175,
				"seconds":	1.0000120401382446,
				"bytes":	17376,
				"bits_per_second":	139006.32634461395,
				"packets":	12,
				"omitted":	false,
				"sender":	true
			}
		}, {
			"streams":	[{
					"socket":	7,
					"start":	5.000175,
					"end":	6.000047,
					"seconds":	0.99987202882766724,
					"bytes":	18824,
					"bits_per_second":	150611.27390128767,
					"packets":	13,
					"omitted":	false,
					"sender":	true
				}],
			"sum":	{
				"start":	5.000175,
				"end":	6.000047,
				"seconds":	0.99987202882766724,
				"bytes":	18824,
				"bits_per_second":	150611.27390128767,
				"packets":	13,
				"omitted":	false,
				"sender":	true
			}
		}, {
			"streams":	[{
					"socket":	7,
					"start":	6.000047,
					"end":	7.000013,
					"seconds":	0.999966025352478,
					"bytes":	20272,
					"bits_per_second":	162181.51005963885,
					"packets":	14,
					"omitted":	false,
					"sender":	true
				}],
			"sum":	{
				"start":	6.000047,
				"end":	7.000013,
				"seconds":	0.999966025352478,
				"bytes":	20272,
				"bits_per_second":	162181.51005963885,
				"packets":	14,
				"omitted":	false,
				"sender":	true
			}
		}, {
			"streams":	[{
					"socket":	7,
					"start":	7.000013,
					"end":	8.000016,
					"seconds":	1.0000029802322388,
					"bytes":	18824,
					"bits_per_second":	150591.55120220422,
					"packets":	13,
					"omitted":	false,
					"sender":	true
				}],
			"sum":	{
				"start":	7.000013,
				"end":	8.000016,
				"seconds":	1.0000029802322388,
				"bytes":	18824,
				"bits_per_second":	150591.55120220422,
				"packets":	13,
				"omitted":	false,
				"sender":	true
			}
		}, {
			"streams":	[{
					"socket":	7,
					"start":	8.000016,
					"end":	9.000172,
					"seconds":	1.000156044960022,
					"bytes":	20272,
					"bits_per_second":	162150.69720093775,
					"packets":	14,
					"omitted":	false,
					"sender":	true
				}],
			"sum":	{
				"start":	8.000016,
				"end":	9.000172,
				"seconds":	1.000156044960022,
				"bytes":	20272,
				"bits_per_second":	162150.69720093775,
				"packets":	14,
				"omitted":	false,
				"sender":	true
			}
		}, {
			"streams":	[{
					"socket":	7,
					"start":	9.000172,
					"end":	10.000027,
					"seconds":	0.99985498189926147,
					"bytes":	18824,
					"bits_per_second":	150613.84173327309,
					"packets":	13,
					"omitted":	false,
					"sender":	true
				}],
			"sum":	{
				"start":	9.000172,
				"end":	10.000027,
				"seconds":	0.99985498189926147,
				"bytes":	18824,
				"bits_per_second":	150613.84173327309,
				"packets":	13,
				"omitted":	false,
				"sender":	true
			}
		}, {
			"streams":	[{
					"socket":	7,
					"start":	10.000027,
					"end":	11.000109,
					"seconds":	1.0000820159912109,
					"bytes":	21720,
					"bits_per_second":	173745.7500700893,
					"packets":	15,
					"omitted":	false,
					"sender":	true
				}],
			"sum":	{
				"start":	10.000027,
				"end":	11.000109,
				"seconds":	1.0000820159912109,
				"bytes":	21720,
				"bits_per_second":	173745.7500700893,
				"packets":	15,
				"omitted":	false,
				"sender":	true
			}
		}, {
			"streams":	[{
					"socket":	7,
					"start":	11.000109,
					"end":	12.000319,
					"seconds":	1.0002100467681885,
					"bytes":	17376,
					"bits_per_second":	138978.8079505433,
					"packets":	12,
					"omitted":	false,
					"sender":	true
				}],
			"sum":	{
				"start":	11.000109,
				"end":	12.000319,
				"seconds":	1.0002100467681885,
				"bytes":	17376,
				"bits_per_second":	138978.8079505433,
				"packets":	12,
				"omitted":	false,
				"sender":	true
			}
		}, {
			"streams":	[{
					"socket":	7,
					"start":	12.000319,
					"end":	13.000167,
					"seconds":	0.99984800815582275,
					"bytes":	20272,
					"bits_per_second":	162200.65317640302,
					"packets":	14,
					"omitted":	false,
					"sender":	true
				}],
			"sum":	{
				"start":	12.000319,
				"end":	13.000167,
				"seconds":	0.99984800815582275,
				"bytes":	20272,
				"bits_per_second":	162200.65317640302,
				"packets":	14,
				"omitted":	false,
				"sender":	true
			}
		}, {
			"streams":	[{
					"socket":	7,
					"start":	13.000167,
					"end":	14.000088,
					"seconds":	0.99992102384567261,
					"bytes":	18824,
					"bits_per_second":	150603.89411638404,
					"packets":	13,
					"omitted":	false,
					"sender":	true
				}],
			"sum":	{
				"start":	13.000167,
				"end":	14.000088,
				"seconds":	0.99992102384567261,
				"bytes":	18824,
				"bits_per_second":	150603.89411638404,
				"packets":	13,
				"omitted":	false,
				"sender":	true
			}
		}, {
			"streams":	[{
					"socket":	7,
					"start":	14.000088,
					"end":	15.000084,
					"seconds":	0.9999960064888,
					"bytes":	20272,
					"bits_per_second":	162176.64765425879,
					"packets":	14,
					"omitted":	false,
					"sender":	true
				}],
			"sum":	{
				"start":	14.000088,
				"end":	15.000084,
				"seconds":	0.9999960064888,
				"bytes":	20272,
				"bits_per_second":	162176.64765425879,
				"packets":	14,
				"omitted":	false,