{
	"start":	{
		"connected":	[{
				"socket":	7,
				"local_host":	"192.168.42.4",
				"local_port":	57650,
				"remote_host":	"192.168.42.1",
				"remote_port":	5203
			}],
		"version":	"iperf 3.7",
		"system_info":	"Linux rathan-VirtualBox 5.4.0-177-generic #197-Ubuntu SMP Thu Mar 28 22:45:47 UTC 2024 x86_64",
		"timestamp":	{
			"time":	"Thu, 07 Nov 2024 08:56:32 GMT",
			"timesecs":	1730969792
		},
		"connecting_to":	{
			"host":	"192.168.42.1",
			"port":	5203
		},
		"cookie":	"wxo5qpvdur4awj36m5qivldgyztgr3432bbh",
		"sock_bufsize":	0,
		"sndbuf_actual":	212992,
		"rcvbuf_actual":	212992,
		"test_start":	{
			"protocol":	"UDP",
			"num_streams":	1,
			"blksize":	1448,
			"omit":	0,
			"duration":	30,
			"bytes":	0,
			"blocks":	0,
			"reverse":	0,
			"tos":	0
		}
	},
	"intervals":	[{
			"streams":	[{
					"socket":	7,
					"start":	0,
					"end":	2.120239,
					"seconds":	2.1202390193939209,
					"bytes":	1448,
					"bits_per_second":	5463.5349571631477,
					"packets":	1,
					"omitted":	false,
					"sender":	true
				}],
			"sum":	{
				"start":	0,
				"end":	2.120239,
				"seconds":	2.1202390193939209,
				"bytes":	1448,
				"bits_per_second":	5463.5349571631477,
				"packets":	1,
				"omitted":	false,
				"sender":	true
			}
		}, {
			"streams":	[{
					"socket":	7,
					"start":	2.120247,
					"end":	3.0001,
					"seconds":	0.8798530101776123,
					"bytes":	110048,
					"bits_per_second":	1000603.4983301137,
					"packets":	76,
					"omitted":	false,
					"sender":	true
				}],
			"sum":	{
				"start":	2.120247,
				"end":	3.0001,
				"seconds":	0.8798530101776123,
				"bytes":	110048,
				"bits_per_second":	1000603.4983301137,
				"packets":	76,
				"omitted":	false,
				"sender":	true
			}
		}, {
			"streams":	[{
					"socket":	7,
					"start":	3.0001,
					"end":	4.000126,
					"seconds":	1.0000259876251221,
					"bytes":	0,
					"bits_per_second":	0,
					"packets":	0,
					"omitted":	false,
					"sender":	true
				}],
			"sum":	{
				"start":	3.0001,
				"end":	4.000126,
				"seconds":	1.0000259876251221,
				"bytes":	0,
				"bits_per_second":	0,
				"packets":	0,
				"omitted":	false,
				"sender":	true
			}
		}, {
			"streams":	[{
					"socket":	7,
					"start":	4.000126,
					"end":	5.000048,
					"seconds":	0.999921977519989,
					"bytes":	0,
					"bits_per_second":	0,
					"packets":	0,
					"omitted":	false,
					"sender":	true
				}],
			"sum":	{
				"start":	4.000126,
				"end":	5.000048,
				"seconds":	0.999921977519989,
				"bytes":	0,
				"bits_per_second":	0,
				"packets":	0,
				"omitted":	false,
				"sender":	true
			}
		}, {
			"streams":	[{
					"socket":	7,
					"start":	5.000048,
					"end":	6.000102,
					"seconds":	1.0000540018081665,
					"bytes":	68056,
					"bits_per_second":	544418.60041117831,
					"packets":	47,
					"omitted":	false,
					"sender":	true
				}],
			"sum":	{
				"start":	5.000048,
				"end":	6.000102,
				"seconds":	1.0000540018081665,
				"bytes":	68056,
				"bits_per_second":	544418.60041117831,
				"packets":	47,
				"omitted":	false,
				"sender":	true
			}
		}, {
			"streams":	[{
					"socket":	7,
					"start":	6.000102,
					"end":	7.000195,
					"seconds":	1.0000929832458496,
					"bytes":	0,
					"bits_per_second":	0,
					"packets":	0,
					"omitted":	false,
					"sender":	true
				}],
			"sum":	{
				"start":	6.000102,
				"end":	7.000195,
				"seconds":	1.0000929832458496,
				"bytes":	0,
				"bits_per_second":	0,
				"packets":	0,
				"omitted":	false,
				"sender":	true
			}
		}, {
			"streams":	[{
					"socket":	7,
					"start":	7.000195,
					"end":	8.000268,
					"seconds":	1.0000729560852051,
					"bytes":	0,
					"bits_per_second":	0,
					"packets":	0,
					"omitted":	false,
					"sender":	true
				}],
			"sum":	{
				"start":	7.000195,
				"end":	8.000268,
				"seconds":	1.0000729560852051,
				"bytes":	0,
				"bits_per_second":	0,
				"packets":	0,
				"omitted":	false,
				"sender":	true
			}
		}, {
			"streams":	[{
					"socket":	7,
					"start":	8.000268,
					"end":	9.000109,
					"seconds":	0.99984097480773926,
					"bytes":	0,
					"bits_per_second":	0,
					"packets":	0,
					"omitted":	false,
					"sender":	true
				}],
			"sum":	{
				"start":	8.000268,
				"end":	9.000109,
				"seconds":	0.99984097480773926,
				"bytes":	0,
				"bits_per_second":	0,
				"packets":	0,
				"omitted":	false,
				"sender":	true
			}
		}, {
			"streams":	[{
					"socket":	7,
					"start":	9.000109,
					"end":	10.000144,
					"seconds":	1.0000350475311279,
					"bytes":	68056,
					"bits_per_second":	544428.9191105105,
					"packets":	47,
					"omitted":	false,
					"sender":	true
				}],
			"sum":	{
				"start":	9.000109,
				"end":	10.000144,
				"seconds":	1.0000350475311279,
				"bytes":	68056,
				"bits_per_second":	544428.9191105105,
				"packets":	47,
				"omitted":	false,
				"sender":	true
			}
		}, {
			"streams":	[{
					"socket":	7,
					"start":	10.000144,
					"end":	11.000054,
					"seconds":	0.99990999698638916,
					"bytes":	0,
					"bits_per_second":	0,
					"packets":	0,
					"omitted":	false,
					"sender":	true
				}],
			"sum":	{
				"start":	10.000144,
				"end":	11.000054,
				"seconds":	0.99990999698638916,
				"bytes":	0,
				"bits_per_second":	0,
				"packets":	0,
				"omitted":	false,
				"sender":	true
			}
		}, {
			"streams":	[{
					"socket":	7,
					"start":	11.000054,
					"end":	12.000104,
					"seconds":	1.0000499486923218,
					"bytes":	0,
					"bits_per_second":	0,
					"packets":	0,
					"omitted":	false,
					"sender":	true
				}],
			"sum":	{
				"start":	11.000054,
				"end":	12.000104,
				"seconds":	1.0000499486923218,
				"bytes":	0,
				"bits_per_second":	0,
				"packets":	0,
				"omitted":	false,
				"sender":	true
			}
		}, {
			"streams":	[{
					"socket":	7,
					"start":	12.000104,
					"end":	13.000192,
					"seconds":	1.0000879764556885,
					"bytes":	68056,
					"bits_per_second":	544400.1056082322,
					"packets":	47,
					"omitted":	false,
					"sender":	true
				}],
			"sum":	{
				"start":	12.000104,
				"end":	13.000192,
				"seconds":	1.0000879764556885,
				"bytes":	68056,
				"bits_per_second":	544400.1056082322,
				"packets":	47,
				"omitted":	false,
				"sender":	true
			}
		}, {
			"streams":	[{
					"socket":	7,
					"start":	13.000192,
					"end":	14.000106,
					"seconds":	0.99991399049758911,
					"bytes":	0,
					"bits_per_second":	0,
					"packets":	0,
					"omitted":	false,
					"sender":	true
				}],
			"sum":	{
				"start":	13.000192,
				"end":	14.000106,
				"seconds":	0.99991399049758911,
				"bytes":	0,
				"bits_per_second":	0,
				"packets":	0,
				"omitted":	false,
				"sender":	true
			}
		}, {
			"streams":	[{
					"socket":	7,
					"start":	14.000106,
					"end":	15.000205,
					"seconds":	1.0000989437103271,
					"bytes":	0,
					"bits_per_second":	0,
					"packets":	0,
					"omitted":	false,
					"sender":	true
				}],
			"sum":	{
				"start":	14.000106,
				"end":	15.000205,
				"seconds":	1.0000989437103271,
				"bytes":	0,
				"bits_per_second":	0,
				"packets":	0,
				"omitted":	false,
				"sender":	true
			}
		}, {
			"streams":	[{
					"socket":	7,
					"start":	15.000205,
					"end":	16.000098,
					"seconds":	0.99989300966262817,
					"bytes":	0,
					"bits_per_second":	0,
					"packets":	0,
					"omitted":	false,
					"sender":	true
				}],
			"sum":	{
				"start":	15.000205,
				"end":	16.000098,
				"seconds":	0.99989300966262817,
				"bytes":	0,
				"bits_per_second":	0,
				"packets":	0,
				"omitted":	false,
				"sender":	true
			}
		}, {
			"streams":	[{
					"socket":	7,
					"start":	16.000098,
					"end":	17.000083,
					"seconds":	0.9999849796295166,
					"bytes":	68056,
					"bits_per_second":	544456.17793350457,
					"packets":	47,
					"omitted":	false,
					"sender":	true
				}],
			"sum":	{
				"start":	16.000098,
				"end":	17.000083,
				"seconds":	0.9999849796295166,
				"bytes":	68056,
				"bits_per_second":	544456.17793350457,
				"packets":	47,