{
	"start":	{
		"connected":	[{
				"socket":	7,
				"local_host":	"192.168.42.5",
				"local_port":	47382,
				"remote_host":	"192.168.42.1",
				"remote_port":	5204
			}],
		"version":	"iperf 3.7",
		"system_info":	"Linux rathan-VirtualBox 5.4.0-177-generic #197-Ubuntu SMP Thu Mar 28 22:45:47 UTC 2024 x86_64",
		"timestamp":	{
			"time":	"Thu, 07 Nov 2024 08:56:32 GMT",
			"timesecs":	1730969792
		},
		"connecting_to":	{
			"host":	"192.168.42.1",
			"port":	5204
		},
		"cookie":	"k7pfzycm5xtfj6c6w72mb2n5gpdi2p5dc5k7",
		"sock_bufsize":	0,
		"sndbuf_actual":	212992,
		"rcvbuf_actual":	212992,
		"test_start":	{
			"protocol":	"UDP",
			"num_streams":	1,
			"blksize":	1448,
			"omit":	0,
			"duration":	30,
			"bytes":	0,
			"blocks":	0,
			"reverse":	0,
			"tos":	0
		}
	},
	"intervals":	[{
			"streams":	[{
					"socket":	7,
					"start":	0,
					"end":	1.000014,
					"seconds":	1.0000139474868774,
					"bytes":	88328,
					"bits_per_second":	706614.14450849209,
					"packets":	61,
					"omitted":	false,
					"sender":	true
				}],
			"sum":	{
				"start":	0,
				"end":	1.000014,
				"seconds":	1.0000139474868774,
				"bytes":	88328,
				"bits_per_second":	706614.14450849209,
				"packets":	61,
				"omitted":	false,
				"sender":	true
			}
		}, {
			"streams":	[{
					"socket":	7,
					"start":	1.000014,
					"end":	2.000268,
					"seconds":	1.0002540349960327,
					"bytes":	20272,
					"bits_per_second":	162134.81208365556,
					"packets":	14,
					"omitted":	false,
					"sender":	true
				}],
			"sum":	{
				"start":	1.000014,
				"end":	2.000268,
				"seconds":	1.0002540349960327,
				"bytes":	20272,
				"bits_per_second":	162134.81208365556,
				"packets":	14,
				"omitted":	false,
				"sender":	true
			}
		}, {
			"streams":	[{
					"socket":	7,
					"start":	2.000268,
					"end":	3.000167,
					"seconds":	0.99989902973175049,
					"bytes":	18824,
					"bits_per_second":	150607.20685007595,
					"packets":	13,
					"omitted":	false,
					"sender":	true
				}],
			"sum":	{
				"start":	2.000268,
				"end":	3.000167,
				"seconds":	0.99989902973175049,
				"bytes":	18824,
				"bits_per_second":	150607.20685007595,
				"packets":	13,
				"omitted":	false,
				"sender":	true
			}
		}, {
			"streams":	[{
					"socket":	7,
					"start":	3.000167,
					"end":	4.000408,
					"seconds":	1.0002410411834717,
					"bytes":	21720,
					"bits_per_second":	173718.12677713117,
					"packets":	15,
					"omitted":	false,
					"sender":	true
				}],
			"sum":	{
				"start":	3.000167,
				"end":	4.000408,
				"seconds":	1.0002410411834717,
				"bytes":	21720,
				"bits_per_second":	173718.12677713117,
				"packets":	15,
				"omitted":	false,
				"sender":	true
			}
		}, {
			"streams":	[{
					"socket":	7,
					"start":	4.000408,
					"end":	5.000058,
					"seconds":	0.99965000152587891,
					"bytes":	17376,
					"bits_per_second":	139056.66962218413,
					"packets":	12,
					"omitted":	false,
					"sender":	true
				}],
			"sum":	{
				"start":	4.000408,
				"end":	5.000058,
				"seconds":	0.99965000152587891,
				"bytes":	17376,
				"bits_per_second":	139056.66962218413,
				"packets":	12,
				"omitted":	false,
				"sender":	true
			}
		}, {
			"streams":	[{
					"socket":	7,
					"start":	5.000058,
					"end":	6.000212,
					"seconds":	1.0001540184020996,
					"bytes":	20272,
					"bits_per_second":	162151.02575811392,
					"packets":	14,
					"omitted":	false,
					"sender":	true
				}],
			"sum":	{
				"start":	5.000058,
				"end":	6.000212,
				"seconds":	1.0001540184020996,
				"bytes":	20272,
				"bits_per_second":	162151.02575811392,
				"packets":	14,
				"omitted":	false,
				"sender":	true
			}
		}, {
			"streams":	[{
					"socket":	7,
					"start":	6.000212,
					"end":	7.000065,
					"seconds":	0.99985301494598389,
					"bytes":	18824,
					"bits_per_second":	150614.13802721351,
					"packets":	13,
					"omitted":	false,
					"sender":	true
				}],
			"sum":	{
				"start":	6.000212,
				"end":	7.000065,
				"seconds":	0.99985301494598389,
				"bytes":	18824,
				"bits_per_second":	150614.13802721351,
				"packets":	13,
				"omitted":	false,
				"sender":	true
			}
		}, {
			"streams":	[{
					"socket":	7,
					"start":	7.000065,
					"end":	8.000038,
					"seconds":	0.99997299909591675,
					"bytes":	20272,
					"bits_per_second":	162180.37901685803,
					"packets":	14,
					"omitted":	false,
					"sender":	true
				}],
			"sum":	{
				"start":	7.000065,
				"end":	8.000038,
				"seconds":	0.99997299909591675,
				"bytes":	20272,
				"bits_per_second":	162180.37901685803,
				"packets":	14,
				"omitted":	false,
				"sender":	true
			}
		}, {
			"streams":	[{
					"socket":	7,
					"start":	8.000038,
					"end":	9.000034,
					"seconds":	0.9999960064888,
					"bytes":	18824,
					"bits_per_second":	150592.6013932403,
					"packets":	13,
					"omitted":	false,
					"sender":	true
				}],
			"sum":	{
				"start":	8.000038,
				"end":	9.000034,
				"seconds":	0.9999960064888,
				"bytes":	18824,
				"bits_per_second":	150592.6013932403,
				"packets":	13,
				"omitted":	false,
				"sender":	true
			}
		}, {
			"streams":	[{
					"socket":	7,
					"start":	9.000034,
					"end":	10.000251,
					"seconds":	1.0002169609069824,
					"bytes":	20272,
					"bits_per_second":	162140.82178024767,
					"packets":	14,
					"omitted":	false,
					"sender":	true
				}],
			"sum":	{
				"start":	9.000034,
				"end":	10.000251,
				"seconds":	1.0002169609069824,
				"bytes":	20272,
				"bits_per_second":	162140.82178024767,
				"packets":	14,
				"omitted":	false,
				"sender":	true
			}
		}, {
			"streams":	[{
					"socket":	7,
					"start":	10.000251,
					"end":	11.000123,
					"seconds":	0.99987202882766724,
					"bytes":	21720,
					"bits_per_second":	173782.23911687039,
					"packets":	15,
					"omitted":	false,
					"sender":	true
				}],
			"sum":	{
				"start":	10.000251,
				"end":	11.000123,
				"seconds":	0.99987202882766724,
				"bytes":	21720,
				"bits_per_second":	173782.23911687039,
				"packets":	15,
				"omitted":	false,
				"sender":	true
			}
		}, {
			"streams":	[{
					"socket":	7,
					"start":	11.000123,
					"end":	12.000107,
					"seconds":	0.9999840259552002,
					"bytes":	17376,
					"bits_per_second":	139010.22055549079,
					"packets":	12,
					"omitted":	false,
					"sender":	true
				}],
			"sum":	{
				"start":	11.000123,
				"end":	12.000107,
				"seconds":	0.9999840259552002,
				"bytes":	17376,
				"bits_per_second":	139010.22055549079,
				"packets":	12,
				"omitted":	false,
				"sender":	true
			}
		}, {
			"streams":	[{
					"socket":	7,
					"start":	12.000107,
					"end":	13.000136,
					"seconds":	1.0000289678573608,
					"bytes":	18824,
					"bits_per_second":	150587.63779878794,
					"packets":	13,
					"omitted":	false,
					"sender":	true
				}],
			"sum":	{
				"start":	12.000107,
				"end":	13.000136,
				"seconds":	1.0000289678573608,
				"bytes":	18824,
				"bits_per_second":	150587.63779878794,
				"packets":	13,
				"omitted":	false,
				"sender":	true
			}
		}, {
			"streams":	[{
					"socket":	7,
					"start":	13.000136,
					"end":	14.000151,
					"seconds":	1.0000150203704834,
					"bytes":	18824,
					"bits_per_second":	150589.73808634296,
					"packets":	13,
					"omitted":	false,
					"sender":	true
				}],
			"sum":	{
				"start":	13.000136,
				"end":	14.000151,
				"seconds":	1.0000150203704834,
				"bytes":	18824,
				"bits_per_second":	150589.73808634296,
				"packets":	13,
				"omitted":	false,
				"sender":	true
			}
		}, {
			"streams":	[{
					"socket":	7,
					"start":	14.000151,
					"end":	15.00009,
					"seconds":	0.99993902444839478,
					"bytes":	20272,
					"bits_per_second":	162185.88937406716,
					"packets":	14,
					"omitted":	false,
					"sender":	true
				}],
			"sum":	{
				"start":	14.000151,
				"end":	15.00009,
				"seconds":	0.99993902444839478,
				"bytes":	20272,
				"bits_per_second":	162185.88937406716,
				"packets":	14,
				"omitted":	false,