{
	"start":	{
		"connected":	[{
				"socket":	7,
				"local_host":	"192.168.42.6",
				"local_port":	49111,
				"remote_host":	"192.168.42.1",
				"remote_port":	5205
			}],
		"version":	"iperf 3.7",
		"system_info":	"Linux rathan-VirtualBox 5.4.0-177-generic #197-Ubuntu SMP Thu Mar 28 22:45:47 UTC 2024 x86_64",
		"timestamp":	{
			"time":	"Thu, 07 Nov 2024 08:56:32 GMT",
			"timesecs":	1730969792
		},
		"connecting_to":	{
			"host":	"192.168.42.1",
			"port":	5205
		},
		"cookie":	"7mw25grvmpvb2thvwhzcfkk6433tfhzuzlwq",
		"sock_bufsize":	0,
		"sndbuf_actual":	212992,
		"rcvbuf_actual":	212992,
		"test_start":	{
			"protocol":	"UDP",
			"num_streams":	1,
			"blksize":	1448,
			"omit":	0,
			"duration":	30,
			"bytes":	0,
			"blocks":	0,
			"reverse":	0,
			"tos":	0
		}
	},
	"intervals":	[{
			"streams":	[{
					"socket":	7,
					"start":	0,
					"end":	1.000032,
					"seconds":	1.0000319480895996,
					"bytes":	86880,
					"bits_per_second":	695017.79550919577,
					"packets":	60,
					"omitted":	false,
					"sender":	true
				}],
			"sum":	{
				"start":	0,
				"end":	1.000032,
				"seconds":	1.0000319480895996,
				"bytes":	86880,
				"bits_per_second":	695017.79550919577,
				"packets":	60,
				"omitted":	false,
				"sender":	true
			}
		}, {
			"streams":	[{
					"socket":	7,
					"start":	1.000032,
					"end":	2.000245,
					"seconds":	1.0002130270004272,
					"bytes":	20272,
					"bits_per_second":	162141.45949123969,
					"packets":	14,
					"omitted":	false,
					"sender":	true
				}],
			"sum":	{
				"start":	1.000032,
				"end":	2.000245,
				"seconds":	1.0002130270004272,
				"bytes":	20272,
				"bits_per_second":	162141.45949123969,
				"packets":	14,
				"omitted":	false,
				"sender":	true
			}
		}, {
			"streams":	[{
					"socket":	7,
					"start":	2.000245,
					"end":	3.000252,
					"seconds":	1.0000070333480835,
					"bytes":	18824,
					"bits_per_second":	150590.94084149483,
					"packets":	13,
					"omitted":	false,
					"sender":	true
				}],
			"sum":	{
				"start":	2.000245,
				"end":	3.000252,
				"seconds":	1.0000070333480835,
				"bytes":	18824,
				"bits_per_second":	150590.94084149483,
				"packets":	13,
				"omitted":	false,
				"sender":	true
			}
		}, {
			"streams":	[{
					"socket":	7,
					"start":	3.000252,
					"end":	4.000341,
					"seconds":	1.0000890493392944,
					"bytes":	21720,
					"bits_per_second":	173744.52816456094,
					"packets":	15,
					"omitted":	false,
					"sender":	true
				}],
			"sum":	{
				"start":	3.000252,
				"end":	4.000341,
				"seconds":	1.0000890493392944,
				"bytes":	21720,
				"bits_per_second":	173744.52816456094,
				"packets":	15,
				"omitted":	false,
				"sender":	true
			}
		}, {
			"streams":	[{
					"socket":	7,
					"start":	4.000341,
					"end":	5.000089,
					"seconds":	0.99974799156188965,
					"bytes":	17376,
					"bits_per_second":	139043.04001934538,
					"packets":	12,
					"omitted":	false,
					"sender":	true
				}],
			"sum":	{
				"start":	4.000341,
				"end":	5.000089,
				"seconds":	0.99974799156188965,
				"bytes":	17376,
				"bits_per_second":	139043.04001934538,
				"packets":	12,
				"omitted":	false,
				"sender":	true
			}
		}, {
			"streams":	[{
					"socket":	7,
					"start":	5.000089,
					"end":	6.000145,
					"seconds":	1.0000560283660889,
					"bytes":	20272,
					"bits_per_second":	162166.91405277196,
					"packets":	14,
					"omitted":	false,
					"sender":	true
				}],
			"sum":	{
				"start":	5.000089,
				"end":	6.000145,
				"seconds":	1.0000560283660889,
				"bytes":	20272,
				"bits_per_second":	162166.91405277196,
				"packets":	14,
				"omitted":	false,
				"sender":	true
			}
		}, {
			"streams":	[{
					"socket":	7,
					"start":	6.000145,
					"end":	7.000151,
					"seconds":	1.0000059604644775,
					"bytes":	20272,
					"bits_per_second":	162175.03336147452,
					"packets":	14,
					"omitted":	false,
					"sender":	true
				}],
			"sum":	{
				"start":	6.000145,
				"end":	7.000151,
				"seconds":	1.0000059604644775,
				"bytes":	20272,
				"bits_per_second":	162175.03336147452,
				"packets":	14,
				"omitted":	false,
				"sender":	true
			}
		}, {
			"streams":	[{
					"socket":	7,
					"start":	7.000151,
					"end":	8.000214,
					"seconds":	1.0000629425048828,
					"bytes":	18824,
					"bits_per_second":	150582.52195887634,
					"packets":	13,
					"omitted":	false,
					"sender":	true
				}],
			"sum":	{
				"start":	7.000151,
				"end":	8.000214,
				"seconds":	1.0000629425048828,
				"bytes":	18824,
				"bits_per_second":	150582.52195887634,
				"packets":	13,
				"omitted":	false,
				"sender":	true
			}
		}, {
			"streams":	[{
					"socket":	7,
					"start":	8.000214,
					"end":	9.000044,
					"seconds":	0.99983000755310059,
					"bytes":	18824,
					"bits_per_second":	150617.60385502543,
					"packets":	13,
					"omitted":	false,
					"sender":	true
				}],
			"sum":	{
				"start":	8.000214,
				"end":	9.000044,
				"seconds":	0.99983000755310059,
				"bytes":	18824,
				"bits_per_second":	150617.60385502543,
				"packets":	13,
				"omitted":	false,
				"sender":	true
			}
		}, {
			"streams":	[{
					"socket":	7,
					"start":	9.000044,
					"end":	10.00002,
					"seconds":	0.99997597932815552,
					"bytes":	20272,
					"bits_per_second":	162179.89567005367,
					"packets":	14,
					"omitted":	false,
					"sender":	true
				}],
			"sum":	{
				"start":	9.000044,
				"end":	10.00002,
				"seconds":	0.99997597932815552,
				"bytes":	20272,
				"bits_per_second":	162179.89567005367,
				"packets":	14,
				"omitted":	false,
				"sender":	true
			}
		}, {
			"streams":	[{
					"socket":	7,
					"start":	10.00002,
					"end":	11.000019,
					"seconds":	0.99999898672103882,
					"bytes":	21720,
					"bits_per_second":	173760.1760675307,
					"packets":	15,
					"omitted":	false,
					"sender":	true
				}],
			"sum":	{
				"start":	10.00002,
				"end":	11.000019,
				"seconds":	0.99999898672103882,
				"bytes":	21720,
				"bits_per_second":	173760.1760675307,
				"packets":	15,
				"omitted":	false,
				"sender":	true
			}
		}, {
			"streams":	[{
					"socket":	7,
					"start":	11.000019,
					"end":	12.000176,
					"seconds":	1.0001569986343384,
					"bytes":	17376,
					"bits_per_second":	138986.17935964864,
					"packets":	12,
					"omitted":	false,
					"sender":	true
				}],
			"sum":	{
				"start":	11.000019,
				"end":	12.000176,
				"seconds":	1.0001569986343384,
				"bytes":	17376,
				"bits_per_second":	138986.17935964864,
				"packets":	12,
				"omitted":	false,
				"sender":	true
			}
		}, {
			"streams":	[{
					"socket":	7,
					"start":	12.000176,
					"end":	13.000023,
					"seconds":	0.99984699487686157,
					"bytes":	18824,
					"bits_per_second":	150615.04487348738,
					"packets":	13,
					"omitted":	false,
					"sender":	true
				}],
			"sum":	{
				"start":	12.000176,
				"end":	13.000023,
				"seconds":	0.99984699487686157,
				"bytes":	18824,
				"bits_per_second":	150615.04487348738,
				"packets":	13,
				"omitted":	false,
				"sender":	true
			}
		}, {
			"streams":	[{
					"socket":	7,
					"start":	13.000023,
					"end":	14.00017,
					"seconds":	1.0001469850540161,
					"bytes":	20272,
					"bits_per_second":	162152.16605511357,
					"packets":	14,
					"omitted":	false,
					"sender":	true
				}],
			"sum":	{
				"start":	13.000023,
				"end":	14.00017,
				"seconds":	1.0001469850540161,
				"bytes":	20272,
				"bits_per_second":	162152.16605511357,
				"packets":	14,
				"omitted":	false,
				"sender":	true
			}
		}, {
			"streams":	[{
					"socket":	7,
					"start":	14.00017,
					"end":	15.000103,
					"seconds":	0.99993300437927246,
					"bytes":	18824,
					"bits_per_second":	150602.089680481,
					"packets":	13,
					"omitted":	false,
					"sender":	true
				}],
			"sum":	{
				"start":	14.00017,
				"end":	15.000103,
				"seconds":	0.99993300437927246,
				"bytes":	18824,
				"bits_per_second":	150602.089680481,
				"packets":	13,
				"omitted":	false,