{
	"start":	{
		"connected":	[{
				"socket":	7,
				"local_host":	"192.168.42.7",
				"local_port":	46515,
				"remote_host":	"192.168.42.1",
				"remote_port":	5206
			}],
		"version":	"iperf 3.7",
		"system_info":	"Linux rathan-VirtualBox 5.4.0-177-generic #197-Ubuntu SMP Thu Mar 28 22:45:47 UTC 2024 x86_64",
		"timestamp":	{
			"time":	"Thu, 07 Nov 2024 08:56:32 GMT",
			"timesecs":	1730969792
		},
		"connecting_to":	{
			"host":	"192.168.42.1",
			"port":	5206
		},
		"cookie":	"7dipcseamelm5srpv63wmqxc7axesgfzawmb",
		"sock_bufsize":	0,
		"sndbuf_actual":	212992,
		"rcvbuf_actual":	212992,
		"test_start":	{
			"protocol":	"UDP",
			"num_streams":	1,
			"blksize":	1448,
			"omit":	0,
			"duration":	30,
			"bytes":	0,
			"blocks":	0,
			"reverse":	0,
			"tos":	0
		}
	},
	"intervals":	[{
			"streams":	[{
					"socket":	7,
					"start":	0,
					"end":	1.000254,
					"seconds":	1.0002540349960327,
					"bytes":	86880,
					"bits_per_second":	694863.4803585239,
					"packets":	60,
					"omitted":	false,
					"sender":	true
				}],
			"sum":	{
				"start":	0,
				"end":	1.000254,
				"seconds":	1.0002540349960327,
				"bytes":	86880,
				"bits_per_second":	694863.4803585239,
				"packets":	60,
				"omitted":	false,
				"sender":	true
			}
		}, {
			"streams":	[{
					"socket":	7,
					"start":	1.000254,
					"end":	2.000123,
					"seconds":	0.99986898899078369,
					"bytes":	20272,
					"bits_per_second":	162197.24962536554,
					"packets":	14,
					"omitted":	false,
					"sender":	true
				}],
			"sum":	{
				"start":	1.000254,
				"end":	2.000123,
				"seconds":	0.99986898899078369,
				"bytes":	20272,
				"bits_per_second":	162197.24962536554,
				"packets":	14,
				"omitted":	false,
				"sender":	true
			}
		}, {
			"streams":	[{
					"socket":	7,
					"start":	2.000123,
					"end":	3.000119,
					"seconds":	0.9999960064888,
					"bytes":	18824,
					"bits_per_second":	150592.6013932403,
					"packets":	13,
					"omitted":	false,
					"sender":	true
				}],
			"sum":	{
				"start":	2.000123,
				"end":	3.000119,
				"seconds":	0.9999960064888,
				"bytes":	18824,
				"bits_per_second":	150592.6013932403,
				"packets":	13,
				"omitted":	false,
				"sender":	true
			}
		}, {
			"streams":	[{
					"socket":	7,
					"start":	3.000119,
					"end":	4.00008,
					"seconds":	0.99996101856231689,
					"bytes":	21720,
					"bits_per_second":	173766.77367865955,
					"packets":	15,
					"omitted":	false,
					"sender":	true
				}],
			"sum":	{
				"start":	3.000119,
				"end":	4.00008,
				"seconds":	0.99996101856231689,
				"bytes":	21720,
				"bits_per_second":	173766.77367865955,
				"packets":	15,
				"omitted":	false,
				"sender":	true
			}
		}, {
			"streams":	[{
					"socket":	7,
					"start":	4.00008,
					"end":	5.000217,
					"seconds":	1.0001369714736938,
					"bytes":	17376,
					"bits_per_second":	138988.96247698236,
					"packets":	12,
					"omitted":	false,
					"sender":	true
				}],
			"sum":	{
				"start":	4.00008,
				"end":	5.000217,
				"seconds":	1.0001369714736938,
				"bytes":	17376,
				"bits_per_second":	138988.96247698236,
				"packets":	12,
				"omitted":	false,
				"sender":	true
			}
		}, {
			"streams":	[{
					"socket":	7,
					"start":	5.000217,
					"end":	6.000114,
					"seconds":	0.99989700317382812,
					"bytes":	20272,
					"bits_per_second":	162192.70533387762,
					"packets":	14,
					"omitted":	false,
					"sender":	true
				}],
			"sum":	{
				"start":	5.000217,
				"end":	6.000114,
				"seconds":	0.99989700317382812,
				"bytes":	20272,
				"bits_per_second":	162192.70533387762,
				"packets":	14,
				"omitted":	false,
				"sender":	true
			}
		}, {
			"streams":	[{
					"socket":	7,
					"start":	6.000114,
					"end":	7.000287,
					"seconds":	1.0001729726791382,
					"bytes":	18824,
					"bits_per_second":	150565.95620316855,
					"packets":	13,
					"omitted":	false,
					"sender":	true
				}],
			"sum":	{
				"start":	6.000114,
				"end":	7.000287,
				"seconds":	1.0001729726791382,
				"bytes":	18824,
				"bits_per_second":	150565.95620316855,
				"packets":	13,
				"omitted":	false,
				"sender":	true
			}
		}, {
			"streams":	[{
					"socket":	7,
					"start":	7.000287,
					"end":	8.000058,
					"seconds":	0.999770998954773,
					"bytes":	20272,
					"bits_per_second":	162213.14698020802,
					"packets":	14,
					"omitted":	false,
					"sender":	true
				}],
			"sum":	{
				"start":	7.000287,
				"end":	8.000058,
				"seconds":	0.999770998954773,
				"bytes":	20272,
				"bits_per_second":	162213.14698020802,
				"packets":	14,
				"omitted":	false,
				"sender":	true
			}
		}, {
			"streams":	[{
					"socket":	7,
					"start":	8.000058,
					"end":	9.000227,
					"seconds":	1.000169038772583,
					"bytes":	18824,
					"bits_per_second":	150566.5484154638,
					"packets":	13,
					"omitted":	false,
					"sender":	true
				}],
			"sum":	{
				"start":	8.000058,
				"end":	9.000227,
				"seconds":	1.000169038772583,
				"bytes":	18824,
				"bits_per_second":	150566.5484154638,
				"packets":	13,
				"omitted":	false,
				"sender":	true
			}
		}, {
			"streams":	[{
					"socket":	7,
					"start":	9.000227,
					"end":	10.000049,
					"seconds":	0.99982202053070068,
					"bytes":	20272,
					"bits_per_second":	162204.86913652669,
					"packets":	14,
					"omitted":	false,
					"sender":	true
				}],
			"sum":	{
				"start":	9.000227,
				"end":	10.000049,
				"seconds":	0.99982202053070068,
				"bytes":	20272,
				"bits_per_second":	162204.86913652669,
				"packets":	14,
				"omitted":	false,
				"sender":	true
			}
		}, {
			"streams":	[{
					"socket":	7,
					"start":	10.000049,
					"end":	11.00003,
					"seconds":	0.99998098611831665,
					"bytes":	21720,
					"bits_per_second":	173763.30391490154,
					"packets":	15,
					"omitted":	false,
					"sender":	true
				}],
			"sum":	{
				"start":	10.000049,
				"end":	11.00003,
				"seconds":	0.99998098611831665,
				"bytes":	21720,
				"bits_per_second":	173763.30391490154,
				"packets":	15,
				"omitted":	false,
				"sender":	true
			}
		}, {
			"streams":	[{
					"socket":	7,
					"start":	11.00003,
					"end":	12.000173,
					"seconds":	1.0001430511474609,
					"bytes":	17376,
					"bits_per_second":	138988.11759029527,
					"packets":	12,
					"omitted":	false,
					"sender":	true
				}],
			"sum":	{
				"start":	11.00003,
				"end":	12.000173,
				"seconds":	1.0001430511474609,
				"bytes":	17376,
				"bits_per_second":	138988.11759029527,
				"packets":	12,
				"omitted":	false,
				"sender":	true
			}
		}, {
			"streams":	[{
					"socket":	7,
					"start":	12.000173,
					"end":	13.000354,
					"seconds":	1.0001809597015381,
					"bytes":	18824,
					"bits_per_second":	150564.75384708168,
					"packets":	13,
					"omitted":	false,
					"sender":	true
				}],
			"sum":	{
				"start":	12.000173,
				"end":	13.000354,
				"seconds":	1.0001809597015381,
				"bytes":	18824,
				"bits_per_second":	150564.75384708168,
				"packets":	13,
				"omitted":	false,
				"sender":	true
			}
		}, {
			"streams":	[{
					"socket":	7,
					"start":	13.000354,
					"end":	14.000022,
					"seconds":	0.99966800212860107,
					"bytes":	18824,
					"bits_per_second":	150642.012827602,
					"packets":	13,
					"omitted":	false,
					"sender":	true
				}],
			"sum":	{
				"start":	13.000354,
				"end":	14.000022,
				"seconds":	0.99966800212860107,
				"bytes":	18824,
				"bits_per_second":	150642.012827602,
				"packets":	13,
				"omitted":	false,
				"sender":	true
			}
		}, {
			"streams":	[{
					"socket":	7,
					"start":	14.000022,
					"end":	15.000115,
					"seconds":	1.0000929832458496,
					"bytes":	20272,
					"bits_per_second":	162160.92175114562,
					"packets":	14,
					"omitted":	false,
					"sender":	true
				}],
			"sum":	{
				"start":	14.000022,
				"end":	15.000115,
				"seconds":	1.0000929832458496,
				"bytes":	20272,
				"bits_per_second":	162160.92175114562,
				"packets":	14,
				"omitted":	false,