{
	"start":	{
		"connected":	[{
				"socket":	7,
				"local_host":	"192.168.42.8",
				"local_port":	51967,
				"remote_host":	"192.168.42.1",
				"remote_port":	5207
			}],
		"version":	"iperf 3.7",
		"system_info":	"Linux rathan-VirtualBox 5.4.0-177-generic #197-Ubuntu SMP Thu Mar 28 22:45:47 UTC 2024 x86_64",
		"timestamp":	{
			"time":	"Thu, 07 Nov 2024 08:56:32 GMT",
			"timesecs":	1730969792
		},
		"connecting_to":	{
			"host":	"192.168.42.1",
			"port":	5207
		},
		"cookie":	"45eln7vczzcm2rurfshkco7rqeek53nzsfu7",
		"sock_bufsize":	0,
		"sndbuf_actual":	212992,
		"rcvbuf_actual":	212992,
		"test_start":	{
			"protocol":	"UDP",
			"num_streams":	1,
			"blksize":	1448,
			"omit":	0,
			"duration":	30,
			"bytes":	0,
			"blocks":	0,
			"reverse":	0,
			"tos":	0
		}
	},
	"intervals":	[{
			"streams":	[{
					"socket":	7,
					"start":	0,
					"end":	1.00011,
					"seconds":	1.0001100301742554,
					"bytes":	86880,
					"bits_per_second":	694963.53304135834,
					"packets":	60,
					"omitted":	false,
					"sender":	true
				}],
			"sum":	{
				"start":	0,
				"end":	1.00011,
				"seconds":	1.0001100301742554,
				"bytes":	86880,
				"bits_per_second":	694963.53304135834,
				"packets":	60,
				"omitted":	false,
				"sender":	true
			}
		}, {
			"streams":	[{
					"socket":	7,
					"start":	1.00011,
					"end":	2.000263,
					"seconds":	1.0001529455184937,
					"bytes":	18824,
					"bits_per_second":	150568.9711506383,
					"packets":	13,
					"omitted":	false,
					"sender":	true
				}],
			"sum":	{
				"start":	1.00011,
				"end":	2.000263,
				"seconds":	1.0001529455184937,
				"bytes":	18824,
				"bits_per_second":	150568.9711506383,
				"packets":	13,
				"omitted":	false,
				"sender":	true
			}
		}, {
			"streams":	[{
					"socket":	7,
					"start":	2.000263,
					"end":	3.000143,
					"seconds":	0.99988001585006714,
					"bytes":	20272,
					"bits_per_second":	162195.46088449718,
					"packets":	14,
					"omitted":	false,
					"sender":	true
				}],
			"sum":	{
				"start":	2.000263,
				"end":	3.000143,
				"seconds":	0.99988001585006714,
				"bytes":	20272,
				"bits_per_second":	162195.46088449718,
				"packets":	14,
				"omitted":	false,
				"sender":	true
			}
		}, {
			"streams":	[{
					"socket":	7,
					"start":	3.000143,
					"end":	4.000241,
					"seconds":	1.0000979900360107,
					"bytes":	21720,
					"bits_per_second":	173742.974919631,
					"packets":	15,
					"omitted":	false,
					"sender":	true
				}],
			"sum":	{
				"start":	3.000143,
				"end":	4.000241,
				"seconds":	1.0000979900360107,
				"bytes":	21720,
				"bits_per_second":	173742.974919631,
				"packets":	15,
				"omitted":	false,
				"sender":	true
			}
		}, {
			"streams":	[{
					"socket":	7,
					"start":	4.000241,
					"end":	5.000267,
					"seconds":	1.0000259876251221,
					"bytes":	17376,
					"bits_per_second":	139004.38760608458,
					"packets":	12,
					"omitted":	false,
					"sender":	true
				}],
			"sum":	{
				"start":	4.000241,
				"end":	5.000267,
				"seconds":	1.0000259876251221,
				"bytes":	17376,
				"bits_per_second":	139004.38760608458,
				"packets":	12,
				"omitted":	false,
				"sender":	true
			}
		}, {
			"streams":	[{
					"socket":	7,
					"start":	5.000267,
					"end":	6.000247,
					"seconds":	0.99997997283935547,
					"bytes":	20272,
					"bits_per_second":	162179.24798985271,
					"packets":	14,
					"omitted":	false,
					"sender":	true
				}],
			"sum":	{
				"start":	5.000267,
				"end":	6.000247,
				"seconds":	0.99997997283935547,
				"bytes":	20272,
				"bits_per_second":	162179.24798985271,
				"packets":	14,
				"omitted":	false,
				"sender":	true
			}
		}, {
			"streams":	[{
					"socket":	7,
					"start":	6.000247,
					"end":	7.0001,
					"seconds":	0.99985301494598389,
					"bytes":	18824,
					"bits_per_second":	150614.13802721351,
					"packets":	13,
					"omitted":	false,
					"sender":	true
				}],
			"sum":	{
				"start":	6.000247,
				"end":	7.0001,
				"seconds":	0.99985301494598389,
				"bytes":	18824,
				"bits_per_second":	150614.13802721351,
				"packets":	13,
				"omitted":	false,
				"sender":	true
			}
		}, {
			"streams":	[{
					"socket":	7,
					"start":	7.0001,
					"end":	8.000112,
					"seconds":	1.0000120401382446,
					"bytes":	20272,
					"bits_per_second":	162174.04740204959,
					"packets":	14,
					"omitted":	false,
					"sender":	true
				}],
			"sum":	{
				"start":	7.0001,
				"end":	8.000112,
				"seconds":	1.0000120401382446,
				"bytes":	20272,
				"bits_per_second":	162174.04740204959,
				"packets":	14,
				"omitted":	false,
				"sender":	true
			}
		}, {
			"streams":	[{
					"socket":	7,
					"start":	8.000112,
					"end":	9.000262,
					"seconds":	1.0001499652862549,
					"bytes":	18824,
					"bits_per_second":	150569.4198138564,
					"packets":	13,
					"omitted":	false,
					"sender":	true
				}],
			"sum":	{
				"start":	8.000112,
				"end":	9.000262,
				"seconds":	1.0001499652862549,
				"bytes":	18824,
				"bits_per_second":	150569.4198138564,
				"packets":	13,
				"omitted":	false,
				"sender":	true
			}
		}, {
			"streams":	[{
					"socket":	7,
					"start":	9.000262,
					"end":	10.00018,
					"seconds":	0.99991798400878906,
					"bytes":	20272,
					"bits_per_second":	162189.30211637687,
					"packets":	14,
					"omitted":	false,
					"sender":	true
				}],
			"sum":	{
				"start":	9.000262,
				"end":	10.00018,
				"seconds":	0.99991798400878906,
				"bytes":	20272,
				"bits_per_second":	162189.30211637687,
				"packets":	14,
				"omitted":	false,
				"sender":	true
			}
		}, {
			"streams":	[{
					"socket":	7,
					"start":	10.00018,
					"end":	11.00011,
					"seconds":	0.99993002414703369,
					"bytes":	20272,
					"bits_per_second":	162187.34919810048,
					"packets":	14,
					"omitted":	false,
					"sender":	true
				}],
			"sum":	{
				"start":	10.00018,
				"end":	11.00011,
				"seconds":	0.99993002414703369,
				"bytes":	20272,
				"bits_per_second":	162187.34919810048,
				"packets":	14,
				"omitted":	false,
				"sender":	true
			}
		}, {
			"streams":	[{
					"socket":	7,
					"start":	11.00011,
					"end":	12.000224,
					"seconds":	1.0001139640808105,
					"bytes":	18824,
					"bits_per_second":	150574.83987678026,
					"packets":	13,
					"omitted":	false,
					"sender":	true
				}],
			"sum":	{
				"start":	11.00011,
				"end":	12.000224,
				"seconds":	1.0001139640808105,
				"bytes":	18824,
				"bits_per_second":	150574.83987678026,
				"packets":	13,
				"omitted":	false,
				"sender":	true
			}
		}, {
			"streams":	[{
					"socket":	7,
					"start":	12.000224,
					"end":	13.000088,
					"seconds":	0.99986398220062256,
					"bytes":	18824,
					"bits_per_second":	150612.48597890162,
					"packets":	13,
					"omitted":	false,
					"sender":	true
				}],
			"sum":	{
				"start":	12.000224,
				"end":	13.000088,
				"seconds":	0.99986398220062256,
				"bytes":	18824,
				"bits_per_second":	150612.48597890162,
				"packets":	13,
				"omitted":	false,
				"sender":	true
			}
		}, {
			"streams":	[{
					"socket":	7,
					"start":	13.000088,
					"end":	14.000039,
					"seconds":	0.99995100498199463,
					"bytes":	18824,
					"bits_per_second":	150599.37861926705,
					"packets":	13,
					"omitted":	false,
					"sender":	true
				}],
			"sum":	{
				"start":	13.000088,
				"end":	14.000039,
				"seconds":	0.99995100498199463,
				"bytes":	18824,
				"bits_per_second":	150599.37861926705,
				"packets":	13,
				"omitted":	false,
				"sender":	true
			}
		}, {
			"streams":	[{
					"socket":	7,
					"start":	14.000039,
					"end":	15.000113,
					"seconds":	1.000074028968811,
					"bytes":	20272,
					"bits_per_second":	162163.99516665953,
					"packets":	14,
					"omitted":	false,
					"sender":	true
				}],
			"sum":	{
				"start":	14.000039,
				"end":	15.000113,
				"seconds":	1.000074028968811,
				"bytes":	20272,
				"bits_per_second":	162163.99516665953,
				"packets":	14,
				"omitted":	false,