{
	"start":	{
		"connected":	[{
				"socket":	7,
				"local_host":	"192.168.42.9",
				"local_port":	55133,
				"remote_host":	"192.168.42.1",
				"remote_port":	5208
			}],
		"version":	"iperf 3.7",
		"system_info":	"Linux rathan-VirtualBox 5.4.0-177-generic #197-Ubuntu SMP Thu Mar 28 22:45:47 UTC 2024 x86_64",
		"timestamp":	{
			"time":	"Thu, 07 Nov 2024 08:56:32 GMT",
			"timesecs":	1730969792
		},
		"connecting_to":	{
			"host":	"192.168.42.1",
			"port":	5208
		},
		"cookie":	"l6hwh3qgymz6lbssw25pr6dpmochg7nklsae",
		"sock_bufsize":	0,
		"sndbuf_actual":	212992,
		"rcvbuf_actual":	212992,
		"test_start":	{
			"protocol":	"UDP",
			"num_streams":	1,
			"blksize":	1448,
			"omit":	0,
			"duration":	30,
			"bytes":	0,
			"blocks":	0,
			"reverse":	0,
			"tos":	0
		}
	},
	"intervals":	[{
			"streams":	[{
					"socket":	7,
					"start":	0,
					"end":	1.000259,
					"seconds":	1.0002590417861938,
					"bytes":	86880,
					"bits_per_second":	694860.00222386932,
					"packets":	60,
					"omitted":	false,
					"sender":	true
				}],
			"sum":	{
				"start":	0,
				"end":	1.000259,
				"seconds":	1.0002590417861938,
				"bytes":	86880,
				"bits_per_second":	694860.00222386932,
				"packets":	60,
				"omitted":	false,
				"sender":	true
			}
		}, {
			"streams":	[{
					"socket":	7,
					"start":	1.000259,
					"end":	2.000238,
					"seconds":	0.99997901916503906,
					"bytes":	18824,
					"bits_per_second":	150595.15961218975,
					"packets":	13,
					"omitted":	false,
					"sender":	true
				}],
			"sum":	{
				"start":	1.000259,
				"end":	2.000238,
				"seconds":	0.99997901916503906,
				"bytes":	18824,
				"bits_per_second":	150595.15961218975,
				"packets":	13,
				"omitted":	false,
				"sender":	true
			}
		}, {
			"streams":	[{
					"socket":	7,
					"start":	2.000238,
					"end":	3.000058,
					"seconds":	0.99981999397277832,
					"bytes":	20272,
					"bits_per_second":	162205.19791327108,
					"packets":	14,
					"omitted":	false,
					"sender":	true
				}],
			"sum":	{
				"start":	2.000238,
				"end":	3.000058,
				"seconds":	0.99981999397277832,
				"bytes":	20272,
				"bits_per_second":	162205.19791327108,
				"packets":	14,
				"omitted":	false,
				"sender":	true
			}
		}, {
			"streams":	[{
					"socket":	7,
					"start":	3.000058,
					"end":	4.000028,
					"seconds":	0.999970018863678,
					"bytes":	10136,
					"bits_per_second":	81090.431183271721,
					"packets":	7,
					"omitted":	false,
					"sender":	true
				}],
			"sum":	{
				"start":	3.000058,
				"end":	4.000028,
				"seconds":	0.999970018863678,
				"bytes":	10136,
				"bits_per_second":	81090.431183271721,
				"packets":	7,
				"omitted":	false,
				"sender":	true
			}
		}, {
			"streams":	[{
					"socket":	7,
					"start":	4.000028,
					"end":	5.000246,
					"seconds":	1.0002180337905884,
					"bytes":	28960,
					"bits_per_second":	231629.49694276947,
					"packets":	20,
					"omitted":	false,
					"sender":	true
				}],
			"sum":	{
				"start":	4.000028,
				"end":	5.000246,
				"seconds":	1.0002180337905884,
				"bytes":	28960,
				"bits_per_second":	231629.49694276947,
				"packets":	20,
				"omitted":	false,
				"sender":	true
			}
		}, {
			"streams":	[{
					"socket":	7,
					"start":	5.000246,
					"end":	6.000224,
					"seconds":	0.99997800588607788,
					"bytes":	18824,
					"bits_per_second":	150595.31221045289,
					"packets":	13,
					"omitted":	false,
					"sender":	true
				}],
			"sum":	{
				"start":	5.000246,
				"end":	6.000224,
				"seconds":	0.99997800588607788,
				"bytes":	18824,
				"bits_per_second":	150595.31221045289,
				"packets":	13,
				"omitted":	false,
				"sender":	true
			}
		}, {
			"streams":	[{
					"socket":	7,
					"start":	6.000224,
					"end":	7.000089,
					"seconds":	0.99986499547958374,
					"bytes":	20272,
					"bits_per_second":	162197.89744935767,
					"packets":	14,
					"omitted":	false,
					"sender":	true
				}],
			"sum":	{
				"start":	6.000224,
				"end":	7.000089,
				"seconds":	0.99986499547958374,
				"bytes":	20272,
				"bits_per_second":	162197.89744935767,
				"packets":	14,
				"omitted":	false,
				"sender":	true
			}
		}, {
			"streams":	[{
					"socket":	7,
					"start":	7.000089,
					"end":	8.00013,
					"seconds":	1.0000410079956055,
					"bytes":	18824,
					"bits_per_second":	150585.82477715929,
					"packets":	13,
					"omitted":	false,
					"sender":	true
				}],
			"sum":	{
				"start":	7.000089,
				"end":	8.00013,
				"seconds":	1.0000410079956055,
				"bytes":	18824,
				"bits_per_second":	150585.82477715929,
				"packets":	13,
				"omitted":	false,
				"sender":	true
			}
		}, {
			"streams":	[{
					"socket":	7,
					"start":	8.00013,
					"end":	9.000022,
					"seconds":	0.999891996383667,
					"bytes":	20272,
					"bits_per_second":	162193.51748643431,
					"packets":	14,
					"omitted":	false,
					"sender":	true
				}],
			"sum":	{
				"start":	8.00013,
				"end":	9.000022,
				"seconds":	0.999891996383667,
				"bytes":	20272,
				"bits_per_second":	162193.51748643431,
				"packets":	14,
				"omitted":	false,
				"sender":	true
			}
		}, {
			"streams":	[{
					"socket":	7,
					"start":	9.000022,
					"end":	10.000038,
					"seconds":	1.0000159740447998,
					"bytes":	18824,
					"bits_per_second":	150589.59447507147,
					"packets":	13,
					"omitted":	false,
					"sender":	true
				}],
			"sum":	{
				"start":	9.000022,
				"end":	10.000038,
				"seconds":	1.0000159740447998,
				"bytes":	18824,
				"bits_per_second":	150589.59447507147,
				"packets":	13,
				"omitted":	false,
				"sender":	true
			}
		}, {
			"streams":	[{
					"socket":	7,
					"start":	10.000038,
					"end":	11.000124,
					"seconds":	1.0000859498977661,
					"bytes":	10136,
					"bits_per_second":	81081.031093666723,
					"packets":	7,
					"omitted":	false,
					"sender":	true
				}],
			"sum":	{
				"start":	10.000038,
				"end":	11.000124,
				"seconds":	1.0000859498977661,
				"bytes":	10136,
				"bits_per_second":	81081.031093666723,
				"packets":	7,
				"omitted":	false,
				"sender":	true
			}
		}, {
			"streams":	[{
					"socket":	7,
					"start":	11.000124,
					"end":	12.000033,
					"seconds":	0.999908983707428,
					"bytes":	28960,
					"bits_per_second":	231701.0885740669,
					"packets":	20,
					"omitted":	false,
					"sender":	true
				}],
			"sum":	{
				"start":	11.000124,
				"end":	12.000033,
				"seconds":	0.999908983707428,
				"bytes":	28960,
				"bits_per_second":	231701.0885740669,
				"packets":	20,
				"omitted":	false,
				"sender":	true
			}
		}, {
			"streams":	[{
					"socket":	7,
					"start":	12.000033,
					"end":	13.000121,
					"seconds":	1.0000879764556885,
					"bytes":	20272,
					"bits_per_second":	162161.73358543086,
					"packets":	14,
					"omitted":	false,
					"sender":	true
				}],
			"sum":	{
				"start":	12.000033,
				"end":	13.000121,
				"seconds":	1.0000879764556885,
				"bytes":	20272,
				"bits_per_second":	162161.73358543086,
				"packets":	14,
				"omitted":	false,
				"sender":	true
			}
		}, {
			"streams":	[{
					"socket":	7,
					"start":	13.000121,
					"end":	14.000081,
					"seconds":	0.99996000528335571,
					"bytes":	18824,
					"bits_per_second":	150598.02312526209,
					"packets":	13,
					"omitted":	false,
					"sender":	true
				}],
			"sum":	{
				"start":	13.000121,
				"end":	14.000081,
				"seconds":	0.99996000528335571,
				"bytes":	18824,
				"bits_per_second":	150598.02312526209,
				"packets":	13,
				"omitted":	false,
				"sender":	true
			}
		}, {
			"streams":	[{
					"socket":	7,
					"start":	14.000081,
					"end":	15.000106,
					"seconds":	1.0000250339508057,
					"bytes":	20272,
					"bits_per_second":	162171.94019562707,
					"packets":	14,
					"omitted":	false,
					"sender":	true
				}],
			"sum":	{
				"start":	14.000081,
				"end":	15.000106,
				"seconds":	1.0000250339508057,
				"bytes":	20272,
				"bits_per_second":	162171.94019562707,
				"packets":	14,
				"omitted":	false,