{
	"start":	{
		"connected":	[{
				"socket":	7,
				"local_host":	"192.168.42.11",
				"local_port":	55590,
				"remote_host":	"192.168.42.1",
				"remote_port":	5210
			}],
		"version":	"iperf 3.7",
		"system_info":	"Linux rathan-VirtualBox 5.4.0-177-generic #197-Ubuntu SMP Thu Mar 28 22:45:47 UTC 2024 x86_64",
		"timestamp":	{
			"time":	"Thu, 07 Nov 2024 07:57:54 GMT",
			"timesecs":	1730966274
		},
		"connecting_to":	{
			"host":	"192.168.42.1",
			"port":	5210
		},
		"cookie":	"esaclb74yagatqegw6op3paxxeifwz3x6hrk",
		"tcp_mss_default":	1448,
		"sock_bufsize":	0,
		"sndbuf_actual":	87380,
		"rcvbuf_actual":	87380,
		"test_start":	{
			"protocol":	"TCP",
			"num_streams":	1,
			"blksize":	131072,
			"omit":	0,
			"duration":	30,
			"bytes":	0,
			"blocks":	0,
			"reverse":	0,
			"tos":	0
		}
	},
	"intervals":	[{
			"streams":	[{
					"socket":	7,
					"start":	0,
					"end":	1.001554,
					"seconds":	1.001554012298584,
					"bytes":	251952,
					"bits_per_second":	2012488.5680145458,
					"retransmits":	1,
					"snd_cwnd":	23168,
					"rtt":	114636,
					"rttvar":	64913,
					"pmtu":	1500,
					"omitted":	false,
					"sender":	true
				}],
			"sum":	{
				"start":	0,
				"end":	1.001554,
				"seconds":	1.001554012298584,
				"bytes":	251952,
				"bits_per_second":	2012488.5680145458,
				"retransmits":	1,
				"omitted":	false,
				"sender":	true
			}
		}, {
			"streams":	[{
					"socket":	7,
					"start":	1.001554,
					"end":	2.001053,
					"seconds":	0.99949902296066284,
					"bytes":	195480,
					"bits_per_second":	1564623.8406193499,
					"retransmits":	1,
					"snd_cwnd":	20272,
					"rtt":	48068,
					"rttvar":	12819,
					"pmtu":	1500,
					"omitted":	false,
					"sender":	true
				}],
			"sum":	{
				"start":	1.001554,
				"end":	2.001053,
				"seconds":	0.99949902296066284,
				"bytes":	195480,
				"bits_per_second":	1564623.8406193499,
				"retransmits":	1,
				"omitted":	false,
				"sender":	true
			}
		}, {
			"streams":	[{
					"socket":	7,
					"start":	2.001053,
					"end":	3.000421,
					"seconds":	0.99936801195144653,
					"bytes":	130320,
					"bits_per_second":	1043219.302130967,
					"retransmits":	9,
					"snd_cwnd":	11584,
					"rtt":	59308,
					"rttvar":	27944,
					"pmtu":	1500,
					"omitted":	false,
					"sender":	true
				}],
			"sum":	{
				"start":	2.001053,
				"end":	3.000421,
				"seconds":	0.99936801195144653,
				"bytes":	130320,
				"bits_per_second":	1043219.302130967,
				"retransmits":	9,
				"omitted":	false,
				"sender":	true
			}
		}, {
			"streams":	[{
					"socket":	7,
					"start":	3.000421,
					"end":	4.00113,
					"seconds":	1.000709056854248,
					"bytes":	0,
					"bits_per_second":	0,
					"retransmits":	5,
					"snd_cwnd":	7240,
					"rtt":	67564,
					"rttvar":	19349,
					"pmtu":	1500,
					"omitted":	false,
					"sender":	true
				}],
			"sum":	{
				"start":	3.000421,
				"end":	4.00113,
				"seconds":	1.000709056854248,
				"bytes":	0,
				"bits_per_second":	0,
				"retransmits":	5,
				"omitted":	false,
				"sender":	true
			}
		}, {
			"streams":	[{
					"socket":	7,
					"start":	4.00113,
					"end":	5.000116,
					"seconds":	0.998986005783081,
					"bytes":	130320,
					"bits_per_second":	1043618.2228426336,
					"retransmits":	6,
					"snd_cwnd":	5792,
					"rtt":	72916,
					"rttvar":	32455,
					"pmtu":	1500,
					"omitted":	false,
					"sender":	true
				}],
			"sum":	{
				"start":	4.00113,
				"end":	5.000116,
				"seconds":	0.998986005783081,
				"bytes":	130320,
				"bits_per_second":	1043618.2228426336,
				"retransmits":	6,
				"omitted":	false,
				"sender":	true
			}
		}, {
			"streams":	[{
					"socket":	7,
					"start":	5.000116,
					"end":	6.001824,
					"seconds":	1.0017080307006836,
					"bytes":	0,
					"bits_per_second":	0,
					"retransmits":	3,
					"snd_cwnd":	4344,
					"rtt":	114463,
					"rttvar":	83827,
					"pmtu":	1500,
					"omitted":	false,
					"sender":	true
				}],
			"sum":	{
				"start":	5.000116,
				"end":	6.001824,
				"seconds":	1.0017080307006836,
				"bytes":	0,
				"bits_per_second":	0,
				"retransmits":	3,
				"omitted":	false,
				"sender":	true
			}
		}, {
			"streams":	[{
					"socket":	7,
					"start":	6.001824,
					"end":	7.001457,
					"seconds":	0.99963301420211792,
					"bytes":	0,
					"bits_per_second":	0,
					"retransmits":	6,
					"snd_cwnd":	2896,
					"rtt":	93328,
					"rttvar":	55482,
					"pmtu":	1500,
					"omitted":	false,
					"sender":	true
				}],
			"sum":	{
				"start":	6.001824,
				"end":	7.001457,
				"seconds":	0.99963301420211792,
				"bytes":	0,
				"bits_per_second":	0,
				"retransmits":	6,
				"omitted":	false,
				"sender":	true
			}
		}, {
			"streams":	[{
					"socket":	7,
					"start":	7.001457,
					"end":	8.000079,
					"seconds":	0.99862200021743774,
					"bytes":	0,
					"bits_per_second":	0,
					"retransmits":	0,
					"snd_cwnd":	10136,
					"rtt":	79907,
					"rttvar":	67543,
					"pmtu":	1500,
					"omitted":	false,
					"sender":	true
				}],
			"sum":	{
				"start":	7.001457,
				"end":	8.000079,
				"seconds":	0.99862200021743774,
				"bytes":	0,
				"bits_per_second":	0,
				"retransmits":	0,
				"omitted":	false,
				"sender":	true
			}
		}, {
			"streams":	[{
					"socket":	7,
					"start":	8.000079,
					"end":	9.001271,
					"seconds":	1.0011919736862183,
					"bytes":	130320,
					"bits_per_second":	1041318.7754207335,
					"retransmits":	4,
					"snd_cwnd":	4344,
					"rtt":	106210,
					"rttvar":	42009,
					"pmtu":	1500,
					"omitted":	false,
					"sender":	true
				}],
			"sum":	{
				"start":	8.000079,
				"end":	9.001271,
				"seconds":	1.0011919736862183,
				"bytes":	130320,
				"bits_per_second":	1041318.7754207335,
				"retransmits":	4,
				"omitted":	false,
				"sender":	true
			}
		}, {
			"streams":	[{
					"socket":	7,
					"start":	9.001271,
					"end":	10.001794,
					"seconds":	1.0005229711532593,
					"bytes":	0,
					"bits_per_second":	0,
					"retransmits":	3,
					"snd_cwnd":	4344,
					"rtt":	133826,
					"rttvar":	97069,
					"pmtu":	1500,
					"omitted":	false,
					"sender":	true
				}],
			"sum":	{
				"start":	9.001271,
				"end":	10.001794,
				"seconds":	1.0005229711532593,
				"bytes":	0,
				"bits_per_second":	0,
				"retransmits":	3,
				"omitted":	false,
				"sender":	true
			}
		}, {
			"streams":	[{
					"socket":	7,
					"start":	10.001794,
					"end":	11.001198,
					"seconds":	0.99940401315689087,
					"bytes":	0,
					"bits_per_second":	0,
					"retransmits":	3,
					"snd_cwnd":	5792,
					"rtt":	76398,
					"rttvar":	29846,
					"pmtu":	1500,
					"omitted":	false,
					"sender":	true
				}],
			"sum":	{
				"start":	10.001794,
				"end":	11.001198,
				"seconds":	0.99940401315689087,
				"bytes":	0,
				"bits_per_second":	0,
				"retransmits":	3,
				"omitted":	false,
				"sender":	true
			}
		}, {
			"streams":	[{
					"socket":	7,
					"start":	11.001198,
					"end":	12.005403,
					"seconds":	1.0042049884796143,
					"bytes":	130320,
					"bits_per_second":	1038194.4044895215,
					"retransmits":	1,
					"snd_cwnd":	7240,
					"rtt":	103950,
					"rttvar":	41025,
					"pmtu":	1500,
					"omitted":	false,
					"sender":	true
				}],
			"sum":	{
				"start":	11.001198,
				"end":	12.005403,
				"seconds":	1.0042049884796143,
				"bytes":	130320,
				"bits_per_second":	1038194.4044895215,
				"retransmits":	1,
				"omitted":	false,
				"sender":	true
			}
		}, {
			"streams":	[{
					"socket":	7,
					"start":	12.005403,
					"end":	13.001096,
					"seconds":	0.995693027973175,
					"bytes":	0,
					"bits_per_second":	0,
					"retransmits":	7,
					"snd_cwnd":	4344,
					"rtt":	74050,
					"rttvar":	23052,
					"pmtu":	1500,
					"omitted":	false,
					"sender":	true
				}],
			"sum":	{
				"start":	12.005403,
				"end":	13.001096,
				"seconds":	0.995693027973175,
				"bytes":	0,
				"bits_per_second":	0,
				"retransmits":	7,
				"omitted":	false,
				"sender":	true
			}
		}, {
			"streams":	[{
					"socket":	7,
					"start":	13.001096,