{
	"start":	{
		"connected":	[{
				"socket":	7,
				"local_host":	"192.168.42.3",
				"local_port":	58626,
				"remote_host":	"192.168.42.1",
				"remote_port":	5202
			}],
		"version":	"iperf 3.7",
		"system_info":	"Linux rathan-VirtualBox 5.4.0-177-generic #197-Ubuntu SMP Thu Mar 28 22:45:47 UTC 2024 x86_64",
		"timestamp":	{
			"time":	"Thu, 07 Nov 2024 07:57:51 GMT",
			"timesecs":	1730966271
		},
		"connecting_to":	{
			"host":	"192.168.42.1",
			"port":	5202
		},
		"cookie":	"5zupio5mip25somv3wm3ea3srsv6rct24b2d",
		"tcp_mss_default":	1448,
		"sock_bufsize":	0,
		"sndbuf_actual":	87380,
		"rcvbuf_actual":	87380,
		"test_start":	{
			"protocol":	"TCP",
			"num_streams":	1,
			"blksize":	131072,
			"omit":	0,
			"duration":	30,
			"bytes":	0,
			"blocks":	0,
			"reverse":	0,
			"tos":	0
		}
	},
	"intervals":	[{
			"streams":	[{
					"socket":	7,
					"start":	0,
					"end":	1.001961,
					"seconds":	1.0019609928131104,
					"bytes":	269328,
					"bits_per_second":	2150407.0671959668,
					"retransmits":	5,
					"snd_cwnd":	15928,
					"rtt":	110303,
					"rttvar":	6705,
					"pmtu":	1500,
					"omitted":	false,
					"sender":	true
				}],
			"sum":	{
				"start":	0,
				"end":	1.001961,
				"seconds":	1.0019609928131104,
				"bytes":	269328,
				"bits_per_second":	2150407.0671959668,
				"retransmits":	5,
				"omitted":	false,
				"sender":	true
			}
		}, {
			"streams":	[{
					"socket":	7,
					"start":	1.001961,
					"end":	2.000139,
					"seconds":	0.99817800521850586,
					"bytes":	143352,
					"bits_per_second":	1148909.3067613293,
					"retransmits":	11,
					"snd_cwnd":	2896,
					"rtt":	91416,
					"rttvar":	90470,
					"pmtu":	1500,
					"omitted":	false,
					"sender":	true
				}],
			"sum":	{
				"start":	1.001961,
				"end":	2.000139,
				"seconds":	0.99817800521850586,
				"bytes":	143352,
				"bits_per_second":	1148909.3067613293,
				"retransmits":	11,
				"omitted":	false,
				"sender":	true
			}
		}, {
			"streams":	[{
					"socket":	7,
					"start":	2.000139,
					"end":	3.002638,
					"seconds":	1.002498984336853,
					"bytes":	0,
					"bits_per_second":	0,
					"retransmits":	2,
					"snd_cwnd":	10136,
					"rtt":	29315,
					"rttvar":	11254,
					"pmtu":	1500,
					"omitted":	false,
					"sender":	true
				}],
			"sum":	{
				"start":	2.000139,
				"end":	3.002638,
				"seconds":	1.002498984336853,
				"bytes":	0,
				"bits_per_second":	0,
				"retransmits":	2,
				"omitted":	false,
				"sender":	true
			}
		}, {
			"streams":	[{
					"socket":	7,
					"start":	3.002638,
					"end":	4.001085,
					"seconds":	0.9984470009803772,
					"bytes":	130320,
					"bits_per_second":	1044181.6130213303,
					"retransmits":	6,
					"snd_cwnd":	10136,
					"rtt":	25423,
					"rttvar":	11367,
					"pmtu":	1500,
					"omitted":	false,
					"sender":	true
				}],
			"sum":	{
				"start":	3.002638,
				"end":	4.001085,
				"seconds":	0.9984470009803772,
				"bytes":	130320,
				"bits_per_second":	1044181.6130213303,
				"retransmits":	6,
				"omitted":	false,
				"sender":	true
			}
		}, {
			"streams":	[{
					"socket":	7,
					"start":	4.001085,
					"end":	5.001174,
					"seconds":	1.0000890493392944,
					"bytes":	0,
					"bits_per_second":	0,
					"retransmits":	3,
					"snd_cwnd":	1448,
					"rtt":	113353,
					"rttvar":	83508,
					"pmtu":	1500,
					"omitted":	false,
					"sender":	true
				}],
			"sum":	{
				"start":	4.001085,
				"end":	5.001174,
				"seconds":	1.0000890493392944,
				"bytes":	0,
				"bits_per_second":	0,
				"retransmits":	3,
				"omitted":	false,
				"sender":	true
			}
		}, {
			"streams":	[{
					"socket":	7,
					"start":	5.001174,
					"end":	6.001539,
					"seconds":	1.0003650188446045,
					"bytes":	130320,
					"bits_per_second":	1042179.5848120815,
					"retransmits":	7,
					"snd_cwnd":	7240,
					"rtt":	61485,
					"rttvar":	27863,
					"pmtu":	1500,
					"omitted":	false,
					"sender":	true
				}],
			"sum":	{
				"start":	5.001174,
				"end":	6.001539,
				"seconds":	1.0003650188446045,
				"bytes":	130320,
				"bits_per_second":	1042179.5848120815,
				"retransmits":	7,
				"omitted":	false,
				"sender":	true
			}
		}, {
			"streams":	[{
					"socket":	7,
					"start":	6.001539,
					"end":	7.001566,
					"seconds":	1.0000269412994385,
					"bytes":	0,
					"bits_per_second":	0,
					"retransmits":	3,
					"snd_cwnd":	7240,
					"rtt":	112472,
					"rttvar":	64521,
					"pmtu":	1500,
					"omitted":	false,
					"sender":	true
				}],
			"sum":	{
				"start":	6.001539,
				"end":	7.001566,
				"seconds":	1.0000269412994385,
				"bytes":	0,
				"bits_per_second":	0,
				"retransmits":	3,
				"omitted":	false,
				"sender":	true
			}
		}, {
			"streams":	[{
					"socket":	7,
					"start":	7.001566,
					"end":	8.000235,
					"seconds":	0.99866902828216553,
					"bytes":	65160,
					"bits_per_second":	521974.73360785627,
					"retransmits":	0,
					"snd_cwnd":	11584,
					"rtt":	77898,
					"rttvar":	39830,
					"pmtu":	1500,
					"omitted":	false,
					"sender":	true
				}],
			"sum":	{
				"start":	7.001566,
				"end":	8.000235,
				"seconds":	0.99866902828216553,
				"bytes":	65160,
				"bits_per_second":	521974.73360785627,
				"retransmits":	0,
				"omitted":	false,
				"sender":	true
			}
		}, {
			"streams":	[{
					"socket":	7,
					"start":	8.000235,
					"end":	9.001416,
					"seconds":	1.0011810064315796,
					"bytes":	65160,
					"bits_per_second":	520665.09117861907,
					"retransmits":	5,
					"snd_cwnd":	5792,
					"rtt":	113052,
					"rttvar":	102546,
					"pmtu":	1500,
					"omitted":	false,
					"sender":	true
				}],
			"sum":	{
				"start":	8.000235,
				"end":	9.001416,
				"seconds":	1.0011810064315796,
				"bytes":	65160,
				"bits_per_second":	520665.09117861907,
				"retransmits":	5,
				"omitted":	false,
				"sender":	true
			}
		}, {
			"streams":	[{
					"socket":	7,
					"start":	9.001416,
					"end":	10.000161,
					"seconds":	0.99874502420425415,
					"bytes":	130320,
					"bits_per_second":	1043870.031623592,
					"retransmits":	1,
					"snd_cwnd":	13032,
					"rtt":	40419,
					"rttvar":	11943,
					"pmtu":	1500,
					"omitted":	false,
					"sender":	true
				}],
			"sum":	{
				"start":	9.001416,
				"end":	10.000161,
				"seconds":	0.99874502420425415,
				"bytes":	130320,
				"bits_per_second":	1043870.031623592,
				"retransmits":	1,
				"omitted":	false,
				"sender":	true
			}
		}, {
			"streams":	[{
					"socket":	7,
					"start":	10.000161,
					"end":	11.000778,
					"seconds":	1.0006170272827148,
					"bytes":	65160,
					"bits_per_second":	520958.55435879692,
					"retransmits":	7,
					"snd_cwnd":	8688,
					"rtt":	78670,
					"rttvar":	51609,
					"pmtu":	1500,
					"omitted":	false,
					"sender":	true
				}],
			"sum":	{
				"start":	10.000161,
				"end":	11.000778,
				"seconds":	1.0006170272827148,
				"bytes":	65160,
				"bits_per_second":	520958.55435879692,
				"retransmits":	7,
				"omitted":	false,
				"sender":	true
			}
		}, {
			"streams":	[{
					"socket":	7,
					"start":	11.000778,
					"end":	12.001031,
					"seconds":	1.0002529621124268,
					"bytes":	0,
					"bits_per_second":	0,
					"retransmits":	3,
					"snd_cwnd":	8688,
					"rtt":	173462,
					"rttvar":	228289,
					"pmtu":	1500,
					"omitted":	false,
					"sender":	true
				}],
			"sum":	{
				"start":	11.000778,
				"end":	12.001031,
				"seconds":	1.0002529621124268,
				"bytes":	0,
				"bits_per_second":	0,
				"retransmits":	3,
				"omitted":	false,
				"sender":	true
			}
		}, {
			"streams":	[{
					"socket":	7,
					"start":	12.001031,
					"end":	13.000623,
					"seconds":	0.99959200620651245,
					"bytes":	0,
					"bits_per_second":	0,
					"retransmits":	6,
					"snd_cwnd":	5792,
					"rtt":	141530,
					"rttvar":	151850,
					"pmtu":	1500,
					"omitted":	false,
					"sender":	true
				}],
			"sum":	{
				"start":	12.001031,
				"end":	13.000623,
				"seconds":	0.99959200620651245,
				"bytes":	0,
				"bits_per_second":	0,
				"retransmits":	6,
				"omitted":	false,