{
	"start":	{
		"connected":	[{
				"socket":	7,
				"local_host":	"192.168.42.4",
				"local_port":	42966,
				"remote_host":	"192.168.42.1",
				"remote_port":	5203
			}],
		"version":	"iperf 3.7",
		"system_info":	"Linux rathan-VirtualBox 5.4.0-177-generic #197-Ubuntu SMP Thu Mar 28 22:45:47 UTC 2024 x86_64",
		"timestamp":	{
			"time":	"Thu, 07 Nov 2024 07:57:52 GMT",
			"timesecs":	1730966272
		},
		"connecting_to":	{
			"host":	"192.168.42.1",
			"port":	5203
		},
		"cookie":	"7ibvyyjh3ze736gra3t7hs5mpjtjpuwqj7mu",
		"tcp_mss_default":	1448,
		"sock_bufsize":	0,
		"sndbuf_actual":	87380,
		"rcvbuf_actual":	87380,
		"test_start":	{
			"protocol":	"TCP",
			"num_streams":	1,
			"blksize":	131072,
			"omit":	0,
			"duration":	30,
			"bytes":	0,
			"blocks":	0,
			"reverse":	0,
			"tos":	0
		}
	},
	"intervals":	[{
			"streams":	[{
					"socket":	7,
					"start":	0,
					"end":	1.000129,
					"seconds":	1.0001289844512939,
					"bytes":	228784,
					"bits_per_second":	1830035.9538166488,
					"retransmits":	28,
					"snd_cwnd":	20272,
					"rtt":	29836,
					"rttvar":	2381,
					"pmtu":	1500,
					"omitted":	false,
					"sender":	true
				}],
			"sum":	{
				"start":	0,
				"end":	1.000129,
				"seconds":	1.0001289844512939,
				"bytes":	228784,
				"bits_per_second":	1830035.9538166488,
				"retransmits":	28,
				"omitted":	false,
				"sender":	true
			}
		}, {
			"streams":	[{
					"socket":	7,
					"start":	1.000129,
					"end":	2.001896,
					"seconds":	1.0017670392990112,
					"bytes":	88328,
					"bits_per_second":	705377.57011296938,
					"retransmits":	9,
					"snd_cwnd":	11584,
					"rtt":	79155,
					"rttvar":	77543,
					"pmtu":	1500,
					"omitted":	false,
					"sender":	true
				}],
			"sum":	{
				"start":	1.000129,
				"end":	2.001896,
				"seconds":	1.0017670392990112,
				"bytes":	88328,
				"bits_per_second":	705377.57011296938,
				"retransmits":	9,
				"omitted":	false,
				"sender":	true
			}
		}, {
			"streams":	[{
					"socket":	7,
					"start":	2.001896,
					"end":	3.002346,
					"seconds":	1.0004500150680542,
					"bytes":	0,
					"bits_per_second":	0,
					"retransmits":	2,
					"snd_cwnd":	1448,
					"rtt":	108305,
					"rttvar":	106061,
					"pmtu":	1500,
					"omitted":	false,
					"sender":	true
				}],
			"sum":	{
				"start":	2.001896,
				"end":	3.002346,
				"seconds":	1.0004500150680542,
				"bytes":	0,
				"bits_per_second":	0,
				"retransmits":	2,
				"omitted":	false,
				"sender":	true
			}
		}, {
			"streams":	[{
					"socket":	7,
					"start":	3.002346,
					"end":	4.000624,
					"seconds":	0.998278021812439,
					"bytes":	130320,
					"bits_per_second":	1044358.3623199118,
					"retransmits":	7,
					"snd_cwnd":	7240,
					"rtt":	50701,
					"rttvar":	34699,
					"pmtu":	1500,
					"omitted":	false,
					"sender":	true
				}],
			"sum":	{
				"start":	3.002346,
				"end":	4.000624,
				"seconds":	0.998278021812439,
				"bytes":	130320,
				"bits_per_second":	1044358.3623199118,
				"retransmits":	7,
				"omitted":	false,
				"sender":	true
			}
		}, {
			"streams":	[{
					"socket":	7,
					"start":	4.000624,
					"end":	5.000505,
					"seconds":	0.99988102912902832,
					"bytes":	0,
					"bits_per_second":	0,
					"retransmits":	3,
					"snd_cwnd":	10136,
					"rtt":	78620,
					"rttvar":	66027,
					"pmtu":	1500,
					"omitted":	false,
					"sender":	true
				}],
			"sum":	{
				"start":	4.000624,
				"end":	5.000505,
				"seconds":	0.99988102912902832,
				"bytes":	0,
				"bits_per_second":	0,
				"retransmits":	3,
				"omitted":	false,
				"sender":	true
			}
		}, {
			"streams":	[{
					"socket":	7,
					"start":	5.000505,
					"end":	6.000105,
					"seconds":	0.99959999322891235,
					"bytes":	65160,
					"bits_per_second":	521488.59897063329,
					"retransmits":	7,
					"snd_cwnd":	5792,
					"rtt":	128083,
					"rttvar":	44585,
					"pmtu":	1500,
					"omitted":	false,
					"sender":	true
				}],
			"sum":	{
				"start":	5.000505,
				"end":	6.000105,
				"seconds":	0.99959999322891235,
				"bytes":	65160,
				"bits_per_second":	521488.59897063329,
				"retransmits":	7,
				"omitted":	false,
				"sender":	true
			}
		}, {
			"streams":	[{
					"socket":	7,
					"start":	6.000105,
					"end":	7.000513,
					"seconds":	1.0004080533981323,
					"bytes":	65160,
					"bits_per_second":	521067.37668628729,
					"retransmits":	4,
					"snd_cwnd":	4344,
					"rtt":	88722,
					"rttvar":	19739,
					"pmtu":	1500,
					"omitted":	false,
					"sender":	true
				}],
			"sum":	{
				"start":	6.000105,
				"end":	7.000513,
				"seconds":	1.0004080533981323,
				"bytes":	65160,
				"bits_per_second":	521067.37668628729,
				"retransmits":	4,
				"omitted":	false,
				"sender":	true
			}
		}, {
			"streams":	[{
					"socket":	7,
					"start":	7.000513,
					"end":	8.000157,
					"seconds":	0.99964398145675659,
					"bytes":	130320,
					"bits_per_second":	1042931.3028831554,
					"retransmits":	0,
					"snd_cwnd":	11584,
					"rtt":	55744,
					"rttvar":	6774,
					"pmtu":	1500,
					"omitted":	false,
					"sender":	true
				}],
			"sum":	{
				"start":	7.000513,
				"end":	8.000157,
				"seconds":	0.99964398145675659,
				"bytes":	130320,
				"bits_per_second":	1042931.3028831554,
				"retransmits":	0,
				"omitted":	false,
				"sender":	true
			}
		}, {
			"streams":	[{
					"socket":	7,
					"start":	8.000157,
					"end":	9.000432,
					"seconds":	1.0002750158309937,
					"bytes":	65160,
					"bits_per_second":	521136.67916311871,
					"retransmits":	9,
					"snd_cwnd":	7240,
					"rtt":	50573,
					"rttvar":	38293,
					"pmtu":	1500,
					"omitted":	false,
					"sender":	true
				}],
			"sum":	{
				"start":	8.000157,
				"end":	9.000432,
				"seconds":	1.0002750158309937,
				"bytes":	65160,
				"bits_per_second":	521136.67916311871,
				"retransmits":	9,
				"omitted":	false,
				"sender":	true
			}
		}, {
			"streams":	[{
					"socket":	7,
					"start":	9.000432,
					"end":	10.000268,
					"seconds":	0.9998360276222229,
					"bytes":	65160,
					"bits_per_second":	521365.48953901062,
					"retransmits":	5,
					"snd_cwnd":	4344,
					"rtt":	62387,
					"rttvar":	23660,
					"pmtu":	1500,
					"omitted":	false,
					"sender":	true
				}],
			"sum":	{
				"start":	9.000432,
				"end":	10.000268,
				"seconds":	0.9998360276222229,
				"bytes":	65160,
				"bits_per_second":	521365.48953901062,
				"retransmits":	5,
				"omitted":	false,
				"sender":	true
			}
		}, {
			"streams":	[{
					"socket":	7,
					"start":	10.000268,
					"end":	11.000251,
					"seconds":	0.999983012676239,
					"bytes":	65160,
					"bits_per_second":	521288.855302558,
					"retransmits":	1,
					"snd_cwnd":	11584,
					"rtt":	41810,
					"rttvar":	20065,
					"pmtu":	1500,
					"omitted":	false,
					"sender":	true
				}],
			"sum":	{
				"start":	10.000268,
				"end":	11.000251,
				"seconds":	0.999983012676239,
				"bytes":	65160,
				"bits_per_second":	521288.855302558,
				"retransmits":	1,
				"omitted":	false,
				"sender":	true
			}
		}, {
			"streams":	[{
					"socket":	7,
					"start":	11.000251,
					"end":	12.003964,
					"seconds":	1.0037130117416382,
					"bytes":	65160,
					"bits_per_second":	519351.64125797007,
					"retransmits":	9,
					"snd_cwnd":	7240,
					"rtt":	57786,
					"rttvar":	42498,
					"pmtu":	1500,
					"omitted":	false,
					"sender":	true
				}],
			"sum":	{
				"start":	11.000251,
				"end":	12.003964,
				"seconds":	1.0037130117416382,
				"bytes":	65160,
				"bits_per_second":	519351.64125797007,
				"retransmits":	9,
				"omitted":	false,
				"sender":	true
			}
		}, {
			"streams":	[{
					"socket":	7,
					"start":	12.003964,
					"end":	13.000489,
					"seconds":	0.99652498960495,
					"bytes":	65160,
					"bits_per_second":	523097.7701890344,
					"retransmits":	0,
					"snd_cwnd":	11584,
					"rtt":	47858,
					"rttvar":	29951,
					"pmtu":	1500,
					"omitted":	false,
					"sender":	true
				}],
			"sum":	{
				"start":	12.003964,
				"end":	13.000489,
				"seconds":	0.99652498960495,