{
	"start":	{
		"connected":	[{
				"socket":	7,
				"local_host":	"192.168.42.5",
				"local_port":	40954,
				"remote_host":	"192.168.42.1",
				"remote_port":	5204
			}],
		"version":	"iperf 3.7",
		"system_info":	"Linux rathan-VirtualBox 5.4.0-177-generic #197-Ubuntu SMP Thu Mar 28 22:45:47 UTC 2024 x86_64",
		"timestamp":	{
			"time":	"Thu, 07 Nov 2024 07:57:50 GMT",
			"timesecs":	1730966270
		},
		"connecting_to":	{
			"host":	"192.168.42.1",
			"port":	5204
		},
		"cookie":	"3zii6uvytrwp7db6jmcwbapbihjm7kraurmj",
		"tcp_mss_default":	1448,
		"sock_bufsize":	0,
		"sndbuf_actual":	87380,
		"rcvbuf_actual":	87380,
		"test_start":	{
			"protocol":	"TCP",
			"num_streams":	1,
			"blksize":	131072,
			"omit":	0,
			"duration":	30,
			"bytes":	0,
			"blocks":	0,
			"reverse":	0,
			"tos":	0
		}
	},
	"intervals":	[{
			"streams":	[{
					"socket":	7,
					"start":	0,
					"end":	1.0001,
					"seconds":	1.0001000165939331,
					"bytes":	347520,
					"bits_per_second":	2779881.9656742574,
					"retransmits":	7,
					"snd_cwnd":	18824,
					"rtt":	14855,
					"rttvar":	1840,
					"pmtu":	1500,
					"omitted":	false,
					"sender":	true
				}],
			"sum":	{
				"start":	0,
				"end":	1.0001,
				"seconds":	1.0001000165939331,
				"bytes":	347520,
				"bits_per_second":	2779881.9656742574,
				"retransmits":	7,
				"omitted":	false,
				"sender":	true
			}
		}, {
			"streams":	[{
					"socket":	7,
					"start":	1.0001,
					"end":	2.0004,
					"seconds":	1.0003000497817993,
					"bytes":	278016,
					"bits_per_second":	2223460.8510568012,
					"retransmits":	4,
					"snd_cwnd":	14480,
					"rtt":	41699,
					"rttvar":	16317,
					"pmtu":	1500,
					"omitted":	false,
					"sender":	true
				}],
			"sum":	{
				"start":	1.0001,
				"end":	2.0004,
				"seconds":	1.0003000497817993,
				"bytes":	278016,
				"bits_per_second":	2223460.8510568012,
				"retransmits":	4,
				"omitted":	false,
				"sender":	true
			}
		}, {
			"streams":	[{
					"socket":	7,
					"start":	2.0004,
					"end":	3.00026,
					"seconds":	0.99985998868942261,
					"bytes":	65160,
					"bits_per_second":	521352.99531614769,
					"retransmits":	6,
					"snd_cwnd":	11584,
					"rtt":	83540,
					"rttvar":	24029,
					"pmtu":	1500,
					"omitted":	false,
					"sender":	true
				}],
			"sum":	{
				"start":	2.0004,
				"end":	3.00026,
				"seconds":	0.99985998868942261,
				"bytes":	65160,
				"bits_per_second":	521352.99531614769,
				"retransmits":	6,
				"omitted":	false,
				"sender":	true
			}
		}, {
			"streams":	[{
					"socket":	7,
					"start":	3.00026,
					"end":	4.000944,
					"seconds":	1.0006840229034424,
					"bytes":	65160,
					"bits_per_second":	520923.67627448286,
					"retransmits":	5,
					"snd_cwnd":	4344,
					"rtt":	71051,
					"rttvar":	57036,
					"pmtu":	1500,
					"omitted":	false,
					"sender":	true
				}],
			"sum":	{
				"start":	3.00026,
				"end":	4.000944,
				"seconds":	1.0006840229034424,
				"bytes":	65160,
				"bits_per_second":	520923.67627448286,
				"retransmits":	5,
				"omitted":	false,
				"sender":	true
			}
		}, {
			"streams":	[{
					"socket":	7,
					"start":	4.000944,
					"end":	5.003419,
					"seconds":	1.0024750232696533,
					"bytes":	130320,
					"bits_per_second":	1039986.0104240865,
					"retransmits":	4,
					"snd_cwnd":	7240,
					"rtt":	30396,
					"rttvar":	27713,
					"pmtu":	1500,
					"omitted":	false,
					"sender":	true
				}],
			"sum":	{
				"start":	4.000944,
				"end":	5.003419,
				"seconds":	1.0024750232696533,
				"bytes":	130320,
				"bits_per_second":	1039986.0104240865,
				"retransmits":	4,
				"omitted":	false,
				"sender":	true
			}
		}, {
			"streams":	[{
					"socket":	7,
					"start":	5.003419,
					"end":	6.002039,
					"seconds":	0.99861997365951538,
					"bytes":	0,
					"bits_per_second":	0,
					"retransmits":	1,
					"snd_cwnd":	8688,
					"rtt":	82200,
					"rttvar":	38189,
					"pmtu":	1500,
					"omitted":	false,
					"sender":	true
				}],
			"sum":	{
				"start":	5.003419,
				"end":	6.002039,
				"seconds":	0.99861997365951538,
				"bytes":	0,
				"bits_per_second":	0,
				"retransmits":	1,
				"omitted":	false,
				"sender":	true
			}
		}, {
			"streams":	[{
					"socket":	7,
					"start":	6.002039,
					"end":	7.001292,
					"seconds":	0.99925297498703,
					"bytes":	65160,
					"bits_per_second":	521669.70031464356,
					"retransmits":	4,
					"snd_cwnd":	8688,
					"rtt":	58461,
					"rttvar":	23949,
					"pmtu":	1500,
					"omitted":	false,
					"sender":	true
				}],
			"sum":	{
				"start":	6.002039,
				"end":	7.001292,
				"seconds":	0.99925297498703,
				"bytes":	65160,
				"bits_per_second":	521669.70031464356,
				"retransmits":	4,
				"omitted":	false,
				"sender":	true
			}
		}, {
			"streams":	[{
					"socket":	7,
					"start":	7.001292,
					"end":	8.001198,
					"seconds":	0.99990600347518921,
					"bytes":	65160,
					"bits_per_second":	521329.00311457587,
					"retransmits":	4,
					"snd_cwnd":	8688,
					"rtt":	61588,
					"rttvar":	31545,
					"pmtu":	1500,
					"omitted":	false,
					"sender":	true
				}],
			"sum":	{
				"start":	7.001292,
				"end":	8.001198,
				"seconds":	0.99990600347518921,
				"bytes":	65160,
				"bits_per_second":	521329.00311457587,
				"retransmits":	4,
				"omitted":	false,
				"sender":	true
			}
		}, {
			"streams":	[{
					"socket":	7,
					"start":	8.001198,
					"end":	9.00266,
					"seconds":	1.0014619827270508,
					"bytes":	65160,
					"bits_per_second":	520519.01019798894,
					"retransmits":	6,
					"snd_cwnd":	10136,
					"rtt":	99955,
					"rttvar":	122702,
					"pmtu":	1500,
					"omitted":	false,
					"sender":	true
				}],
			"sum":	{
				"start":	8.001198,
				"end":	9.00266,
				"seconds":	1.0014619827270508,
				"bytes":	65160,
				"bits_per_second":	520519.01019798894,
				"retransmits":	6,
				"omitted":	false,
				"sender":	true
			}
		}, {
			"streams":	[{
					"socket":	7,
					"start":	9.00266,
					"end":	10.000317,
					"seconds":	0.99765700101852417,
					"bytes":	0,
					"bits_per_second":	0,
					"retransmits":	6,
					"snd_cwnd":	4344,
					"rtt":	83102,
					"rttvar":	57935,
					"pmtu":	1500,
					"omitted":	false,
					"sender":	true
				}],
			"sum":	{
				"start":	9.00266,
				"end":	10.000317,
				"seconds":	0.99765700101852417,
				"bytes":	0,
				"bits_per_second":	0,
				"retransmits":	6,
				"omitted":	false,
				"sender":	true
			}
		}, {
			"streams":	[{
					"socket":	7,
					"start":	10.000317,
					"end":	11.000358,
					"seconds":	1.0000410079956055,
					"bytes":	65160,
					"bits_per_second":	521258.62422862829,
					"retransmits":	3,
					"snd_cwnd":	8688,
					"rtt":	86881,
					"rttvar":	39519,
					"pmtu":	1500,
					"omitted":	false,
					"sender":	true
				}],
			"sum":	{
				"start":	10.000317,
				"end":	11.000358,
				"seconds":	1.0000410079956055,
				"bytes":	65160,
				"bits_per_second":	521258.62422862829,
				"retransmits":	3,
				"omitted":	false,
				"sender":	true
			}
		}, {
			"streams":	[{
					"socket":	7,
					"start":	11.000358,
					"end":	12.000218,
					"seconds":	0.99985998868942261,
					"bytes":	65160,
					"bits_per_second":	521352.99531614769,
					"retransmits":	4,
					"snd_cwnd":	8688,
					"rtt":	43802,
					"rttvar":	10925,
					"pmtu":	1500,
					"omitted":	false,
					"sender":	true
				}],
			"sum":	{
				"start":	11.000358,
				"end":	12.000218,
				"seconds":	0.99985998868942261,
				"bytes":	65160,
				"bits_per_second":	521352.99531614769,
				"retransmits":	4,
				"omitted":	false,
				"sender":	true
			}
		}, {
			"streams":	[{
					"socket":	7,
					"start":	12.000218,
					"end":	13.000825,
					"seconds":	1.0006070137023926,
					"bytes":	65160,
					"bits_per_second":	520963.76785446226,
					"retransmits":	9,
					"snd_cwnd":	5792,
					"rtt":	93170,
					"rttvar":	72383,
					"pmtu":	1500,
					"omitted":	false,
					"sender":	true
				}],
			"sum":	{
				"start":	12.000218,
				"end":	13.000825,
				"seconds":	1.0006070137023926,