{
	"start":	{
		"connected":	[{
				"socket":	7,
				"local_host":	"192.168.42.7",
				"local_port":	34762,
				"remote_host":	"192.168.42.1",
				"remote_port":	5206
			}],
		"version":	"iperf 3.7",
		"system_info":	"Linux rathan-VirtualBox 5.4.0-177-generic #197-Ubuntu SMP Thu Mar 28 22:45:47 UTC 2024 x86_64",
		"timestamp":	{
			"time":	"Thu, 07 Nov 2024 07:57:50 GMT",
			"timesecs":	1730966270
		},
		"connecting_to":	{
			"host":	"192.168.42.1",
			"port":	5206
		},
		"cookie":	"2f4mxeskkb2sar3wva2jyzphdwplxxtbgauz",
		"tcp_mss_default":	1448,
		"sock_bufsize":	0,
		"sndbuf_actual":	87380,
		"rcvbuf_actual":	87380,
		"test_start":	{
			"protocol":	"TCP",
			"num_streams":	1,
			"blksize":	131072,
			"omit":	0,
			"duration":	30,
			"bytes":	0,
			"blocks":	0,
			"reverse":	0,
			"tos":	0
		}
	},
	"intervals":	[{
			"streams":	[{
					"socket":	7,
					"start":	0,
					"end":	1.000926,
					"seconds":	1.0009260177612305,
					"bytes":	634224,
					"bits_per_second":	5069097.9252877673,
					"retransmits":	29,
					"snd_cwnd":	43440,
					"rtt":	44617,
					"rttvar":	27388,
					"pmtu":	1500,
					"omitted":	false,
					"sender":	true
				}],
			"sum":	{
				"start":	0,
				"end":	1.000926,
				"seconds":	1.0009260177612305,
				"bytes":	634224,
				"bits_per_second":	5069097.9252877673,
				"retransmits":	29,
				"omitted":	false,
				"sender":	true
			}
		}, {
			"streams":	[{
					"socket":	7,
					"start":	1.000926,
					"end":	2.001043,
					"seconds":	1.0001169443130493,
					"bytes":	195480,
					"bits_per_second":	1563657.1391900128,
					"retransmits":	19,
					"snd_cwnd":	20272,
					"rtt":	58473,
					"rttvar":	52803,
					"pmtu":	1500,
					"omitted":	false,
					"sender":	true
				}],
			"sum":	{
				"start":	1.000926,
				"end":	2.001043,
				"seconds":	1.0001169443130493,
				"bytes":	195480,
				"bits_per_second":	1563657.1391900128,
				"retransmits":	19,
				"omitted":	false,
				"sender":	true
			}
		}, {
			"streams":	[{
					"socket":	7,
					"start":	2.001043,
					"end":	3.000561,
					"seconds":	0.99951797723770142,
					"bytes":	0,
					"bits_per_second":	0,
					"retransmits":	23,
					"snd_cwnd":	11584,
					"rtt":	34678,
					"rttvar":	37940,
					"pmtu":	1500,
					"omitted":	false,
					"sender":	true
				}],
			"sum":	{
				"start":	2.001043,
				"end":	3.000561,
				"seconds":	0.99951797723770142,
				"bytes":	0,
				"bits_per_second":	0,
				"retransmits":	23,
				"omitted":	false,
				"sender":	true
			}
		}, {
			"streams":	[{
					"socket":	7,
					"start":	3.000561,
					"end":	4.000623,
					"seconds":	1.0000619888305664,
					"bytes":	195480,
					"bits_per_second":	1563743.0653960698,
					"retransmits":	6,
					"snd_cwnd":	1448,
					"rtt":	51219,
					"rttvar":	22143,
					"pmtu":	1500,
					"omitted":	false,
					"sender":	true
				}],
			"sum":	{
				"start":	3.000561,
				"end":	4.000623,
				"seconds":	1.0000619888305664,
				"bytes":	195480,
				"bits_per_second":	1563743.0653960698,
				"retransmits":	6,
				"omitted":	false,
				"sender":	true
			}
		}, {
			"streams":	[{
					"socket":	7,
					"start":	4.000623,
					"end":	5.000348,
					"seconds":	0.99972498416900635,
					"bytes":	195480,
					"bits_per_second":	1564270.1990686955,
					"retransmits":	3,
					"snd_cwnd":	13032,
					"rtt":	30159,
					"rttvar":	11222,
					"pmtu":	1500,
					"omitted":	false,
					"sender":	true
				}],
			"sum":	{
				"start":	4.000623,
				"end":	5.000348,
				"seconds":	0.99972498416900635,
				"bytes":	195480,
				"bits_per_second":	1564270.1990686955,
				"retransmits":	3,
				"omitted":	false,
				"sender":	true
			}
		}, {
			"streams":	[{
					"socket":	7,
					"start":	5.000348,
					"end":	6.00092,
					"seconds":	1.0005719661712646,
					"bytes":	0,
					"bits_per_second":	0,
					"retransmits":	6,
					"snd_cwnd":	5792,
					"rtt":	64853,
					"rttvar":	66716,
					"pmtu":	1500,
					"omitted":	false,
					"sender":	true
				}],
			"sum":	{
				"start":	5.000348,
				"end":	6.00092,
				"seconds":	1.0005719661712646,
				"bytes":	0,
				"bits_per_second":	0,
				"retransmits":	6,
				"omitted":	false,
				"sender":	true
			}
		}, {
			"streams":	[{
					"socket":	7,
					"start":	6.00092,
					"end":	7.001059,
					"seconds":	1.0001389980316162,
					"bytes":	0,
					"bits_per_second":	0,
					"retransmits":	6,
					"snd_cwnd":	7240,
					"rtt":	52063,
					"rttvar":	29666,
					"pmtu":	1500,
					"omitted":	false,
					"sender":	true
				}],
			"sum":	{
				"start":	6.00092,
				"end":	7.001059,
				"seconds":	1.0001389980316162,
				"bytes":	0,
				"bits_per_second":	0,
				"retransmits":	6,
				"omitted":	false,
				"sender":	true
			}
		}, {
			"streams":	[{
					"socket":	7,
					"start":	7.001059,
					"end":	8.000807,
					"seconds":	0.99974799156188965,
					"bytes":	195480,
					"bits_per_second":	1564234.2002176356,
					"retransmits":	4,
					"snd_cwnd":	8688,
					"rtt":	69906,
					"rttvar":	19228,
					"pmtu":	1500,
					"omitted":	false,
					"sender":	true
				}],
			"sum":	{
				"start":	7.001059,
				"end":	8.000807,
				"seconds":	0.99974799156188965,
				"bytes":	195480,
				"bits_per_second":	1564234.2002176356,
				"retransmits":	4,
				"omitted":	false,
				"sender":	true
			}
		}, {
			"streams":	[{
					"socket":	7,
					"start":	8.000807,
					"end":	9.001349,
					"seconds":	1.0005420446395874,
					"bytes":	0,
					"bits_per_second":	0,
					"retransmits":	5,
					"snd_cwnd":	7240,
					"rtt":	61616,
					"rttvar":	26053,
					"pmtu":	1500,
					"omitted":	false,
					"sender":	true
				}],
			"sum":	{
				"start":	8.000807,
				"end":	9.001349,
				"seconds":	1.0005420446395874,
				"bytes":	0,
				"bits_per_second":	0,
				"retransmits":	5,
				"omitted":	false,
				"sender":	true
			}
		}, {
			"streams":	[{
					"socket":	7,
					"start":	9.001349,
					"end":	10.000751,
					"seconds":	0.99940198659896851,
					"bytes":	0,
					"bits_per_second":	0,
					"retransmits":	5,
					"snd_cwnd":	4344,
					"rtt":	86130,
					"rttvar":	47172,
					"pmtu":	1500,
					"omitted":	false,
					"sender":	true
				}],
			"sum":	{
				"start":	9.001349,
				"end":	10.000751,
				"seconds":	0.99940198659896851,
				"bytes":	0,
				"bits_per_second":	0,
				"retransmits":	5,
				"omitted":	false,
				"sender":	true
			}
		}, {
			"streams":	[{
					"socket":	7,
					"start":	10.000751,
					"end":	11.000953,
					"seconds":	1.000201940536499,
					"bytes":	195480,
					"bits_per_second":	1563524.26107189,
					"retransmits":	1,
					"snd_cwnd":	11584,
					"rtt":	28598,
					"rttvar":	12812,
					"pmtu":	1500,
					"omitted":	false,
					"sender":	true
				}],
			"sum":	{
				"start":	10.000751,
				"end":	11.000953,
				"seconds":	1.000201940536499,
				"bytes":	195480,
				"bits_per_second":	1563524.26107189,
				"retransmits":	1,
				"omitted":	false,
				"sender":	true
			}
		}, {
			"streams":	[{
					"socket":	7,
					"start":	11.000953,
					"end":	12.000103,
					"seconds":	0.99914997816085815,
					"bytes":	0,
					"bits_per_second":	0,
					"retransmits":	7,
					"snd_cwnd":	10136,
					"rtt":	36330,
					"rttvar":	13392,
					"pmtu":	1500,
					"omitted":	false,
					"sender":	true
				}],
			"sum":	{
				"start":	11.000953,
				"end":	12.000103,
				"seconds":	0.99914997816085815,
				"bytes":	0,
				"bits_per_second":	0,
				"retransmits":	7,
				"omitted":	false,
				"sender":	true
			}
		}, {
			"streams":	[{
					"socket":	7,
					"start":	12.000103,
					"end":	13.000296,
					"seconds":	1.0001929998397827,
					"bytes":	0,
					"bits_per_second":	0,
					"retransmits":	0,
					"snd_cwnd":	11584,
					"rtt":	57579,
					"rttvar":	24435,
					"pmtu":	1500,
					"omitted":	false,
					"sender":	true
				}],
			"sum":	{
				"start":	12.000103,
				"end":	13.000296,
				"seconds":	1.0001929998397827,
				"bytes":	0,
				"bits_per_second":	0,
				"retransmits":	0,
				"omitted":	false,
				"sender":	true
			}
		}, {
			"streams":	[{
					"socket":	7,