{
	"start":	{
		"connected":	[{
				"socket":	7,
				"local_host":	"192.168.42.8",
				"local_port":	47756,
				"remote_host":	"192.168.42.1",
				"remote_port":	5207
			}],
		"version":	"iperf 3.7",
		"system_info":	"Linux rathan-VirtualBox 5.4.0-177-generic #197-Ubuntu SMP Thu Mar 28 22:45:47 UTC 2024 x86_64",
		"timestamp":	{
			"time":	"Thu, 07 Nov 2024 07:57:50 GMT",
			"timesecs":	1730966270
		},
		"connecting_to":	{
			"host":	"192.168.42.1",
			"port":	5207
		},
		"cookie":	"sruycxesnqjsfrinlc2zf2vvfqnlodvszhsc",
		"tcp_mss_default":	1448,
		"sock_bufsize":	0,
		"sndbuf_actual":	87380,
		"rcvbuf_actual":	87380,
		"test_start":	{
			"protocol":	"TCP",
			"num_streams":	1,
			"blksize":	131072,
			"omit":	0,
			"duration":	30,
			"bytes":	0,
			"blocks":	0,
			"reverse":	0,
			"tos":	0
		}
	},
	"intervals":	[{
			"streams":	[{
					"socket":	7,
					"start":	0,
					"end":	1.000352,
					"seconds":	1.0003520250320435,
					"bytes":	214304,
					"bits_per_second":	1713828.6894006967,
					"retransmits":	6,
					"snd_cwnd":	11584,
					"rtt":	26870,
					"rttvar":	6558,
					"pmtu":	1500,
					"omitted":	false,
					"sender":	true
				}],
			"sum":	{
				"start":	0,
				"end":	1.000352,
				"seconds":	1.0003520250320435,
				"bytes":	214304,
				"bits_per_second":	1713828.6894006967,
				"retransmits":	6,
				"omitted":	false,
				"sender":	true
			}
		}, {
			"streams":	[{
					"socket":	7,
					"start":	1.000352,
					"end":	2.000711,
					"seconds":	1.000359058380127,
					"bytes":	95568,
					"bits_per_second":	764269.58260169078,
					"retransmits":	6,
					"snd_cwnd":	10136,
					"rtt":	39741,
					"rttvar":	14806,
					"pmtu":	1500,
					"omitted":	false,
					"sender":	true
				}],
			"sum":	{
				"start":	1.000352,
				"end":	2.000711,
				"seconds":	1.000359058380127,
				"bytes":	95568,
				"bits_per_second":	764269.58260169078,
				"retransmits":	6,
				"omitted":	false,
				"sender":	true
			}
		}, {
			"streams":	[{
					"socket":	7,
					"start":	2.000711,
					"end":	3.000261,
					"seconds":	0.9995499849319458,
					"bytes":	130320,
					"bits_per_second":	1043029.3789369449,
					"retransmits":	9,
					"snd_cwnd":	5792,
					"rtt":	64894,
					"rttvar":	69672,
					"pmtu":	1500,
					"omitted":	false,
					"sender":	true
				}],
			"sum":	{
				"start":	2.000711,
				"end":	3.000261,
				"seconds":	0.9995499849319458,
				"bytes":	130320,
				"bits_per_second":	1043029.3789369449,
				"retransmits":	9,
				"omitted":	false,
				"sender":	true
			}
		}, {
			"streams":	[{
					"socket":	7,
					"start":	3.000261,
					"end":	4.00109,
					"seconds":	1.0008289813995361,
					"bytes":	0,
					"bits_per_second":	0,
					"retransmits":	9,
					"snd_cwnd":	4344,
					"rtt":	63820,
					"rttvar":	39232,
					"pmtu":	1500,
					"omitted":	false,
					"sender":	true
				}],
			"sum":	{
				"start":	3.000261,
				"end":	4.00109,
				"seconds":	1.0008289813995361,
				"bytes":	0,
				"bits_per_second":	0,
				"retransmits":	9,
				"omitted":	false,
				"sender":	true
			}
		}, {
			"streams":	[{
					"socket":	7,
					"start":	4.00109,
					"end":	5.000456,
					"seconds":	0.99936598539352417,
					"bytes":	65160,
					"bits_per_second":	521610.70880827866,
					"retransmits":	4,
					"snd_cwnd":	4344,
					"rtt":	67127,
					"rttvar":	74184,
					"pmtu":	1500,
					"omitted":	false,
					"sender":	true
				}],
			"sum":	{
				"start":	4.00109,
				"end":	5.000456,
				"seconds":	0.99936598539352417,
				"bytes":	65160,
				"bits_per_second":	521610.70880827866,
				"retransmits":	4,
				"omitted":	false,
				"sender":	true
			}
		}, {
			"streams":	[{
					"socket":	7,
					"start":	5.000456,
					"end":	6.000223,
					"seconds":	0.999767005443573,
					"bytes":	65160,
					"bits_per_second":	521401.4837074168,
					"retransmits":	4,
					"snd_cwnd":	10136,
					"rtt":	66176,
					"rttvar":	32398,
					"pmtu":	1500,
					"omitted":	false,
					"sender":	true
				}],
			"sum":	{
				"start":	5.000456,
				"end":	6.000223,
				"seconds":	0.999767005443573,
				"bytes":	65160,
				"bits_per_second":	521401.4837074168,
				"retransmits":	4,
				"omitted":	false,
				"sender":	true
			}
		}, {
			"streams":	[{
					"socket":	7,
					"start":	6.000223,
					"end":	7.003653,
					"seconds":	1.0034300088882446,
					"bytes":	65160,
					"bits_per_second":	519498.11684180627,
					"retransmits":	6,
					"snd_cwnd":	4344,
					"rtt":	53962,
					"rttvar":	40654,
					"pmtu":	1500,
					"omitted":	false,
					"sender":	true
				}],
			"sum":	{
				"start":	6.000223,
				"end":	7.003653,
				"seconds":	1.0034300088882446,
				"bytes":	65160,
				"bits_per_second":	519498.11684180627,
				"retransmits":	6,
				"omitted":	false,
				"sender":	true
			}
		}, {
			"streams":	[{
					"socket":	7,
					"start":	7.003653,
					"end":	8.00005,
					"seconds":	0.99639701843261719,
					"bytes":	0,
					"bits_per_second":	0,
					"retransmits":	2,
					"snd_cwnd":	4344,
					"rtt":	102358,
					"rttvar":	112183,
					"pmtu":	1500,
					"omitted":	false,
					"sender":	true
				}],
			"sum":	{
				"start":	7.003653,
				"end":	8.00005,
				"seconds":	0.99639701843261719,
				"bytes":	0,
				"bits_per_second":	0,
				"retransmits":	2,
				"omitted":	false,
				"sender":	true
			}
		}, {
			"streams":	[{
					"socket":	7,
					"start":	8.00005,
					"end":	9.000355,
					"seconds":	1.0003050565719604,
					"bytes":	0,
					"bits_per_second":	0,
					"retransmits":	3,
					"snd_cwnd":	2896,
					"rtt":	202519,
					"rttvar":	284460,
					"pmtu":	1500,
					"omitted":	false,
					"sender":	true
				}],
			"sum":	{
				"start":	8.00005,
				"end":	9.000355,
				"seconds":	1.0003050565719604,
				"bytes":	0,
				"bits_per_second":	0,
				"retransmits":	3,
				"omitted":	false,
				"sender":	true
			}
		}, {
			"streams":	[{
					"socket":	7,
					"start":	9.000355,
					"end":	10.000328,
					"seconds":	0.99997299909591675,
					"bytes":	0,
					"bits_per_second":	0,
					"retransmits":	1,
					"snd_cwnd":	1448,
					"rtt":	202519,
					"rttvar":	284460,
					"pmtu":	1500,
					"omitted":	false,
					"sender":	true
				}],
			"sum":	{
				"start":	9.000355,
				"end":	10.000328,
				"seconds":	0.99997299909591675,
				"bytes":	0,
				"bits_per_second":	0,
				"retransmits":	1,
				"omitted":	false,
				"sender":	true
			}
		}, {
			"streams":	[{
					"socket":	7,
					"start":	10.000328,
					"end":	11.000714,
					"seconds":	1.0003859996795654,
					"bytes":	0,
					"bits_per_second":	0,
					"retransmits":	1,
					"snd_cwnd":	2896,
					"rtt":	286415,
					"rttvar":	344459,
					"pmtu":	1500,
					"omitted":	false,
					"sender":	true
				}],
			"sum":	{
				"start":	10.000328,
				"end":	11.000714,
				"seconds":	1.0003859996795654,
				"bytes":	0,
				"bits_per_second":	0,
				"retransmits":	1,
				"omitted":	false,
				"sender":	true
			}
		}, {
			"streams":	[{
					"socket":	7,
					"start":	11.000714,
					"end":	12.006494,
					"seconds":	1.0057799816131592,
					"bytes":	0,
					"bits_per_second":	0,
					"retransmits":	0,
					"snd_cwnd":	2896,
					"rtt":	286415,
					"rttvar":	344459,
					"pmtu":	1500,
					"omitted":	false,
					"sender":	true
				}],
			"sum":	{
				"start":	11.000714,
				"end":	12.006494,
				"seconds":	1.0057799816131592,
				"bytes":	0,
				"bits_per_second":	0,
				"retransmits":	0,
				"omitted":	false,
				"sender":	true
			}
		}, {
			"streams":	[{
					"socket":	7,
					"start":	12.006494,
					"end":	13.002004,
					"seconds":	0.99550998210906982,
					"bytes":	0,
					"bits_per_second":	0,
					"retransmits":	1,
					"snd_cwnd":	5792,
					"rtt":	403970,
					"rttvar":	612309,
					"pmtu":	1500,
					"omitted":	false,
					"sender":	true
				}],
			"sum":	{
				"start":	12.006494,
				"end":	13.002004,
				"seconds":	0.99550998210906982,
				"bytes":	0,
				"bits_per_second":	0,
				"retransmits":	1,
				"omitted":	false,
				"sender":	true
			}
		}, {
			"streams":	[{
					"socket":	7,
					"start":	13.002004,