{
	"start":	{
		"connected":	[{
				"socket":	7,
				"local_host":	"192.168.42.2",
				"local_port":	40795,
				"remote_host":	"192.168.42.1",
				"remote_port":	5201
			}],
		"version":	"iperf 3.7",
		"system_info":	"Linux rathan-VirtualBox 5.4.0-177-generic #197-Ubuntu SMP Thu Mar 28 22:45:47 UTC 2024 x86_64",
		"timestamp":	{
			"time":	"Wed, 06 Nov 2024 08:37:08 GMT",
			"timesecs":	1730882228
		},
		"connecting_to":	{
			"host":	"192.168.42.1",
			"port":	5201
		},
		"cookie":	"t3t2bcpbemp5byywegkrftye7rqrr3d3ogte",
		"sock_bufsize":	0,
		"sndbuf_actual":	212992,
		"rcvbuf_actual":	212992,
		"test_start":	{
			"protocol":	"UDP",
			"num_streams":	1,
			"blksize":	1448,
			"omit":	0,
			"duration":	30,
			"bytes":	0,
			"blocks":	0,
			"reverse":	0,
			"tos":	0
		}
	},
	"intervals":	[{
			"streams":	[{
					"socket":	7,
					"start":	0,
					"end":	1.000065,
					"seconds":	1.0000649690628052,
					"bytes":	131768,
					"bits_per_second":	1054075.5177014892,
					"packets":	91,
					"omitted":	false,
					"sender":	true
				}],
			"sum":	{
				"start":	0,
				"end":	1.000065,
				"seconds":	1.0000649690628052,
				"bytes":	131768,
				"bits_per_second":	1054075.5177014892,
				"packets":	91,
				"omitted":	false,
				"sender":	true
			}
		}, {
			"streams":	[{
					"socket":	7,
					"start":	1.000065,
					"end":	2.000196,
					"seconds":	1.0001310110092163,
					"bytes":	79640,
					"bits_per_second":	637036.54119982978,
					"packets":	55,
					"omitted":	false,
					"sender":	true
				}],
			"sum":	{
				"start":	1.000065,
				"end":	2.000196,
				"seconds":	1.0001310110092163,
				"bytes":	79640,
				"bits_per_second":	637036.54119982978,
				"packets":	55,
				"omitted":	false,
				"sender":	true
			}
		}, {
			"streams":	[{
					"socket":	7,
					"start":	2.000196,
					"end":	3.00009,
					"seconds":	0.99989402294158936,
					"bytes":	65160,
					"bits_per_second":	521335.24957619584,
					"packets":	45,
					"omitted":	false,
					"sender":	true
				}],
			"sum":	{
				"start":	2.000196,
				"end":	3.00009,
				"seconds":	0.99989402294158936,
				"bytes":	65160,
				"bits_per_second":	521335.24957619584,
				"packets":	45,
				"omitted":	false,
				"sender":	true
			}
		}, {
			"streams":	[{
					"socket":	7,
					"start":	3.00009,
					"end":	4.000107,
					"seconds":	1.0000170469284058,
					"bytes":	68056,
					"bits_per_second":	544438.71899213607,
					"packets":	47,
					"omitted":	false,
					"sender":	true
				}],
			"sum":	{
				"start":	3.00009,
				"end":	4.000107,
				"seconds":	1.0000170469284058,
				"bytes":	68056,
				"bits_per_second":	544438.71899213607,
				"packets":	47,
				"omitted":	false,
				"sender":	true
			}
		}, {
			"streams":	[{
					"socket":	7,
					"start":	4.000107,
					"end":	5.000079,
					"seconds":	0.99997198581695557,
					"bytes":	68056,
					"bits_per_second":	544463.2526932219,
					"packets":	47,
					"omitted":	false,
					"sender":	true
				}],
			"sum":	{
				"start":	4.000107,
				"end":	5.000079,
				"seconds":	0.99997198581695557,
				"bytes":	68056,
				"bits_per_second":	544463.2526932219,
				"packets":	47,
				"omitted":	false,
				"sender":	true
			}
		}, {
			"streams":	[{
					"socket":	7,
					"start":	5.000079,
					"end":	6.000129,
					"seconds":	1.0000499486923218,
					"bytes":	69504,
					"bits_per_second":	556004.22831587028,
					"packets":	48,
					"omitted":	false,
					"sender":	true
				}],
			"sum":	{
				"start":	5.000079,
				"end":	6.000129,
				"seconds":	1.0000499486923218,
				"bytes":	69504,
				"bits_per_second":	556004.22831587028,
				"packets":	48,
				"omitted":	false,
				"sender":	true
			}
		}, {
			"streams":	[{
					"socket":	7,
					"start":	6.000129,
					"end":	7.000134,
					"seconds":	1.0000050067901611,
					"bytes":	68056,
					"bits_per_second":	544445.27407675853,
					"packets":	47,
					"omitted":	false,
					"sender":	true
				}],
			"sum":	{
				"start":	6.000129,
				"end":	7.000134,
				"seconds":	1.0000050067901611,
				"bytes":	68056,
				"bits_per_second":	544445.27407675853,
				"packets":	47,
				"omitted":	false,
				"sender":	true
			}
		}, {
			"streams":	[{
					"socket":	7,
					"start":	7.000134,
					"end":	8.000054,
					"seconds":	0.99992001056671143,
					"bytes":	68056,
					"bits_per_second":	544491.55357080058,
					"packets":	47,
					"omitted":	false,
					"sender":	true
				}],
			"sum":	{
				"start":	7.000134,
				"end":	8.000054,
				"seconds":	0.99992001056671143,
				"bytes":	68056,
				"bits_per_second":	544491.55357080058,
				"packets":	47,
				"omitted":	false,
				"sender":	true
			}
		}, {
			"streams":	[{
					"socket":	7,
					"start":	8.000054,
					"end":	9.000063,
					"seconds":	1.0000089406967163,
					"bytes":	66608,
					"bits_per_second":	532859.23586717958,
					"packets":	46,
					"omitted":	false,
					"sender":	true
				}],
			"sum":	{
				"start":	8.000054,
				"end":	9.000063,
				"seconds":	1.0000089406967163,
				"bytes":	66608,
				"bits_per_second":	532859.23586717958,
				"packets":	46,
				"omitted":	false,
				"sender":	true
			}
		}, {
			"streams":	[{
					"socket":	7,
					"start":	9.000063,
					"end":	10.000096,
					"seconds":	1.0000330209732056,
					"bytes":	69504,
					"bits_per_second":	556013.63988849532,
					"packets":	48,
					"omitted":	false,
					"sender":	true
				}],
			"sum":	{
				"start":	9.000063,
				"end":	10.000096,
				"seconds":	1.0000330209732056,
				"bytes":	69504,
				"bits_per_second":	556013.63988849532,
				"packets":	48,
				"omitted":	false,
				"sender":	true
			}
		}, {
			"streams":	[{
					"socket":	7,
					"start":	10.000096,
					"end":	11.000109,
					"seconds":	1.000012993812561,
					"bytes":	66608,
					"bits_per_second":	532857.07615503063,
					"packets":	46,
					"omitted":	false,
					"sender":	true
				}],
			"sum":	{
				"start":	10.000096,
				"end":	11.000109,
				"seconds":	1.000012993812561,
				"bytes":	66608,
				"bits_per_second":	532857.07615503063,
				"packets":	46,
				"omitted":	false,
				"sender":	true
			}
		}, {
			"streams":	[{
					"socket":	7,
					"start":	11.000109,
					"end":	12.000114,
					"seconds":	1.0000050067901611,
					"bytes":	68056,
					"bits_per_second":	544445.27407675853,
					"packets":	47,
					"omitted":	false,
					"sender":	true
				}],
			"sum":	{
				"start":	11.000109,
				"end":	12.000114,
				"seconds":	1.0000050067901611,
				"bytes":	68056,
				"bits_per_second":	544445.27407675853,
				"packets":	47,
				"omitted":	false,
				"sender":	true
			}
		}, {
			"streams":	[{
					"socket":	7,
					"start":	12.000114,
					"end":	13.00006,
					"seconds":	0.9999459981918335,
					"bytes":	66608,
					"bits_per_second":	532892.77717352624,
					"packets":	46,
					"omitted":	false,
					"sender":	true
				}],
			"sum":	{
				"start":	12.000114,
				"end":	13.00006,
				"seconds":	0.9999459981918335,
				"bytes":	66608,
				"bits_per_second":	532892.77717352624,
				"packets":	46,
				"omitted":	false,
				"sender":	true
			}
		}, {
			"streams":	[{
					"socket":	7,
					"start":	13.00006,
					"end":	14.000174,
					"seconds":	1.0001139640808105,
					"bytes":	66608,
					"bits_per_second":	532803.2795639917,
					"packets":	46,
					"omitted":	false,
					"sender":	true
				}],
			"sum":	{
				"start":	13.00006,
				"end":	14.000174,
				"seconds":	1.0001139640808105,
				"bytes":	66608,
				"bits_per_second":	532803.2795639917,
				"packets":	46,
				"omitted":	false,
				"sender":	true
			}
		}, {
			"streams":	[{
					"socket":	7,
					"start":	14.000174,
					"end":	15.000213,
					"seconds":	1.0000389814376831,
					"bytes":	65160,
					"bits_per_second":	521259.680548246,
					"packets":	45,
					"omitted":	false,
					"sender":	true
				}],
			"sum":	{
				"start":	14.000174,
				"end":	15.000213,
				"seconds":	1.0000389814376831,
				"bytes":	65160,
				"bits_per_second":	521259.680548246,
				"packets":	45,
				"omitted":	false,