{
	"start":	{
		"connected":	[{
				"socket":	7,
				"local_host":	"192.168.42.3",
				"local_port":	50782,
				"remote_host":	"192.168.42.1",
				"remote_port":	5202
			}],
		"version":	"iperf 3.7",
		"system_info":	"Linux rathan-VirtualBox 5.4.0-177-generic #197-Ubuntu SMP Thu Mar 28 22:45:47 UTC 2024 x86_64",
		"timestamp":	{
			"time":	"Wed, 06 Nov 2024 08:37:08 GMT",
			"timesecs":	1730882228
		},
		"connecting_to":	{
			"host":	"192.168.42.1",
			"port":	5202
		},
		"cookie":	"dyxnmlahsarjdbg4jl7yi6mfhsvsgt3btvgm",
		"sock_bufsize":	0,
		"sndbuf_actual":	212992,
		"rcvbuf_actual":	212992,
		"test_start":	{
			"protocol":	"UDP",
			"num_streams":	1,
			"blksize":	1448,
			"omit":	0,
			"duration":	30,
			"bytes":	0,
			"blocks":	0,
			"reverse":	0,
			"tos":	0
		}
	},
	"intervals":	[{
			"streams":	[{
					"socket":	7,
					"start":	0,
					"end":	1.000078,
					"seconds":	1.0000779628753662,
					"bytes":	131768,
					"bits_per_second":	1054061.8223095189,
					"packets":	91,
					"omitted":	false,
					"sender":	true
				}],
			"sum":	{
				"start":	0,
				"end":	1.000078,
				"seconds":	1.0000779628753662,
				"bytes":	131768,
				"bits_per_second":	1054061.8223095189,
				"packets":	91,
				"omitted":	false,
				"sender":	true
			}
		}, {
			"streams":	[{
					"socket":	7,
					"start":	1.000078,
					"end":	2.000356,
					"seconds":	1.0002779960632324,
					"bytes":	79640,
					"bits_per_second":	636942.93237229681,
					"packets":	55,
					"omitted":	false,
					"sender":	true
				}],
			"sum":	{
				"start":	1.000078,
				"end":	2.000356,
				"seconds":	1.0002779960632324,
				"bytes":	79640,
				"bits_per_second":	636942.93237229681,
				"packets":	55,
				"omitted":	false,
				"sender":	true
			}
		}, {
			"streams":	[{
					"socket":	7,
					"start":	2.000356,
					"end":	3.000026,
					"seconds":	0.99967002868652344,
					"bytes":	65160,
					"bits_per_second":	521452.06422254659,
					"packets":	45,
					"omitted":	false,
					"sender":	true
				}],
			"sum":	{
				"start":	2.000356,
				"end":	3.000026,
				"seconds":	0.99967002868652344,
				"bytes":	65160,
				"bits_per_second":	521452.06422254659,
				"packets":	45,
				"omitted":	false,
				"sender":	true
			}
		}, {
			"streams":	[{
					"socket":	7,
					"start":	3.000026,
					"end":	4.000357,
					"seconds":	1.0003310441970825,
					"bytes":	68056,
					"bits_per_second":	544267.82329543936,
					"packets":	47,
					"omitted":	false,
					"sender":	true
				}],
			"sum":	{
				"start":	3.000026,
				"end":	4.000357,
				"seconds":	1.0003310441970825,
				"bytes":	68056,
				"bits_per_second":	544267.82329543936,
				"packets":	47,
				"omitted":	false,
				"sender":	true
			}
		}, {
			"streams":	[{
					"socket":	7,
					"start":	4.000357,
					"end":	5.000073,
					"seconds":	0.99971598386764526,
					"bytes":	68056,
					"bits_per_second":	544602.67594569211,
					"packets":	47,
					"omitted":	false,
					"sender":	true
				}],
			"sum":	{
				"start":	4.000357,
				"end":	5.000073,
				"seconds":	0.99971598386764526,
				"bytes":	68056,
				"bits_per_second":	544602.67594569211,
				"packets":	47,
				"omitted":	false,
				"sender":	true
			}
		}, {
			"streams":	[{
					"socket":	7,
					"start":	5.000073,
					"end":	6.000083,
					"seconds":	1.0000100135803223,
					"bytes":	68056,
					"bits_per_second":	544442.548180813,
					"packets":	47,
					"omitted":	false,
					"sender":	true
				}],
			"sum":	{
				"start":	5.000073,
				"end":	6.000083,
				"seconds":	1.0000100135803223,
				"bytes":	68056,
				"bits_per_second":	544442.548180813,
				"packets":	47,
				"omitted":	false,
				"sender":	true
			}
		}, {
			"streams":	[{
					"socket":	7,
					"start":	6.000083,
					"end":	7.000021,
					"seconds":	0.99993801116943359,
					"bytes":	69504,
					"bits_per_second":	556066.469910187,
					"packets":	48,
					"omitted":	false,
					"sender":	true
				}],
			"sum":	{
				"start":	6.000083,
				"end":	7.000021,
				"seconds":	0.99993801116943359,
				"bytes":	69504,
				"bits_per_second":	556066.469910187,
				"packets":	48,
				"omitted":	false,
				"sender":	true
			}
		}, {
			"streams":	[{
					"socket":	7,
					"start":	7.000021,
					"end":	8.000071,
					"seconds":	1.0000499486923218,
					"bytes":	68056,
					"bits_per_second":	544420.806892623,
					"packets":	47,
					"omitted":	false,
					"sender":	true
				}],
			"sum":	{
				"start":	7.000021,
				"end":	8.000071,
				"seconds":	1.0000499486923218,
				"bytes":	68056,
				"bits_per_second":	544420.806892623,
				"packets":	47,
				"omitted":	false,
				"sender":	true
			}
		}, {
			"streams":	[{
					"socket":	7,
					"start":	8.000071,
					"end":	9.00036,
					"seconds":	1.0002889633178711,
					"bytes":	66608,
					"bits_per_second":	532710.06633176946,
					"packets":	46,
					"omitted":	false,
					"sender":	true
				}],
			"sum":	{
				"start":	8.000071,
				"end":	9.00036,
				"seconds":	1.0002889633178711,
				"bytes":	66608,
				"bits_per_second":	532710.06633176946,
				"packets":	46,
				"omitted":	false,
				"sender":	true
			}
		}, {
			"streams":	[{
					"socket":	7,
					"start":	9.00036,
					"end":	10.000138,
					"seconds":	0.99977797269821167,
					"bytes":	69504,
					"bits_per_second":	556155.48170097684,
					"packets":	48,
					"omitted":	false,
					"sender":	true
				}],
			"sum":	{
				"start":	9.00036,
				"end":	10.000138,
				"seconds":	0.99977797269821167,
				"bytes":	69504,
				"bits_per_second":	556155.48170097684,
				"packets":	48,
				"omitted":	false,
				"sender":	true
			}
		}, {
			"streams":	[{
					"socket":	7,
					"start":	10.000138,
					"end":	11.000107,
					"seconds":	0.9999690055847168,
					"bytes":	66608,
					"bits_per_second":	532880.51632001915,
					"packets":	46,
					"omitted":	false,
					"sender":	true
				}],
			"sum":	{
				"start":	10.000138,
				"end":	11.000107,
				"seconds":	0.9999690055847168,
				"bytes":	66608,
				"bits_per_second":	532880.51632001915,
				"packets":	46,
				"omitted":	false,
				"sender":	true
			}
		}, {
			"streams":	[{
					"socket":	7,
					"start":	11.000107,
					"end":	12.000045,
					"seconds":	0.99993801116943359,
					"bytes":	68056,
					"bits_per_second":	544481.75178705808,
					"packets":	47,
					"omitted":	false,
					"sender":	true
				}],
			"sum":	{
				"start":	11.000107,
				"end":	12.000045,
				"seconds":	0.99993801116943359,
				"bytes":	68056,
				"bits_per_second":	544481.75178705808,
				"packets":	47,
				"omitted":	false,
				"sender":	true
			}
		}, {
			"streams":	[{
					"socket":	7,
					"start":	12.000045,
					"end":	13.000144,
					"seconds":	1.0000989437103271,
					"bytes":	68056,
					"bits_per_second":	544394.135624341,
					"packets":	47,
					"omitted":	false,
					"sender":	true
				}],
			"sum":	{
				"start":	12.000045,
				"end":	13.000144,
				"seconds":	1.0000989437103271,
				"bytes":	68056,
				"bits_per_second":	544394.135624341,
				"packets":	47,
				"omitted":	false,
				"sender":	true
			}
		}, {
			"streams":	[{
					"socket":	7,
					"start":	13.000144,
					"end":	14.000123,
					"seconds":	0.99997901916503906,
					"bytes":	68056,
					"bits_per_second":	544459.42321330134,
					"packets":	47,
					"omitted":	false,
					"sender":	true
				}],
			"sum":	{
				"start":	13.000144,
				"end":	14.000123,
				"seconds":	0.99997901916503906,
				"bytes":	68056,
				"bits_per_second":	544459.42321330134,
				"packets":	47,
				"omitted":	false,
				"sender":	true
			}
		}, {
			"streams":	[{
					"socket":	7,
					"start":	14.000123,
					"end":	15.000354,
					"seconds":	1.0002310276031494,
					"bytes":	63712,
					"bits_per_second":	509578.27335289028,
					"packets":	44,
					"omitted":	false,
					"sender":	true
				}],
			"sum":	{
				"start":	14.000123,
				"end":	15.000354,
				"seconds":	1.0002310276031494,
				"bytes":	63712,
				"bits_per_second":	509578.27335289028,
				"packets":	44,
				"omitted":	false,