{
	"start":	{
		"connected":	[{
				"socket":	7,
				"local_host":	"192.168.42.4",
				"local_port":	34577,
				"remote_host":	"192.168.42.1",
				"remote_port":	5203
			}],
		"version":	"iperf 3.7",
		"system_info":	"Linux rathan-VirtualBox 5.4.0-177-generic #197-Ubuntu SMP Thu Mar 28 22:45:47 UTC 2024 x86_64",
		"timestamp":	{
			"time":	"Wed, 06 Nov 2024 08:37:08 GMT",
			"timesecs":	1730882228
		},
		"connecting_to":	{
			"host":	"192.168.42.1",
			"port":	5203
		},
		"cookie":	"6ya7iddf3oynlwwlgrff45ziuyqhmm2wvbip",
		"sock_bufsize":	0,
		"sndbuf_actual":	212992,
		"rcvbuf_actual":	212992,
		"test_start":	{
			"protocol":	"UDP",
			"num_streams":	1,
			"blksize":	1448,
			"omit":	0,
			"duration":	30,
			"bytes":	0,
			"blocks":	0,
			"reverse":	0,
			"tos":	0
		}
	},
	"intervals":	[{
			"streams":	[{
					"socket":	7,
					"start":	0,
					"end":	1.000021,
					"seconds":	1.0000209808349609,
					"bytes":	131768,
					"bits_per_second":	1054121.8836427305,
					"packets":	91,
					"omitted":	false,
					"sender":	true
				}],
			"sum":	{
				"start":	0,
				"end":	1.000021,
				"seconds":	1.0000209808349609,
				"bytes":	131768,
				"bits_per_second":	1054121.8836427305,
				"packets":	91,
				"omitted":	false,
				"sender":	true
			}
		}, {
			"streams":	[{
					"socket":	7,
					"start":	1.000021,
					"end":	2.000272,
					"seconds":	1.0002510547637939,
					"bytes":	79640,
					"bits_per_second":	636960.088135527,
					"packets":	55,
					"omitted":	false,
					"sender":	true
				}],
			"sum":	{
				"start":	1.000021,
				"end":	2.000272,
				"seconds":	1.0002510547637939,
				"bytes":	79640,
				"bits_per_second":	636960.088135527,
				"packets":	55,
				"omitted":	false,
				"sender":	true
			}
		}, {
			"streams":	[{
					"socket":	7,
					"start":	2.000272,
					"end":	3.000031,
					"seconds":	0.9997590184211731,
					"bytes":	65160,
					"bits_per_second":	521405.649156543,
					"packets":	45,
					"omitted":	false,
					"sender":	true
				}],
			"sum":	{
				"start":	2.000272,
				"end":	3.000031,
				"seconds":	0.9997590184211731,
				"bytes":	65160,
				"bits_per_second":	521405.649156543,
				"packets":	45,
				"omitted":	false,
				"sender":	true
			}
		}, {
			"streams":	[{
					"socket":	7,
					"start":	3.000031,
					"end":	4.000303,
					"seconds":	1.0002720355987549,
					"bytes":	68056,
					"bits_per_second":	544299.93104235665,
					"packets":	47,
					"omitted":	false,
					"sender":	true
				}],
			"sum":	{
				"start":	3.000031,
				"end":	4.000303,
				"seconds":	1.0002720355987549,
				"bytes":	68056,
				"bits_per_second":	544299.93104235665,
				"packets":	47,
				"omitted":	false,
				"sender":	true
			}
		}, {
			"streams":	[{
					"socket":	7,
					"start":	4.000303,
					"end":	5.000119,
					"seconds":	0.99981600046157837,
					"bytes":	68056,
					"bits_per_second":	544548.19661682588,
					"packets":	47,
					"omitted":	false,
					"sender":	true
				}],
			"sum":	{
				"start":	4.000303,
				"end":	5.000119,
				"seconds":	0.99981600046157837,
				"bytes":	68056,
				"bits_per_second":	544548.19661682588,
				"packets":	47,
				"omitted":	false,
				"sender":	true
			}
		}, {
			"streams":	[{
					"socket":	7,
					"start":	5.000119,
					"end":	6.000143,
					"seconds":	1.0000239610671997,
					"bytes":	68056,
					"bits_per_second":	544434.95475746319,
					"packets":	47,
					"omitted":	false,
					"sender":	true
				}],
			"sum":	{
				"start":	5.000119,
				"end":	6.000143,
				"seconds":	1.0000239610671997,
				"bytes":	68056,
				"bits_per_second":	544434.95475746319,
				"packets":	47,
				"omitted":	false,
				"sender":	true
			}
		}, {
			"streams":	[{
					"socket":	7,
					"start":	6.000143,
					"end":	7.000066,
					"seconds":	0.9999229907989502,
					"bytes":	69504,
					"bits_per_second":	556074.82287783374,
					"packets":	48,
					"omitted":	false,
					"sender":	true
				}],
			"sum":	{
				"start":	6.000143,
				"end":	7.000066,
				"seconds":	0.9999229907989502,
				"bytes":	69504,
				"bits_per_second":	556074.82287783374,
				"packets":	48,
				"omitted":	false,
				"sender":	true
			}
		}, {
			"streams":	[{
					"socket":	7,
					"start":	7.000066,
					"end":	8.000079,
					"seconds":	1.000012993812561,
					"bytes":	68056,
					"bits_per_second":	544440.9256366617,
					"packets":	47,
					"omitted":	false,
					"sender":	true
				}],
			"sum":	{
				"start":	7.000066,
				"end":	8.000079,
				"seconds":	1.000012993812561,
				"bytes":	68056,
				"bits_per_second":	544440.9256366617,
				"packets":	47,
				"omitted":	false,
				"sender":	true
			}
		}, {
			"streams":	[{
					"socket":	7,
					"start":	8.000079,
					"end":	9.000325,
					"seconds":	1.0002460479736328,
					"bytes":	66608,
					"bits_per_second":	532732.92214401893,
					"packets":	46,
					"omitted":	false,
					"sender":	true
				}],
			"sum":	{
				"start":	8.000079,
				"end":	9.000325,
				"seconds":	1.0002460479736328,
				"bytes":	66608,
				"bits_per_second":	532732.92214401893,
				"packets":	46,
				"omitted":	false,
				"sender":	true
			}
		}, {
			"streams":	[{
					"socket":	7,
					"start":	9.000325,
					"end":	10.000082,
					"seconds":	0.99975699186325073,
					"bytes":	69504,
					"bits_per_second":	556167.15314360661,
					"packets":	48,
					"omitted":	false,
					"sender":	true
				}],
			"sum":	{
				"start":	9.000325,
				"end":	10.000082,
				"seconds":	0.99975699186325073,
				"bytes":	69504,
				"bits_per_second":	556167.15314360661,
				"packets":	48,
				"omitted":	false,
				"sender":	true
			}
		}, {
			"streams":	[{
					"socket":	7,
					"start":	10.000082,
					"end":	11.000113,
					"seconds":	1.0000309944152832,
					"bytes":	66608,
					"bits_per_second":	532847.48470377643,
					"packets":	46,
					"omitted":	false,
					"sender":	true
				}],
			"sum":	{
				"start":	10.000082,
				"end":	11.000113,
				"seconds":	1.0000309944152832,
				"bytes":	66608,
				"bits_per_second":	532847.48470377643,
				"packets":	46,
				"omitted":	false,
				"sender":	true
			}
		}, {
			"streams":	[{
					"socket":	7,
					"start":	11.000113,
					"end":	12.000116,
					"seconds":	1.0000029802322388,
					"bytes":	68056,
					"bits_per_second":	544446.37742335373,
					"packets":	47,
					"omitted":	false,
					"sender":	true
				}],
			"sum":	{
				"start":	11.000113,
				"end":	12.000116,
				"seconds":	1.0000029802322388,
				"bytes":	68056,
				"bits_per_second":	544446.37742335373,
				"packets":	47,
				"omitted":	false,
				"sender":	true
			}
		}, {
			"streams":	[{
					"socket":	7,
					"start":	12.000116,
					"end":	13.000065,
					"seconds":	0.99994897842407227,
					"bytes":	68056,
					"bits_per_second":	544475.78001235076,
					"packets":	47,
					"omitted":	false,
					"sender":	true
				}],
			"sum":	{
				"start":	12.000116,
				"end":	13.000065,
				"seconds":	0.99994897842407227,
				"bytes":	68056,
				"bits_per_second":	544475.78001235076,
				"packets":	47,
				"omitted":	false,
				"sender":	true
			}
		}, {
			"streams":	[{
					"socket":	7,
					"start":	13.000065,
					"end":	14.000211,
					"seconds":	1.0001460313796997,
					"bytes":	68056,
					"bits_per_second":	544368.50511613279,
					"packets":	47,
					"omitted":	false,
					"sender":	true
				}],
			"sum":	{
				"start":	13.000065,
				"end":	14.000211,
				"seconds":	1.0001460313796997,
				"bytes":	68056,
				"bits_per_second":	544368.50511613279,
				"packets":	47,
				"omitted":	false,
				"sender":	true
			}
		}, {
			"streams":	[{
					"socket":	7,
					"start":	14.000211,
					"end":	15.000278,
					"seconds":	1.0000669956207275,
					"bytes":	63712,
					"bits_per_second":	509661.85488767066,
					"packets":	44,
					"omitted":	false,
					"sender":	true
				}],
			"sum":	{
				"start":	14.000211,
				"end":	15.000278,
				"seconds":	1.0000669956207275,
				"bytes":	63712,
				"bits_per_second":	509661.85488767066,
				"packets":	44,
				"omitted":	false,