{
	"start":	{
		"connected":	[{
				"socket":	7,
				"local_host":	"192.168.42.5",
				"local_port":	34473,
				"remote_host":	"192.168.42.1",
				"remote_port":	5204
			}],
		"version":	"iperf 3.7",
		"system_info":	"Linux rathan-VirtualBox 5.4.0-177-generic #197-Ubuntu SMP Thu Mar 28 22:45:47 UTC 2024 x86_64",
		"timestamp":	{
			"time":	"Wed, 06 Nov 2024 08:37:08 GMT",
			"timesecs":	1730882228
		},
		"connecting_to":	{
			"host":	"192.168.42.1",
			"port":	5204
		},
		"cookie":	"hpyw57eykyifhnymao5pzoinoamdg2askezw",
		"sock_bufsize":	0,
		"sndbuf_actual":	212992,
		"rcvbuf_actual":	212992,
		"test_start":	{
			"protocol":	"UDP",
			"num_streams":	1,
			"blksize":	1448,
			"omit":	0,
			"duration":	30,
			"bytes":	0,
			"blocks":	0,
			"reverse":	0,
			"tos":	0
		}
	},
	"intervals":	[{
			"streams":	[{
					"socket":	7,
					"start":	0,
					"end":	1.000245,
					"seconds":	1.0002449750900269,
					"bytes":	131768,
					"bits_per_second":	1053885.8242253324,
					"packets":	91,
					"omitted":	false,
					"sender":	true
				}],
			"sum":	{
				"start":	0,
				"end":	1.000245,
				"seconds":	1.0002449750900269,
				"bytes":	131768,
				"bits_per_second":	1053885.8242253324,
				"packets":	91,
				"omitted":	false,
				"sender":	true
			}
		}, {
			"streams":	[{
					"socket":	7,
					"start":	1.000245,
					"end":	2.000256,
					"seconds":	1.0000109672546387,
					"bytes":	79640,
					"bits_per_second":	637113.012619357,
					"packets":	55,
					"omitted":	false,
					"sender":	true
				}],
			"sum":	{
				"start":	1.000245,
				"end":	2.000256,
				"seconds":	1.0000109672546387,
				"bytes":	79640,
				"bits_per_second":	637113.012619357,
				"packets":	55,
				"omitted":	false,
				"sender":	true
			}
		}, {
			"streams":	[{
					"socket":	7,
					"start":	2.000256,
					"end":	3.000029,
					"seconds":	0.99977302551269531,
					"bytes":	65160,
					"bits_per_second":	521398.34412183857,
					"packets":	45,
					"omitted":	false,
					"sender":	true
				}],
			"sum":	{
				"start":	2.000256,
				"end":	3.000029,
				"seconds":	0.99977302551269531,
				"bytes":	65160,
				"bits_per_second":	521398.34412183857,
				"packets":	45,
				"omitted":	false,
				"sender":	true
			}
		}, {
			"streams":	[{
					"socket":	7,
					"start":	3.000029,
					"end":	4.000274,
					"seconds":	1.0002449750900269,
					"bytes":	68056,
					"bits_per_second":	544314.65646802878,
					"packets":	47,
					"omitted":	false,
					"sender":	true
				}],
			"sum":	{
				"start":	3.000029,
				"end":	4.000274,
				"seconds":	1.0002449750900269,
				"bytes":	68056,
				"bits_per_second":	544314.65646802878,
				"packets":	47,
				"omitted":	false,
				"sender":	true
			}
		}, {
			"streams":	[{
					"socket":	7,
					"start":	4.000274,
					"end":	5.000132,
					"seconds":	0.999858021736145,
					"bytes":	68056,
					"bits_per_second":	544525.31075824657,
					"packets":	47,
					"omitted":	false,
					"sender":	true
				}],
			"sum":	{
				"start":	4.000274,
				"end":	5.000132,
				"seconds":	0.999858021736145,
				"bytes":	68056,
				"bits_per_second":	544525.31075824657,
				"packets":	47,
				"omitted":	false,
				"sender":	true
			}
		}, {
			"streams":	[{
					"socket":	7,
					"start":	5.000132,
					"end":	6.000088,
					"seconds":	0.99995601177215576,
					"bytes":	68056,
					"bits_per_second":	544471.95035620709,
					"packets":	47,
					"omitted":	false,
					"sender":	true
				}],
			"sum":	{
				"start":	5.000132,
				"end":	6.000088,
				"seconds":	0.99995601177215576,
				"bytes":	68056,
				"bits_per_second":	544471.95035620709,
				"packets":	47,
				"omitted":	false,
				"sender":	true
			}
		}, {
			"streams":	[{
					"socket":	7,
					"start":	6.000088,
					"end":	7.000118,
					"seconds":	1.0000300407409668,
					"bytes":	69504,
					"bits_per_second":	556015.29688849265,
					"packets":	48,
					"omitted":	false,
					"sender":	true
				}],
			"sum":	{
				"start":	6.000088,
				"end":	7.000118,
				"seconds":	1.0000300407409668,
				"bytes":	69504,
				"bits_per_second":	556015.29688849265,
				"packets":	48,
				"omitted":	false,
				"sender":	true
			}
		}, {
			"streams":	[{
					"socket":	7,
					"start":	7.000118,
					"end":	8.000088,
					"seconds":	0.999970018863678,
					"bytes":	68056,
					"bits_per_second":	544464.32365911012,
					"packets":	47,
					"omitted":	false,
					"sender":	true
				}],
			"sum":	{
				"start":	7.000118,
				"end":	8.000088,
				"seconds":	0.999970018863678,
				"bytes":	68056,
				"bits_per_second":	544464.32365911012,
				"packets":	47,
				"omitted":	false,
				"sender":	true
			}
		}, {
			"streams":	[{
					"socket":	7,
					"start":	8.000088,
					"end":	9.000288,
					"seconds":	1.0002000331878662,
					"bytes":	66608,
					"bits_per_second":	532757.4308327511,
					"packets":	46,
					"omitted":	false,
					"sender":	true
				}],
			"sum":	{
				"start":	8.000088,
				"end":	9.000288,
				"seconds":	1.0002000331878662,
				"bytes":	66608,
				"bits_per_second":	532757.4308327511,
				"packets":	46,
				"omitted":	false,
				"sender":	true
			}
		}, {
			"streams":	[{
					"socket":	7,
					"start":	9.000288,
					"end":	10.000126,
					"seconds":	0.99983799457550049,
					"bytes":	69504,
					"bits_per_second":	556122.094796041,
					"packets":	48,
					"omitted":	false,
					"sender":	true
				}],
			"sum":	{
				"start":	9.000288,
				"end":	10.000126,
				"seconds":	0.99983799457550049,
				"bytes":	69504,
				"bits_per_second":	556122.094796041,
				"packets":	48,
				"omitted":	false,
				"sender":	true
			}
		}, {
			"streams":	[{
					"socket":	7,
					"start":	10.000126,
					"end":	11.000195,
					"seconds":	1.00006902217865,
					"bytes":	66608,
					"bits_per_second":	532827.22310421732,
					"packets":	46,
					"omitted":	false,
					"sender":	true
				}],
			"sum":	{
				"start":	10.000126,
				"end":	11.000195,
				"seconds":	1.00006902217865,
				"bytes":	66608,
				"bits_per_second":	532827.22310421732,
				"packets":	46,
				"omitted":	false,
				"sender":	true
			}
		}, {
			"streams":	[{
					"socket":	7,
					"start":	11.000195,
					"end":	12.000044,
					"seconds":	0.99984902143478394,
					"bytes":	68056,
					"bits_per_second":	544530.21239018347,
					"packets":	47,
					"omitted":	false,
					"sender":	true
				}],
			"sum":	{
				"start":	11.000195,
				"end":	12.000044,
				"seconds":	0.99984902143478394,
				"bytes":	68056,
				"bits_per_second":	544530.21239018347,
				"packets":	47,
				"omitted":	false,
				"sender":	true
			}
		}, {
			"streams":	[{
					"socket":	7,
					"start":	12.000044,
					"end":	13.000146,
					"seconds":	1.0001020431518555,
					"bytes":	68056,
					"bits_per_second":	544392.448478711,
					"packets":	47,
					"omitted":	false,
					"sender":	true
				}],
			"sum":	{
				"start":	12.000044,
				"end":	13.000146,
				"seconds":	1.0001020431518555,
				"bytes":	68056,
				"bits_per_second":	544392.448478711,
				"packets":	47,
				"omitted":	false,
				"sender":	true
			}
		}, {
			"streams":	[{
					"socket":	7,
					"start":	13.000146,
					"end":	14.000036,
					"seconds":	0.9998900294303894,
					"bytes":	65160,
					"bits_per_second":	521337.33176333329,
					"packets":	45,
					"omitted":	false,
					"sender":	true
				}],
			"sum":	{
				"start":	13.000146,
				"end":	14.000036,
				"seconds":	0.9998900294303894,
				"bytes":	65160,
				"bits_per_second":	521337.33176333329,
				"packets":	45,
				"omitted":	false,
				"sender":	true
			}
		}, {
			"streams":	[{
					"socket":	7,
					"start":	14.000036,
					"end":	15.000276,
					"seconds":	1.0002399682998657,
					"bytes":	68056,
					"bits_per_second":	544317.381083474,
					"packets":	47,
					"omitted":	false,
					"sender":	true
				}],
			"sum":	{
				"start":	14.000036,
				"end":	15.000276,
				"seconds":	1.0002399682998657,
				"bytes":	68056,
				"bits_per_second":	544317.381083474,
				"packets":	47,
				"omitted":	false,