{
	"start":	{
		"connected":	[{
				"socket":	7,
				"local_host":	"192.168.42.7",
				"local_port":	40572,
				"remote_host":	"192.168.42.1",
				"remote_port":	5206
			}],
		"version":	"iperf 3.7",
		"system_info":	"Linux rathan-VirtualBox 5.4.0-177-generic #197-Ubuntu SMP Thu Mar 28 22:45:47 UTC 2024 x86_64",
		"timestamp":	{
			"time":	"Wed, 06 Nov 2024 08:37:08 GMT",
			"timesecs":	1730882228
		},
		"connecting_to":	{
			"host":	"192.168.42.1",
			"port":	5206
		},
		"cookie":	"jmkfmer3gq4x6prstvue23mrfydbgzvlmhxs",
		"sock_bufsize":	0,
		"sndbuf_actual":	212992,
		"rcvbuf_actual":	212992,
		"test_start":	{
			"protocol":	"UDP",
			"num_streams":	1,
			"blksize":	1448,
			"omit":	0,
			"duration":	30,
			"bytes":	0,
			"blocks":	0,
			"reverse":	0,
			"tos":	0
		}
	},
	"intervals":	[{
			"streams":	[{
					"socket":	7,
					"start":	0,
					"end":	1.000088,
					"seconds":	1.0000879764556885,
					"bytes":	131768,
					"bits_per_second":	1054051.2683053005,
					"packets":	91,
					"omitted":	false,
					"sender":	true
				}],
			"sum":	{
				"start":	0,
				"end":	1.000088,
				"seconds":	1.0000879764556885,
				"bytes":	131768,
				"bits_per_second":	1054051.2683053005,
				"packets":	91,
				"omitted":	false,
				"sender":	true
			}
		}, {
			"streams":	[{
					"socket":	7,
					"start":	1.000088,
					"end":	2.000292,
					"seconds":	1.0002039670944214,
					"bytes":	79640,
					"bits_per_second":	636990.07498523,
					"packets":	55,
					"omitted":	false,
					"sender":	true
				}],
			"sum":	{
				"start":	1.000088,
				"end":	2.000292,
				"seconds":	1.0002039670944214,
				"bytes":	79640,
				"bits_per_second":	636990.07498523,
				"packets":	55,
				"omitted":	false,
				"sender":	true
			}
		}, {
			"streams":	[{
					"socket":	7,
					"start":	2.000292,
					"end":	3.000427,
					"seconds":	1.0001349449157715,
					"bytes":	65160,
					"bits_per_second":	521209.66540560254,
					"packets":	45,
					"omitted":	false,
					"sender":	true
				}],
			"sum":	{
				"start":	2.000292,
				"end":	3.000427,
				"seconds":	1.0001349449157715,
				"bytes":	65160,
				"bits_per_second":	521209.66540560254,
				"packets":	45,
				"omitted":	false,
				"sender":	true
			}
		}, {
			"streams":	[{
					"socket":	7,
					"start":	3.000427,
					"end":	4.000213,
					"seconds":	0.99978601932525635,
					"bytes":	68056,
					"bits_per_second":	544564.52628477593,
					"packets":	47,
					"omitted":	false,
					"sender":	true
				}],
			"sum":	{
				"start":	3.000427,
				"end":	4.000213,
				"seconds":	0.99978601932525635,
				"bytes":	68056,
				"bits_per_second":	544564.52628477593,
				"packets":	47,
				"omitted":	false,
				"sender":	true
			}
		}, {
			"streams":	[{
					"socket":	7,
					"start":	4.000213,
					"end":	5.000099,
					"seconds":	0.99988597631454468,
					"bytes":	68056,
					"bits_per_second":	544510.08704689273,
					"packets":	47,
					"omitted":	false,
					"sender":	true
				}],
			"sum":	{
				"start":	4.000213,
				"end":	5.000099,
				"seconds":	0.99988597631454468,
				"bytes":	68056,
				"bits_per_second":	544510.08704689273,
				"packets":	47,
				"omitted":	false,
				"sender":	true
			}
		}, {
			"streams":	[{
					"socket":	7,
					"start":	5.000099,
					"end":	6.000056,
					"seconds":	0.99995702505111694,
					"bytes":	68056,
					"bits_per_second":	544471.3986305244,
					"packets":	47,
					"omitted":	false,
					"sender":	true
				}],
			"sum":	{
				"start":	5.000099,
				"end":	6.000056,
				"seconds":	0.99995702505111694,
				"bytes":	68056,
				"bits_per_second":	544471.3986305244,
				"packets":	47,
				"omitted":	false,
				"sender":	true
			}
		}, {
			"streams":	[{
					"socket":	7,
					"start":	6.000056,
					"end":	7.000183,
					"seconds":	1.0001269578933716,
					"bytes":	69504,
					"bits_per_second":	555961.41630978941,
					"packets":	48,
					"omitted":	false,
					"sender":	true
				}],
			"sum":	{
				"start":	6.000056,
				"end":	7.000183,
				"seconds":	1.0001269578933716,
				"bytes":	69504,
				"bits_per_second":	555961.41630978941,
				"packets":	48,
				"omitted":	false,
				"sender":	true
			}
		}, {
			"streams":	[{
					"socket":	7,
					"start":	7.000183,
					"end":	8.000229,
					"seconds":	1.0000460147857666,
					"bytes":	68056,
					"bits_per_second":	544422.94849465857,
					"packets":	47,
					"omitted":	false,
					"sender":	true
				}],
			"sum":	{
				"start":	7.000183,
				"end":	8.000229,
				"seconds":	1.0000460147857666,
				"bytes":	68056,
				"bits_per_second":	544422.94849465857,
				"packets":	47,
				"omitted":	false,
				"sender":	true
			}
		}, {
			"streams":	[{
					"socket":	7,
					"start":	8.000229,
					"end":	9.000154,
					"seconds":	0.99992501735687256,
					"bytes":	66608,
					"bits_per_second":	532903.958547345,
					"packets":	46,
					"omitted":	false,
					"sender":	true
				}],
			"sum":	{
				"start":	8.000229,
				"end":	9.000154,
				"seconds":	0.99992501735687256,
				"bytes":	66608,
				"bits_per_second":	532903.958547345,
				"packets":	46,
				"omitted":	false,
				"sender":	true
			}
		}, {
			"streams":	[{
					"socket":	7,
					"start":	9.000154,
					"end":	10.000059,
					"seconds":	0.999904990196228,
					"bytes":	69504,
					"bits_per_second":	556084.83351091249,
					"packets":	48,
					"omitted":	false,
					"sender":	true
				}],
			"sum":	{
				"start":	9.000154,
				"end":	10.000059,
				"seconds":	0.999904990196228,
				"bytes":	69504,
				"bits_per_second":	556084.83351091249,
				"packets":	48,
				"omitted":	false,
				"sender":	true
			}
		}, {
			"streams":	[{
					"socket":	7,
					"start":	10.000059,
					"end":	11.000099,
					"seconds":	1.0000400543212891,
					"bytes":	66608,
					"bits_per_second":	532842.657349006,
					"packets":	46,
					"omitted":	false,
					"sender":	true
				}],
			"sum":	{
				"start":	10.000059,
				"end":	11.000099,
				"seconds":	1.0000400543212891,
				"bytes":	66608,
				"bits_per_second":	532842.657349006,
				"packets":	46,
				"omitted":	false,
				"sender":	true
			}
		}, {
			"streams":	[{
					"socket":	7,
					"start":	11.000099,
					"end":	12.001748,
					"seconds":	1.001649022102356,
					"bytes":	68056,
					"bits_per_second":	543551.67128028627,
					"packets":	47,
					"omitted":	false,
					"sender":	true
				}],
			"sum":	{
				"start":	11.000099,
				"end":	12.001748,
				"seconds":	1.001649022102356,
				"bytes":	68056,
				"bits_per_second":	543551.67128028627,
				"packets":	47,
				"omitted":	false,
				"sender":	true
			}
		}, {
			"streams":	[{
					"socket":	7,
					"start":	12.001748,
					"end":	13.000127,
					"seconds":	0.99837899208068848,
					"bytes":	66608,
					"bits_per_second":	533729.17922629346,
					"packets":	46,
					"omitted":	false,
					"sender":	true
				}],
			"sum":	{
				"start":	12.001748,
				"end":	13.000127,
				"seconds":	0.99837899208068848,
				"bytes":	66608,
				"bits_per_second":	533729.17922629346,
				"packets":	46,
				"omitted":	false,
				"sender":	true
			}
		}, {
			"streams":	[{
					"socket":	7,
					"start":	13.000127,
					"end":	14.000103,
					"seconds":	0.99997597932815552,
					"bytes":	66608,
					"bits_per_second":	532876.80005874776,
					"packets":	46,
					"omitted":	false,
					"sender":	true
				}],
			"sum":	{
				"start":	13.000127,
				"end":	14.000103,
				"seconds":	0.99997597932815552,
				"bytes":	66608,
				"bits_per_second":	532876.80005874776,
				"packets":	46,
				"omitted":	false,
				"sender":	true
			}
		}, {
			"streams":	[{
					"socket":	7,
					"start":	14.000103,
					"end":	15.000075,
					"seconds":	0.99997198581695557,
					"bytes":	66608,
					"bits_per_second":	532878.92816783418,
					"packets":	46,
					"omitted":	false,
					"sender":	true
				}],
			"sum":	{
				"start":	14.000103,
				"end":	15.000075,
				"seconds":	0.99997198581695557,
				"bytes":	66608,
				"bits_per_second":	532878.92816783418,
				"packets":	46,
				"omitted":	false,