{
	"start":	{
		"connected":	[{
				"socket":	7,
				"local_host":	"192.168.42.8",
				"local_port":	48542,
				"remote_host":	"192.168.42.1",
				"remote_port":	5207
			}],
		"version":	"iperf 3.7",
		"system_info":	"Linux rathan-VirtualBox 5.4.0-177-generic #197-Ubuntu SMP Thu Mar 28 22:45:47 UTC 2024 x86_64",
		"timestamp":	{
			"time":	"Wed, 06 Nov 2024 08:37:08 GMT",
			"timesecs":	1730882228
		},
		"connecting_to":	{
			"host":	"192.168.42.1",
			"port":	5207
		},
		"cookie":	"frte66ifohxladyqp2tahyrky7476pcrjvzh",
		"sock_bufsize":	0,
		"sndbuf_actual":	212992,
		"rcvbuf_actual":	212992,
		"test_start":	{
			"protocol":	"UDP",
			"num_streams":	1,
			"blksize":	1448,
			"omit":	0,
			"duration":	30,
			"bytes":	0,
			"blocks":	0,
			"reverse":	0,
			"tos":	0
		}
	},
	"intervals":	[{
			"streams":	[{
					"socket":	7,
					"start":	0,
					"end":	1.000017,
					"seconds":	1.0000170469284058,
					"bytes":	131768,
					"bits_per_second":	1054126.0303890293,
					"packets":	91,
					"omitted":	false,
					"sender":	true
				}],
			"sum":	{
				"start":	0,
				"end":	1.000017,
				"seconds":	1.0000170469284058,
				"bytes":	131768,
				"bits_per_second":	1054126.0303890293,
				"packets":	91,
				"omitted":	false,
				"sender":	true
			}
		}, {
			"streams":	[{
					"socket":	7,
					"start":	1.000017,
					"end":	2.000093,
					"seconds":	1.0000760555267334,
					"bytes":	78192,
					"bits_per_second":	625488.42814813158,
					"packets":	54,
					"omitted":	false,
					"sender":	true
				}],
			"sum":	{
				"start":	1.000017,
				"end":	2.000093,
				"seconds":	1.0000760555267334,
				"bytes":	78192,
				"bits_per_second":	625488.42814813158,
				"packets":	54,
				"omitted":	false,
				"sender":	true
			}
		}, {
			"streams":	[{
					"socket":	7,
					"start":	2.000093,
					"end":	3.000177,
					"seconds":	1.0000840425491333,
					"bytes":	65160,
					"bits_per_second":	521236.19398155727,
					"packets":	45,
					"omitted":	false,
					"sender":	true
				}],
			"sum":	{
				"start":	2.000093,
				"end":	3.000177,
				"seconds":	1.0000840425491333,
				"bytes":	65160,
				"bits_per_second":	521236.19398155727,
				"packets":	45,
				"omitted":	false,
				"sender":	true
			}
		}, {
			"streams":	[{
					"socket":	7,
					"start":	3.000177,
					"end":	4.000101,
					"seconds":	0.99992400407791138,
					"bytes":	68056,
					"bits_per_second":	544489.37897242245,
					"packets":	47,
					"omitted":	false,
					"sender":	true
				}],
			"sum":	{
				"start":	3.000177,
				"end":	4.000101,
				"seconds":	0.99992400407791138,
				"bytes":	68056,
				"bits_per_second":	544489.37897242245,
				"packets":	47,
				"omitted":	false,
				"sender":	true
			}
		}, {
			"streams":	[{
					"socket":	7,
					"start":	4.000101,
					"end":	5.00008,
					"seconds":	0.99997901916503906,
					"bytes":	68056,
					"bits_per_second":	544459.42321330134,
					"packets":	47,
					"omitted":	false,
					"sender":	true
				}],
			"sum":	{
				"start":	4.000101,
				"end":	5.00008,
				"seconds":	0.99997901916503906,
				"bytes":	68056,
				"bits_per_second":	544459.42321330134,
				"packets":	47,
				"omitted":	false,
				"sender":	true
			}
		}, {
			"streams":	[{
					"socket":	7,
					"start":	5.00008,
					"end":	6.000089,
					"seconds":	1.0000089406967163,
					"bytes":	68056,
					"bits_per_second":	544443.13229907479,
					"packets":	47,
					"omitted":	false,
					"sender":	true
				}],
			"sum":	{
				"start":	5.00008,
				"end":	6.000089,
				"seconds":	1.0000089406967163,
				"bytes":	68056,
				"bits_per_second":	544443.13229907479,
				"packets":	47,
				"omitted":	false,
				"sender":	true
			}
		}, {
			"streams":	[{
					"socket":	7,
					"start":	6.000089,
					"end":	7.000067,
					"seconds":	0.99997800588607788,
					"bytes":	69504,
					"bits_per_second":	556044.22970013379,
					"packets":	48,
					"omitted":	false,
					"sender":	true
				}],
			"sum":	{
				"start":	6.000089,
				"end":	7.000067,
				"seconds":	0.99997800588607788,
				"bytes":	69504,
				"bits_per_second":	556044.22970013379,
				"packets":	48,
				"omitted":	false,
				"sender":	true
			}
		}, {
			"streams":	[{
					"socket":	7,
					"start":	7.000067,
					"end":	8.000095,
					"seconds":	1.0000280141830444,
					"bytes":	68056,
					"bits_per_second":	544432.74816133757,
					"packets":	47,
					"omitted":	false,
					"sender":	true
				}],
			"sum":	{
				"start":	7.000067,
				"end":	8.000095,
				"seconds":	1.0000280141830444,
				"bytes":	68056,
				"bits_per_second":	544432.74816133757,
				"packets":	47,
				"omitted":	false,
				"sender":	true
			}
		}, {
			"streams":	[{
					"socket":	7,
					"start":	8.000095,
					"end":	9.000083,
					"seconds":	0.99998801946640015,
					"bytes":	66608,
					"bits_per_second":	532870.38407154079,
					"packets":	46,
					"omitted":	false,
					"sender":	true
				}],
			"sum":	{
				"start":	8.000095,
				"end":	9.000083,
				"seconds":	0.99998801946640015,
				"bytes":	66608,
				"bits_per_second":	532870.38407154079,
				"packets":	46,
				"omitted":	false,
				"sender":	true
			}
		}, {
			"streams":	[{
					"socket":	7,
					"start":	9.000083,
					"end":	10.000158,
					"seconds":	1.0000749826431274,
					"bytes":	68056,
					"bits_per_second":	544407.17891078768,
					"packets":	47,
					"omitted":	false,
					"sender":	true
				}],
			"sum":	{
				"start":	9.000083,
				"end":	10.000158,
				"seconds":	1.0000749826431274,
				"bytes":	68056,
				"bits_per_second":	544407.17891078768,
				"packets":	47,
				"omitted":	false,
				"sender":	true
			}
		}, {
			"streams":	[{
					"socket":	7,
					"start":	10.000158,
					"end":	11.000134,
					"seconds":	0.99997597932815552,
					"bytes":	68056,
					"bits_per_second":	544461.07832089439,
					"packets":	47,
					"omitted":	false,
					"sender":	true
				}],
			"sum":	{
				"start":	10.000158,
				"end":	11.000134,
				"seconds":	0.99997597932815552,
				"bytes":	68056,
				"bits_per_second":	544461.07832089439,
				"packets":	47,
				"omitted":	false,
				"sender":	true
			}
		}, {
			"streams":	[{
					"socket":	7,
					"start":	11.000134,
					"end":	12.000096,
					"seconds":	0.9999619722366333,
					"bytes":	68056,
					"bits_per_second":	544468.70492707158,
					"packets":	47,
					"omitted":	false,
					"sender":	true
				}],
			"sum":	{
				"start":	11.000134,
				"end":	12.000096,
				"seconds":	0.9999619722366333,
				"bytes":	68056,
				"bits_per_second":	544468.70492707158,
				"packets":	47,
				"omitted":	false,
				"sender":	true
			}
		}, {
			"streams":	[{
					"socket":	7,
					"start":	12.000096,
					"end":	13.000109,
					"seconds":	1.000012993812561,
					"bytes":	66608,
					"bits_per_second":	532857.07615503063,
					"packets":	46,
					"omitted":	false,
					"sender":	true
				}],
			"sum":	{
				"start":	12.000096,
				"end":	13.000109,
				"seconds":	1.000012993812561,
				"bytes":	66608,
				"bits_per_second":	532857.07615503063,
				"packets":	46,
				"omitted":	false,
				"sender":	true
			}
		}, {
			"streams":	[{
					"socket":	7,
					"start":	13.000109,
					"end":	14.000109,
					"seconds":	1,
					"bytes":	68056,
					"bits_per_second":	544448,
					"packets":	47,
					"omitted":	false,
					"sender":	true
				}],
			"sum":	{
				"start":	13.000109,
				"end":	14.000109,
				"seconds":	1,
				"bytes":	68056,
				"bits_per_second":	544448,
				"packets":	47,
				"omitted":	false,
				"sender":	true
			}
		}, {
			"streams":	[{
					"socket":	7,
					"start":	14.000109,
					"end":	15.000097,
					"seconds":	0.99998801946640015,
					"bytes":	65160,
					"bits_per_second":	521286.24528737681,
					"packets":	45,
					"omitted":	false,
					"sender":	true
				}],
			"sum":	{
				"start":	14.000109,
				"end":	15.000097,
				"seconds":	0.99998801946640015,
				"bytes":	65160,
				"bits_per_second":	521286.24528737681,
				"packets":	45,
				"omitted":	false,
				"sender":	true
			}
		}, {
			"streams":	[{
					"socket":	7,