{
	"start":	{
		"connected":	[{
				"socket":	7,
				"local_host":	"192.168.42.9",
				"local_port":	47315,
				"remote_host":	"192.168.42.1",
				"remote_port":	5208
			}],
		"version":	"iperf 3.7",
		"system_info":	"Linux rathan-VirtualBox 5.4.0-177-generic #197-Ubuntu SMP Thu Mar 28 22:45:47 UTC 2024 x86_64",
		"timestamp":	{
			"time":	"Wed, 06 Nov 2024 08:37:08 GMT",
			"timesecs":	1730882228
		},
		"connecting_to":	{
			"host":	"192.168.42.1",
			"port":	5208
		},
		"cookie":	"upehafb6vwka54otpqo5eladqiavhvs3ca4d",
		"sock_bufsize":	0,
		"sndbuf_actual":	212992,
		"rcvbuf_actual":	212992,
		"test_start":	{
			"protocol":	"UDP",
			"num_streams":	1,
			"blksize":	1448,
			"omit":	0,
			"duration":	30,
			"bytes":	0,
			"blocks":	0,
			"reverse":	0,
			"tos":	0
		}
	},
	"intervals":	[{
			"streams":	[{
					"socket":	7,
					"start":	0,
					"end":	1.000075,
					"seconds":	1.0000749826431274,
					"bytes":	131768,
					"bits_per_second":	1054064.9634230146,
					"packets":	91,
					"omitted":	false,
					"sender":	true
				}],
			"sum":	{
				"start":	0,
				"end":	1.000075,
				"seconds":	1.0000749826431274,
				"bytes":	131768,
				"bits_per_second":	1054064.9634230146,
				"packets":	91,
				"omitted":	false,
				"sender":	true
			}
		}, {
			"streams":	[{
					"socket":	7,
					"start":	1.000075,
					"end":	2.00017,
					"seconds":	1.000095009803772,
					"bytes":	79640,
					"bits_per_second":	637059.47310446925,
					"packets":	55,
					"omitted":	false,
					"sender":	true
				}],
			"sum":	{
				"start":	1.000075,
				"end":	2.00017,
				"seconds":	1.000095009803772,
				"bytes":	79640,
				"bits_per_second":	637059.47310446925,
				"packets":	55,
				"omitted":	false,
				"sender":	true
			}
		}, {
			"streams":	[{
					"socket":	7,
					"start":	2.00017,
					"end":	3.00011,
					"seconds":	0.99993997812271118,
					"bytes":	65160,
					"bits_per_second":	521311.29008228262,
					"packets":	45,
					"omitted":	false,
					"sender":	true
				}],
			"sum":	{
				"start":	2.00017,
				"end":	3.00011,
				"seconds":	0.99993997812271118,
				"bytes":	65160,
				"bits_per_second":	521311.29008228262,
				"packets":	45,
				"omitted":	false,
				"sender":	true
			}
		}, {
			"streams":	[{
					"socket":	7,
					"start":	3.00011,
					"end":	4.000097,
					"seconds":	0.999987006187439,
					"bytes":	68056,
					"bits_per_second":	544455.07454718661,
					"packets":	47,
					"omitted":	false,
					"sender":	true
				}],
			"sum":	{
				"start":	3.00011,
				"end":	4.000097,
				"seconds":	0.999987006187439,
				"bytes":	68056,
				"bits_per_second":	544455.07454718661,
				"packets":	47,
				"omitted":	false,
				"sender":	true
			}
		}, {
			"streams":	[{
					"socket":	7,
					"start":	4.000097,
					"end":	5.000067,
					"seconds":	0.999970018863678,
					"bytes":	68056,
					"bits_per_second":	544464.32365911012,
					"packets":	47,
					"omitted":	false,
					"sender":	true
				}],
			"sum":	{
				"start":	4.000097,
				"end":	5.000067,
				"seconds":	0.999970018863678,
				"bytes":	68056,
				"bits_per_second":	544464.32365911012,
				"packets":	47,
				"omitted":	false,
				"sender":	true
			}
		}, {
			"streams":	[{
					"socket":	7,
					"start":	5.000067,
					"end":	6.000051,
					"seconds":	0.9999840259552002,
					"bytes":	68056,
					"bits_per_second":	544456.69717567228,
					"packets":	47,
					"omitted":	false,
					"sender":	true
				}],
			"sum":	{
				"start":	5.000067,
				"end":	6.000051,
				"seconds":	0.9999840259552002,
				"bytes":	68056,
				"bits_per_second":	544456.69717567228,
				"packets":	47,
				"omitted":	false,
				"sender":	true
			}
		}, {
			"streams":	[{
					"socket":	7,
					"start":	6.000051,
					"end":	7.000039,
					"seconds":	0.99998801946640015,
					"bytes":	69504,
					"bits_per_second":	556038.66163986863,
					"packets":	48,
					"omitted":	false,
					"sender":	true
				}],
			"sum":	{
				"start":	6.000051,
				"end":	7.000039,
				"seconds":	0.99998801946640015,
				"bytes":	69504,
				"bits_per_second":	556038.66163986863,
				"packets":	48,
				"omitted":	false,
				"sender":	true
			}
		}, {
			"streams":	[{
					"socket":	7,
					"start":	7.000039,
					"end":	8.000072,
					"seconds":	1.0000330209732056,
					"bytes":	68056,
					"bits_per_second":	544430.02239081834,
					"packets":	47,
					"omitted":	false,
					"sender":	true
				}],
			"sum":	{
				"start":	7.000039,
				"end":	8.000072,
				"seconds":	1.0000330209732056,
				"bytes":	68056,
				"bits_per_second":	544430.02239081834,
				"packets":	47,
				"omitted":	false,
				"sender":	true
			}
		}, {
			"streams":	[{
					"socket":	7,
					"start":	8.000072,
					"end":	9.000075,
					"seconds":	1.0000029802322388,
					"bytes":	66608,
					"bits_per_second":	532862.41194626107,
					"packets":	46,
					"omitted":	false,
					"sender":	true
				}],
			"sum":	{
				"start":	8.000072,
				"end":	9.000075,
				"seconds":	1.0000029802322388,
				"bytes":	66608,
				"bits_per_second":	532862.41194626107,
				"packets":	46,
				"omitted":	false,
				"sender":	true
			}
		}, {
			"streams":	[{
					"socket":	7,
					"start":	9.000075,
					"end":	10.000123,
					"seconds":	1.000048041343689,
					"bytes":	69504,
					"bits_per_second":	556005.28875882982,
					"packets":	48,
					"omitted":	false,
					"sender":	true
				}],
			"sum":	{
				"start":	9.000075,
				"end":	10.000123,
				"seconds":	1.000048041343689,
				"bytes":	69504,
				"bits_per_second":	556005.28875882982,
				"packets":	48,
				"omitted":	false,
				"sender":	true
			}
		}, {
			"streams":	[{
					"socket":	7,
					"start":	10.000123,
					"end":	11.000207,
					"seconds":	1.0000840425491333,
					"bytes":	66608,
					"bits_per_second":	532819.22051448072,
					"packets":	46,
					"omitted":	false,
					"sender":	true
				}],
			"sum":	{
				"start":	10.000123,
				"end":	11.000207,
				"seconds":	1.0000840425491333,
				"bytes":	66608,
				"bits_per_second":	532819.22051448072,
				"packets":	46,
				"omitted":	false,
				"sender":	true
			}
		}, {
			"streams":	[{
					"socket":	7,
					"start":	11.000207,
					"end":	12.001936,
					"seconds":	1.0017290115356445,
					"bytes":	68056,
					"bits_per_second":	543508.26793502213,
					"packets":	47,
					"omitted":	false,
					"sender":	true
				}],
			"sum":	{
				"start":	11.000207,
				"end":	12.001936,
				"seconds":	1.0017290115356445,
				"bytes":	68056,
				"bits_per_second":	543508.26793502213,
				"packets":	47,
				"omitted":	false,
				"sender":	true
			}
		}, {
			"streams":	[{
					"socket":	7,
					"start":	12.001936,
					"end":	13.000058,
					"seconds":	0.998121976852417,
					"bytes":	66608,
					"bits_per_second":	533866.61385854811,
					"packets":	46,
					"omitted":	false,
					"sender":	true
				}],
			"sum":	{
				"start":	12.001936,
				"end":	13.000058,
				"seconds":	0.998121976852417,
				"bytes":	66608,
				"bits_per_second":	533866.61385854811,
				"packets":	46,
				"omitted":	false,
				"sender":	true
			}
		}, {
			"streams":	[{
					"socket":	7,
					"start":	13.000058,
					"end":	14.000262,
					"seconds":	1.0002039670944214,
					"bytes":	66608,
					"bits_per_second":	532755.33544219239,
					"packets":	46,
					"omitted":	false,
					"sender":	true
				}],
			"sum":	{
				"start":	13.000058,
				"end":	14.000262,
				"seconds":	1.0002039670944214,
				"bytes":	66608,
				"bits_per_second":	532755.33544219239,
				"packets":	46,
				"omitted":	false,
				"sender":	true
			}
		}, {
			"streams":	[{
					"socket":	7,
					"start":	14.000262,
					"end":	15.000033,
					"seconds":	0.999770998954773,
					"bytes":	66608,
					"bits_per_second":	532986.05436354072,
					"packets":	46,
					"omitted":	false,
					"sender":	true
				}],
			"sum":	{
				"start":	14.000262,
				"end":	15.000033,
				"seconds":	0.999770998954773,
				"bytes":	66608,
				"bits_per_second":	532986.05436354072,
				"packets":	46,
				"omitted":	false,