{
	"start":	{
		"connected":	[{
				"socket":	7,
				"local_host":	"192.168.42.10",
				"local_port":	52273,
				"remote_host":	"192.168.42.1",
				"remote_port":	5209
			}],
		"version":	"iperf 3.7",
		"system_info":	"Linux rathan-VirtualBox 5.4.0-177-generic #197-Ubuntu SMP Thu Mar 28 22:45:47 UTC 2024 x86_64",
		"timestamp":	{
			"time":	"Wed, 06 Nov 2024 08:37:08 GMT",
			"timesecs":	1730882228
		},
		"connecting_to":	{
			"host":	"192.168.42.1",
			"port":	5209
		},
		"cookie":	"djjlkhzqlmsibk4yknlhfgyr572fce5v4s53",
		"sock_bufsize":	0,
		"sndbuf_actual":	212992,
		"rcvbuf_actual":	212992,
		"test_start":	{
			"protocol":	"UDP",
			"num_streams":	1,
			"blksize":	1448,
			"omit":	0,
			"duration":	30,
			"bytes":	0,
			"blocks":	0,
			"reverse":	0,
			"tos":	0
		}
	},
	"intervals":	[{
			"streams":	[{
					"socket":	7,
					"start":	0,
					"end":	1.000022,
					"seconds":	1.0000220537185669,
					"bytes":	131768,
					"bits_per_second":	1054120.7527175841,
					"packets":	91,
					"omitted":	false,
					"sender":	true
				}],
			"sum":	{
				"start":	0,
				"end":	1.000022,
				"seconds":	1.0000220537185669,
				"bytes":	131768,
				"bits_per_second":	1054120.7527175841,
				"packets":	91,
				"omitted":	false,
				"sender":	true
			}
		}, {
			"streams":	[{
					"socket":	7,
					"start":	1.000022,
					"end":	2.00022,
					"seconds":	1.0001980066299438,
					"bytes":	79640,
					"bits_per_second":	636993.87099031033,
					"packets":	55,
					"omitted":	false,
					"sender":	true
				}],
			"sum":	{
				"start":	1.000022,
				"end":	2.00022,
				"seconds":	1.0001980066299438,
				"bytes":	79640,
				"bits_per_second":	636993.87099031033,
				"packets":	55,
				"omitted":	false,
				"sender":	true
			}
		}, {
			"streams":	[{
					"socket":	7,
					"start":	2.00022,
					"end":	3.000382,
					"seconds":	1.0001620054244995,
					"bytes":	65160,
					"bits_per_second":	521195.56349148927,
					"packets":	45,
					"omitted":	false,
					"sender":	true
				}],
			"sum":	{
				"start":	2.00022,
				"end":	3.000382,
				"seconds":	1.0001620054244995,
				"bytes":	65160,
				"bits_per_second":	521195.56349148927,
				"packets":	45,
				"omitted":	false,
				"sender":	true
			}
		}, {
			"streams":	[{
					"socket":	7,
					"start":	3.000382,
					"end":	4.00014,
					"seconds":	0.99975800514221191,
					"bytes":	68056,
					"bits_per_second":	544579.78550774825,
					"packets":	47,
					"omitted":	false,
					"sender":	true
				}],
			"sum":	{
				"start":	3.000382,
				"end":	4.00014,
				"seconds":	0.99975800514221191,
				"bytes":	68056,
				"bits_per_second":	544579.78550774825,
				"packets":	47,
				"omitted":	false,
				"sender":	true
			}
		}, {
			"streams":	[{
					"socket":	7,
					"start":	4.00014,
					"end":	5.000066,
					"seconds":	0.999925971031189,
					"bytes":	68056,
					"bits_per_second":	544488.3079079641,
					"packets":	47,
					"omitted":	false,
					"sender":	true
				}],
			"sum":	{
				"start":	4.00014,
				"end":	5.000066,
				"seconds":	0.999925971031189,
				"bytes":	68056,
				"bits_per_second":	544488.3079079641,
				"packets":	47,
				"omitted":	false,
				"sender":	true
			}
		}, {
			"streams":	[{
					"socket":	7,
					"start":	5.000066,
					"end":	6.00019,
					"seconds":	1.0001239776611328,
					"bytes":	68056,
					"bits_per_second":	544380.50897773064,
					"packets":	47,
					"omitted":	false,
					"sender":	true
				}],
			"sum":	{
				"start":	5.000066,
				"end":	6.00019,
				"seconds":	1.0001239776611328,
				"bytes":	68056,
				"bits_per_second":	544380.50897773064,
				"packets":	47,
				"omitted":	false,
				"sender":	true
			}
		}, {
			"streams":	[{
					"socket":	7,
					"start":	6.00019,
					"end":	7.000145,
					"seconds":	0.99995499849319458,
					"bytes":	69504,
					"bits_per_second":	556057.02340392291,
					"packets":	48,
					"omitted":	false,
					"sender":	true
				}],
			"sum":	{
				"start":	6.00019,
				"end":	7.000145,
				"seconds":	0.99995499849319458,
				"bytes":	69504,
				"bits_per_second":	556057.02340392291,
				"packets":	48,
				"omitted":	false,
				"sender":	true
			}
		}, {
			"streams":	[{
					"socket":	7,
					"start":	7.000145,
					"end":	8.000147,
					"seconds":	1.0000020265579224,
					"bytes":	68056,
					"bits_per_second":	544446.89664682827,
					"packets":	47,
					"omitted":	false,
					"sender":	true
				}],
			"sum":	{
				"start":	7.000145,
				"end":	8.000147,
				"seconds":	1.0000020265579224,
				"bytes":	68056,
				"bits_per_second":	544446.89664682827,
				"packets":	47,
				"omitted":	false,
				"sender":	true
			}
		}, {
			"streams":	[{
					"socket":	7,
					"start":	8.000147,
					"end":	9.000079,
					"seconds":	0.99993199110031128,
					"bytes":	66608,
					"bits_per_second":	532900.24195909954,
					"packets":	46,
					"omitted":	false,
					"sender":	true
				}],
			"sum":	{
				"start":	8.000147,
				"end":	9.000079,
				"seconds":	0.99993199110031128,
				"bytes":	66608,
				"bits_per_second":	532900.24195909954,
				"packets":	46,
				"omitted":	false,
				"sender":	true
			}
		}, {
			"streams":	[{
					"socket":	7,
					"start":	9.000079,
					"end":	10.000122,
					"seconds":	1.0000430345535278,
					"bytes":	69504,
					"bits_per_second":	556008.07244084461,
					"packets":	48,
					"omitted":	false,
					"sender":	true
				}],
			"sum":	{
				"start":	9.000079,
				"end":	10.000122,
				"seconds":	1.0000430345535278,
				"bytes":	69504,
				"bits_per_second":	556008.07244084461,
				"packets":	48,
				"omitted":	false,
				"sender":	true
			}
		}, {
			"streams":	[{
					"socket":	7,
					"start":	10.000122,
					"end":	11.000101,
					"seconds":	0.99997901916503906,
					"bytes":	66608,
					"bits_per_second":	532875.18016620982,
					"packets":	46,
					"omitted":	false,
					"sender":	true
				}],
			"sum":	{
				"start":	10.000122,
				"end":	11.000101,
				"seconds":	0.99997901916503906,
				"bytes":	66608,
				"bits_per_second":	532875.18016620982,
				"packets":	46,
				"omitted":	false,
				"sender":	true
			}
		}, {
			"streams":	[{
					"socket":	7,
					"start":	11.000101,
					"end":	12.001745,
					"seconds":	1.0016440153121948,
					"bytes":	68056,
					"bits_per_second":	543554.3882626855,
					"packets":	47,
					"omitted":	false,
					"sender":	true
				}],
			"sum":	{
				"start":	11.000101,
				"end":	12.001745,
				"seconds":	1.0016440153121948,
				"bytes":	68056,
				"bits_per_second":	543554.3882626855,
				"packets":	47,
				"omitted":	false,
				"sender":	true
			}
		}, {
			"streams":	[{
					"socket":	7,
					"start":	12.001745,
					"end":	13.000092,
					"seconds":	0.99834698438644409,
					"bytes":	66608,
					"bits_per_second":	533746.29095262219,
					"packets":	46,
					"omitted":	false,
					"sender":	true
				}],
			"sum":	{
				"start":	12.001745,
				"end":	13.000092,
				"seconds":	0.99834698438644409,
				"bytes":	66608,
				"bits_per_second":	533746.29095262219,
				"packets":	46,
				"omitted":	false,
				"sender":	true
			}
		}, {
			"streams":	[{
					"socket":	7,
					"start":	13.000092,
					"end":	14.000159,
					"seconds":	1.0000669956207275,
					"bytes":	66608,
					"bits_per_second":	532828.30283711024,
					"packets":	46,
					"omitted":	false,
					"sender":	true
				}],
			"sum":	{
				"start":	13.000092,
				"end":	14.000159,
				"seconds":	1.0000669956207275,
				"bytes":	66608,
				"bits_per_second":	532828.30283711024,
				"packets":	46,
				"omitted":	false,
				"sender":	true
			}
		}, {
			"streams":	[{
					"socket":	7,
					"start":	14.000159,
					"end":	15.000028,
					"seconds":	0.99986898899078369,
					"bytes":	66608,
					"bits_per_second":	532933.82019762963,
					"packets":	46,
					"omitted":	false,
					"sender":	true
				}],
			"sum":	{
				"start":	14.000159,
				"end":	15.000028,
				"seconds":	0.99986898899078369,
				"bytes":	66608,
				"bits_per_second":	532933.82019762963,
				"packets":	46,
				"omitted":	false,