{
	"start":	{
		"connected":	[{
				"socket":	7,
				"local_host":	"192.168.42.2",
				"local_port":	38734,
				"remote_host":	"192.168.42.1",
				"remote_port":	5201
			}],
		"version":	"iperf 3.7",
		"system_info":	"Linux rathan-VirtualBox 5.4.0-177-generic #197-Ubuntu SMP Thu Mar 28 22:45:47 UTC 2024 x86_64",
		"timestamp":	{
			"time":	"Thu, 07 Nov 2024 08:36:01 GMT",
			"timesecs":	1730968561
		},
		"connecting_to":	{
			"host":	"192.168.42.1",
			"port":	5201
		},
		"cookie":	"ujk5c67xo7cmbjizmuwai6g7snre5cmqt7me",
		"tcp_mss_default":	1448,
		"sock_bufsize":	0,
		"sndbuf_actual":	87380,
		"rcvbuf_actual":	87380,
		"test_start":	{
			"protocol":	"TCP",
			"num_streams":	1,
			"blksize":	131072,
			"omit":	0,
			"duration":	30,
			"bytes":	0,
			"blocks":	0,
			"reverse":	0,
			"tos":	0
		}
	},
	"intervals":	[{
			"streams":	[{
					"socket":	7,
					"start":	0,
					"end":	1.000183,
					"seconds":	1.0001829862594604,
					"bytes":	312768,
					"bits_per_second":	2501686.2257951982,
					"retransmits":	2,
					"snd_cwnd":	23168,
					"rtt":	28493,
					"rttvar":	6648,
					"pmtu":	1500,
					"omitted":	false,
					"sender":	true
				}],
			"sum":	{
				"start":	0,
				"end":	1.000183,
				"seconds":	1.0001829862594604,
				"bytes":	312768,
				"bits_per_second":	2501686.2257951982,
				"retransmits":	2,
				"omitted":	false,
				"sender":	true
			}
		}, {
			"streams":	[{
					"socket":	7,
					"start":	1.000183,
					"end":	2.001715,
					"seconds":	1.0015319585800171,
					"bytes":	130320,
					"bits_per_second":	1040965.2843012149,
					"retransmits":	12,
					"snd_cwnd":	17376,
					"rtt":	29810,
					"rttvar":	11616,
					"pmtu":	1500,
					"omitted":	false,
					"sender":	true
				}],
			"sum":	{
				"start":	1.000183,
				"end":	2.001715,
				"seconds":	1.0015319585800171,
				"bytes":	130320,
				"bits_per_second":	1040965.2843012149,
				"retransmits":	12,
				"omitted":	false,
				"sender":	true
			}
		}, {
			"streams":	[{
					"socket":	7,
					"start":	2.001715,
					"end":	3.001941,
					"seconds":	1.0002260208129883,
					"bytes":	325800,
					"bits_per_second":	2605811.0324719469,
					"retransmits":	0,
					"snd_cwnd":	23168,
					"rtt":	26927,
					"rttvar":	27520,
					"pmtu":	1500,
					"omitted":	false,
					"sender":	true
				}],
			"sum":	{
				"start":	2.001715,
				"end":	3.001941,
				"seconds":	1.0002260208129883,
				"bytes":	325800,
				"bits_per_second":	2605811.0324719469,
				"retransmits":	0,
				"omitted":	false,
				"sender":	true
			}
		}, {
			"streams":	[{
					"socket":	7,
					"start":	3.001941,
					"end":	4.000624,
					"seconds":	0.998682975769043,
					"bytes":	716760,
					"bits_per_second":	5741641.8814833909,
					"retransmits":	2,
					"snd_cwnd":	27512,
					"rtt":	13138,
					"rttvar":	1163,
					"pmtu":	1500,
					"omitted":	false,
					"sender":	true
				}],
			"sum":	{
				"start":	3.001941,
				"end":	4.000624,
				"seconds":	0.998682975769043,
				"bytes":	716760,
				"bits_per_second":	5741641.8814833909,
				"retransmits":	2,
				"omitted":	false,
				"sender":	true
			}
		}, {
			"streams":	[{
					"socket":	7,
					"start":	4.000624,
					"end":	5.000202,
					"seconds":	0.99957799911499023,
					"bytes":	325800,
					"bits_per_second":	2607500.3674627324,
					"retransmits":	13,
					"snd_cwnd":	26064,
					"rtt":	53849,
					"rttvar":	40886,
					"pmtu":	1500,
					"omitted":	false,
					"sender":	true
				}],
			"sum":	{
				"start":	4.000624,
				"end":	5.000202,
				"seconds":	0.99957799911499023,
				"bytes":	325800,
				"bits_per_second":	2607500.3674627324,
				"retransmits":	13,
				"omitted":	false,
				"sender":	true
			}
		}, {
			"streams":	[{
					"socket":	7,
					"start":	5.000202,
					"end":	6.000273,
					"seconds":	1.0000710487365723,
					"bytes":	130320,
					"bits_per_second":	1042485.932691588,
					"retransmits":	17,
					"snd_cwnd":	20272,
					"rtt":	35898,
					"rttvar":	14720,
					"pmtu":	1500,
					"omitted":	false,
					"sender":	true
				}],
			"sum":	{
				"start":	5.000202,
				"end":	6.000273,
				"seconds":	1.0000710487365723,
				"bytes":	130320,
				"bits_per_second":	1042485.932691588,
				"retransmits":	17,
				"omitted":	false,
				"sender":	true
			}
		}, {
			"streams":	[{
					"socket":	7,
					"start":	6.000273,
					"end":	7.000776,
					"seconds":	1.0005029439926147,
					"bytes":	195480,
					"bits_per_second":	1563053.8714452235,
					"retransmits":	12,
					"snd_cwnd":	11584,
					"rtt":	32082,
					"rttvar":	4606,
					"pmtu":	1500,
					"omitted":	false,
					"sender":	true
				}],
			"sum":	{
				"start":	6.000273,
				"end":	7.000776,
				"seconds":	1.0005029439926147,
				"bytes":	195480,
				"bits_per_second":	1563053.8714452235,
				"retransmits":	12,
				"omitted":	false,
				"sender":	true
			}
		}, {
			"streams":	[{
					"socket":	7,
					"start":	7.000776,
					"end":	8.000512,
					"seconds":	0.99973601102828979,
					"bytes":	130320,
					"bits_per_second":	1042835.2970177229,
					"retransmits":	0,
					"snd_cwnd":	15928,
					"rtt":	47230,
					"rttvar":	19784,
					"pmtu":	1500,
					"omitted":	false,
					"sender":	true
				}],
			"sum":	{
				"start":	7.000776,
				"end":	8.000512,
				"seconds":	0.99973601102828979,
				"bytes":	130320,
				"bits_per_second":	1042835.2970177229,
				"retransmits":	0,
				"omitted":	false,
				"sender":	true
			}
		}, {
			"streams":	[{
					"socket":	7,
					"start":	8.000512,
					"end":	9.011417,
					"seconds":	1.0109050273895264,
					"bytes":	260640,
					"bits_per_second":	2062626.9961130111,
					"retransmits":	0,
					"snd_cwnd":	15928,
					"rtt":	28734,
					"rttvar":	6608,
					"pmtu":	1500,
					"omitted":	false,
					"sender":	true
				}],
			"sum":	{
				"start":	8.000512,
				"end":	9.011417,
				"seconds":	1.0109050273895264,
				"bytes":	260640,
				"bits_per_second":	2062626.9961130111,
				"retransmits":	0,
				"omitted":	false,
				"sender":	true
			}
		}, {
			"streams":	[{
					"socket":	7,
					"start":	9.011417,
					"end":	10.001097,
					"seconds":	0.98967999219894409,
					"bytes":	0,
					"bits_per_second":	0,
					"retransmits":	8,
					"snd_cwnd":	11584,
					"rtt":	35830,
					"rttvar":	34834,
					"pmtu":	1500,
					"omitted":	false,
					"sender":	true
				}],
			"sum":	{
				"start":	9.011417,
				"end":	10.001097,
				"seconds":	0.98967999219894409,
				"bytes":	0,
				"bits_per_second":	0,
				"retransmits":	8,
				"omitted":	false,
				"sender":	true
			}
		}, {
			"streams":	[{
					"socket":	7,
					"start":	10.001097,
					"end":	11.000476,
					"seconds":	0.99937897920608521,
					"bytes":	130320,
					"bits_per_second":	1043207.8537695662,
					"retransmits":	0,
					"snd_cwnd":	14480,
					"rtt":	71301,
					"rttvar":	17322,
					"pmtu":	1500,
					"omitted":	false,
					"sender":	true
				}],
			"sum":	{
				"start":	10.001097,
				"end":	11.000476,
				"seconds":	0.99937897920608521,
				"bytes":	130320,
				"bits_per_second":	1043207.8537695662,
				"retransmits":	0,
				"omitted":	false,
				"sender":	true
			}
		}, {
			"streams":	[{
					"socket":	7,
					"start":	11.000476,
					"end":	12.004014,
					"seconds":	1.0035380125045776,
					"bytes":	195480,
					"bits_per_second":	1558326.6209289371,
					"retransmits":	0,
					"snd_cwnd":	15928,
					"rtt":	42202,
					"rttvar":	10455,
					"pmtu":	1500,
					"omitted":	false,
					"sender":	true
				}],
			"sum":	{
				"start":	11.000476,
				"end":	12.004014,
				"seconds":	1.0035380125045776,
				"bytes":	195480,
				"bits_per_second":	1558326.6209289371,
				"retransmits":	0,
				"omitted":	false,
				"sender":	true
			}
		}, {
			"streams":	[{
					"socket":	7,
					"start":	12.004014,
					"end":	13.033238,
					"seconds":	1.0292240381240845,
					"bytes":	65160,
					"bits_per_second":	506478.64866245369,
					"retransmits":	0,
					"snd_cwnd":	15928,
					"rtt":	40607,
					"rttvar":	14769,
					"pmtu":	1500,
					"omitted":	false,
					"sender":	true
				}],