{
	"start":	{
		"connected":	[{
				"socket":	7,
				"local_host":	"192.168.42.6",
				"local_port":	60404,
				"remote_host":	"192.168.42.1",
				"remote_port":	5205
			}],
		"version":	"iperf 3.7",
		"system_info":	"Linux rathan-VirtualBox 5.4.0-177-generic #197-Ubuntu SMP Thu Mar 28 22:45:47 UTC 2024 x86_64",
		"timestamp":	{
			"time":	"Thu, 07 Nov 2024 08:36:01 GMT",
			"timesecs":	1730968561
		},
		"connecting_to":	{
			"host":	"192.168.42.1",
			"port":	5205
		},
		"cookie":	"ez6syggcftylftkuh42oj7ggxq6ybzqlsmab",
		"tcp_mss_default":	1448,
		"sock_bufsize":	0,
		"sndbuf_actual":	87380,
		"rcvbuf_actual":	87380,
		"test_start":	{
			"protocol":	"TCP",
			"num_streams":	1,
			"blksize":	131072,
			"omit":	0,
			"duration":	30,
			"bytes":	0,
			"blocks":	0,
			"reverse":	0,
			"tos":	0
		}
	},
	"intervals":	[{
			"streams":	[{
					"socket":	7,
					"start":	0,
					"end":	1.000644,
					"seconds":	1.0006439685821533,
					"bytes":	503904,
					"bits_per_second":	4028637.6839026879,
					"retransmits":	36,
					"snd_cwnd":	23168,
					"rtt":	20142,
					"rttvar":	5248,
					"pmtu":	1500,
					"omitted":	false,
					"sender":	true
				}],
			"sum":	{
				"start":	0,
				"end":	1.000644,
				"seconds":	1.0006439685821533,
				"bytes":	503904,
				"bits_per_second":	4028637.6839026879,
				"retransmits":	36,
				"omitted":	false,
				"sender":	true
			}
		}, {
			"streams":	[{
					"socket":	7,
					"start":	1.000644,
					"end":	2.000664,
					"seconds":	1.0000200271606445,
					"bytes":	130320,
					"bits_per_second":	1042539.1209015475,
					"retransmits":	0,
					"snd_cwnd":	27512,
					"rtt":	53753,
					"rttvar":	28898,
					"pmtu":	1500,
					"omitted":	false,
					"sender":	true
				}],
			"sum":	{
				"start":	1.000644,
				"end":	2.000664,
				"seconds":	1.0000200271606445,
				"bytes":	130320,
				"bits_per_second":	1042539.1209015475,
				"retransmits":	0,
				"omitted":	false,
				"sender":	true
			}
		}, {
			"streams":	[{
					"socket":	7,
					"start":	2.000664,
					"end":	3.000597,
					"seconds":	0.99993300437927246,
					"bytes":	260640,
					"bits_per_second":	2085259.7032681985,
					"retransmits":	6,
					"snd_cwnd":	20272,
					"rtt":	110980,
					"rttvar":	24837,
					"pmtu":	1500,
					"omitted":	false,
					"sender":	true
				}],
			"sum":	{
				"start":	2.000664,
				"end":	3.000597,
				"seconds":	0.99993300437927246,
				"bytes":	260640,
				"bits_per_second":	2085259.7032681985,
				"retransmits":	6,
				"omitted":	false,
				"sender":	true
			}
		}, {
			"streams":	[{
					"socket":	7,
					"start":	3.000597,
					"end":	4.000934,
					"seconds":	1.00033700466156,
					"bytes":	0,
					"bits_per_second":	0,
					"retransmits":	2,
					"snd_cwnd":	1448,
					"rtt":	110980,
					"rttvar":	24837,
					"pmtu":	1500,
					"omitted":	false,
					"sender":	true
				}],
			"sum":	{
				"start":	3.000597,
				"end":	4.000934,
				"seconds":	1.00033700466156,
				"bytes":	0,
				"bits_per_second":	0,
				"retransmits":	2,
				"omitted":	false,
				"sender":	true
			}
		}, {
			"streams":	[{
					"socket":	7,
					"start":	4.000934,
					"end":	5.000231,
					"seconds":	0.999297022819519,
					"bytes":	130320,
					"bits_per_second":	1043293.4114608031,
					"retransmits":	23,
					"snd_cwnd":	14480,
					"rtt":	22141,
					"rttvar":	5189,
					"pmtu":	1500,
					"omitted":	false,
					"sender":	true
				}],
			"sum":	{
				"start":	4.000934,
				"end":	5.000231,
				"seconds":	0.999297022819519,
				"bytes":	130320,
				"bits_per_second":	1043293.4114608031,
				"retransmits":	23,
				"omitted":	false,
				"sender":	true
			}
		}, {
			"streams":	[{
					"socket":	7,
					"start":	5.000231,
					"end":	6.000243,
					"seconds":	1.0000120401382446,
					"bytes":	521280,
					"bits_per_second":	4170189.790338418,
					"retransmits":	0,
					"snd_cwnd":	27512,
					"rtt":	25021,
					"rttvar":	7074,
					"pmtu":	1500,
					"omitted":	false,
					"sender":	true
				}],
			"sum":	{
				"start":	5.000231,
				"end":	6.000243,
				"seconds":	1.0000120401382446,
				"bytes":	521280,
				"bits_per_second":	4170189.790338418,
				"retransmits":	0,
				"omitted":	false,
				"sender":	true
			}
		}, {
			"streams":	[{
					"socket":	7,
					"start":	6.000243,
					"end":	7.000179,
					"seconds":	0.99993598461151123,
					"bytes":	130320,
					"bits_per_second":	1042626.7441560759,
					"retransmits":	18,
					"snd_cwnd":	15928,
					"rtt":	34979,
					"rttvar":	15394,
					"pmtu":	1500,
					"omitted":	false,
					"sender":	true
				}],
			"sum":	{
				"start":	6.000243,
				"end":	7.000179,
				"seconds":	0.99993598461151123,
				"bytes":	130320,
				"bits_per_second":	1042626.7441560759,
				"retransmits":	18,
				"omitted":	false,
				"sender":	true
			}
		}, {
			"streams":	[{
					"socket":	7,
					"start":	7.000179,
					"end":	8.000137,
					"seconds":	0.99995797872543335,
					"bytes":	260640,
					"bits_per_second":	2085207.623082058,
					"retransmits":	0,
					"snd_cwnd":	20272,
					"rtt":	51582,
					"rttvar":	17276,
					"pmtu":	1500,
					"omitted":	false,
					"sender":	true
				}],
			"sum":	{
				"start":	7.000179,
				"end":	8.000137,
				"seconds":	0.99995797872543335,
				"bytes":	260640,
				"bits_per_second":	2085207.623082058,
				"retransmits":	0,
				"omitted":	false,
				"sender":	true
			}
		}, {
			"streams":	[{
					"socket":	7,
					"start":	8.000137,
					"end":	9.000315,
					"seconds":	1.0001779794692993,
					"bytes":	130320,
					"bits_per_second":	1042374.4787434621,
					"retransmits":	0,
					"snd_cwnd":	21720,
					"rtt":	35412,
					"rttvar":	8260,
					"pmtu":	1500,
					"omitted":	false,
					"sender":	true
				}],
			"sum":	{
				"start":	8.000137,
				"end":	9.000315,
				"seconds":	1.0001779794692993,
				"bytes":	130320,
				"bits_per_second":	1042374.4787434621,
				"retransmits":	0,
				"omitted":	false,
				"sender":	true
			}
		}, {
			"streams":	[{
					"socket":	7,
					"start":	9.000315,
					"end":	10.00026,
					"seconds":	0.99994498491287231,
					"bytes":	260640,
					"bits_per_second":	2085234.7193697677,
					"retransmits":	5,
					"snd_cwnd":	17376,
					"rtt":	56574,
					"rttvar":	51452,
					"pmtu":	1500,
					"omitted":	false,
					"sender":	true
				}],
			"sum":	{
				"start":	9.000315,
				"end":	10.00026,
				"seconds":	0.99994498491287231,
				"bytes":	260640,
				"bits_per_second":	2085234.7193697677,
				"retransmits":	5,
				"omitted":	false,
				"sender":	true
			}
		}, {
			"streams":	[{
					"socket":	7,
					"start":	10.00026,
					"end":	11.000708,
					"seconds":	1.0004479885101318,
					"bytes":	0,
					"bits_per_second":	0,
					"retransmits":	0,
					"snd_cwnd":	17376,
					"rtt":	78871,
					"rttvar":	18632,
					"pmtu":	1500,
					"omitted":	false,
					"sender":	true
				}],
			"sum":	{
				"start":	10.00026,
				"end":	11.000708,
				"seconds":	1.0004479885101318,
				"bytes":	0,
				"bits_per_second":	0,
				"retransmits":	0,
				"omitted":	false,
				"sender":	true
			}
		}, {
			"streams":	[{
					"socket":	7,
					"start":	11.000708,
					"end":	12.000702,
					"seconds":	0.99999397993087769,
					"bytes":	260640,
					"bits_per_second":	2085132.5526420961,
					"retransmits":	0,
					"snd_cwnd":	20272,
					"rtt":	43584,
					"rttvar":	11059,
					"pmtu":	1500,
					"omitted":	false,
					"sender":	true
				}],
			"sum":	{
				"start":	11.000708,
				"end":	12.000702,
				"seconds":	0.99999397993087769,
				"bytes":	260640,
				"bits_per_second":	2085132.5526420961,
				"retransmits":	0,
				"omitted":	false,
				"sender":	true
			}
		}, {
			"streams":	[{
					"socket":	7,
					"start":	12.000702,
					"end":	13.000705,
					"seconds":	1.0000029802322388,
					"bytes":	130320,
					"bits_per_second":	1042556.8929383369,
					"retransmits":	0,
					"snd_cwnd":	21720,
					"rtt":	44379,
					"rttvar":	12084,
					"pmtu":	1500,
					"omitted":	false,
					"sender":	true
				}],
			"sum":	{
				"start":	12.000702,
				"end":	13.000705,