{
	"start":	{
		"connected":	[{
				"socket":	7,
				"local_host":	"192.168.42.11",
				"local_port":	55848,
				"remote_host":	"192.168.42.1",
				"remote_port":	5210
			}],
		"version":	"iperf 3.7",
		"system_info":	"Linux rathan-VirtualBox 5.4.0-177-generic #197-Ubuntu SMP Thu Mar 28 22:45:47 UTC 2024 x86_64",
		"timestamp":	{
			"time":	"Thu, 07 Nov 2024 07:48:10 GMT",
			"timesecs":	1730965690
		},
		"connecting_to":	{
			"host":	"192.168.42.1",
			"port":	5210
		},
		"cookie":	"qkg2swrsqtkwiwlpzrecwi5fjltcrs3ruhmj",
		"sock_bufsize":	0,
		"sndbuf_actual":	212992,
		"rcvbuf_actual":	212992,
		"test_start":	{
			"protocol":	"UDP",
			"num_streams":	1,
			"blksize":	1448,
			"omit":	0,
			"duration":	30,
			"bytes":	0,
			"blocks":	0,
			"reverse":	0,
			"tos":	0
		}
	},
	"intervals":	[{
			"streams":	[{
					"socket":	7,
					"start":	0,
					"end":	1.000067,
					"seconds":	1.0000669956207275,
					"bytes":	94120,
					"bits_per_second":	752909.55835678615,
					"packets":	65,
					"omitted":	false,
					"sender":	true
				}],
			"sum":	{
				"start":	0,
				"end":	1.000067,
				"seconds":	1.0000669956207275,
				"bytes":	94120,
				"bits_per_second":	752909.55835678615,
				"packets":	65,
				"omitted":	false,
				"sender":	true
			}
		}, {
			"streams":	[{
					"socket":	7,
					"start":	1.000067,
					"end":	2.000081,
					"seconds":	1.0000139474868774,
					"bytes":	27512,
					"bits_per_second":	220092.93025674342,
					"packets":	19,
					"omitted":	false,
					"sender":	true
				}],
			"sum":	{
				"start":	1.000067,
				"end":	2.000081,
				"seconds":	1.0000139474868774,
				"bytes":	27512,
				"bits_per_second":	220092.93025674342,
				"packets":	19,
				"omitted":	false,
				"sender":	true
			}
		}, {
			"streams":	[{
					"socket":	7,
					"start":	2.000081,
					"end":	3.000096,
					"seconds":	1.0000150203704834,
					"bytes":	26064,
					"bits_per_second":	208508.86811955177,
					"packets":	18,
					"omitted":	false,
					"sender":	true
				}],
			"sum":	{
				"start":	2.000081,
				"end":	3.000096,
				"seconds":	1.0000150203704834,
				"bytes":	26064,
				"bits_per_second":	208508.86811955177,
				"packets":	18,
				"omitted":	false,
				"sender":	true
			}
		}, {
			"streams":	[{
					"socket":	7,
					"start":	3.000096,
					"end":	4.000086,
					"seconds":	0.99998998641967773,
					"bytes":	27512,
					"bits_per_second":	220098.20397104425,
					"packets":	19,
					"omitted":	false,
					"sender":	true
				}],
			"sum":	{
				"start":	3.000096,
				"end":	4.000086,
				"seconds":	0.99998998641967773,
				"bytes":	27512,
				"bits_per_second":	220098.20397104425,
				"packets":	19,
				"omitted":	false,
				"sender":	true
			}
		}, {
			"streams":	[{
					"socket":	7,
					"start":	4.000086,
					"end":	5.000058,
					"seconds":	0.99997198581695557,
					"bytes":	27512,
					"bits_per_second":	220102.16598236631,
					"packets":	19,
					"omitted":	false,
					"sender":	true
				}],
			"sum":	{
				"start":	4.000086,
				"end":	5.000058,
				"seconds":	0.99997198581695557,
				"bytes":	27512,
				"bits_per_second":	220102.16598236631,
				"packets":	19,
				"omitted":	false,
				"sender":	true
			}
		}, {
			"streams":	[{
					"socket":	7,
					"start":	5.000058,
					"end":	6.000387,
					"seconds":	1.0003290176391602,
					"bytes":	26064,
					"bits_per_second":	208443.41843856688,
					"packets":	18,
					"omitted":	false,
					"sender":	true
				}],
			"sum":	{
				"start":	5.000058,
				"end":	6.000387,
				"seconds":	1.0003290176391602,
				"bytes":	26064,
				"bits_per_second":	208443.41843856688,
				"packets":	18,
				"omitted":	false,
				"sender":	true
			}
		}, {
			"streams":	[{
					"socket":	7,
					"start":	6.000387,
					"end":	7.000098,
					"seconds":	0.99971097707748413,
					"bytes":	27512,
					"bits_per_second":	220159.63118002366,
					"packets":	19,
					"omitted":	false,
					"sender":	true
				}],
			"sum":	{
				"start":	6.000387,
				"end":	7.000098,
				"seconds":	0.99971097707748413,
				"bytes":	27512,
				"bits_per_second":	220159.63118002366,
				"packets":	19,
				"omitted":	false,
				"sender":	true
			}
		}, {
			"streams":	[{
					"socket":	7,
					"start":	7.000098,
					"end":	8.000164,
					"seconds":	1.0000660419464111,
					"bytes":	27512,
					"bits_per_second":	220081.46539165653,
					"packets":	19,
					"omitted":	false,
					"sender":	true
				}],
			"sum":	{
				"start":	7.000098,
				"end":	8.000164,
				"seconds":	1.0000660419464111,
				"bytes":	27512,
				"bits_per_second":	220081.46539165653,
				"packets":	19,
				"omitted":	false,
				"sender":	true
			}
		}, {
			"streams":	[{
					"socket":	7,
					"start":	8.000164,
					"end":	9.000063,
					"seconds":	0.99989902973175049,
					"bytes":	26064,
					"bits_per_second":	208533.05563856673,
					"packets":	18,
					"omitted":	false,
					"sender":	true
				}],
			"sum":	{
				"start":	8.000164,
				"end":	9.000063,
				"seconds":	0.99989902973175049,
				"bytes":	26064,
				"bits_per_second":	208533.05563856673,
				"packets":	18,
				"omitted":	false,
				"sender":	true
			}
		}, {
			"streams":	[{
					"socket":	7,
					"start":	9.000063,
					"end":	10.000058,
					"seconds":	0.99999499320983887,
					"bytes":	27512,
					"bits_per_second":	220097.10198000469,
					"packets":	19,
					"omitted":	false,
					"sender":	true
				}],
			"sum":	{
				"start":	9.000063,
				"end":	10.000058,
				"seconds":	0.99999499320983887,
				"bytes":	27512,
				"bits_per_second":	220097.10198000469,
				"packets":	19,
				"omitted":	false,
				"sender":	true
			}
		}, {
			"streams":	[{
					"socket":	7,
					"start":	10.000058,
					"end":	11.0001,
					"seconds":	1.0000419616699219,
					"bytes":	27512,
					"bits_per_second":	220086.76479182162,
					"packets":	19,
					"omitted":	false,
					"sender":	true
				}],
			"sum":	{
				"start":	10.000058,
				"end":	11.0001,
				"seconds":	1.0000419616699219,
				"bytes":	27512,
				"bits_per_second":	220086.76479182162,
				"packets":	19,
				"omitted":	false,
				"sender":	true
			}
		}, {
			"streams":	[{
					"socket":	7,
					"start":	11.0001,
					"end":	12.000075,
					"seconds":	0.99997502565383911,
					"bytes":	26064,
					"bits_per_second":	208517.20758092264,
					"packets":	18,
					"omitted":	false,
					"sender":	true
				}],
			"sum":	{
				"start":	11.0001,
				"end":	12.000075,
				"seconds":	0.99997502565383911,
				"bytes":	26064,
				"bits_per_second":	208517.20758092264,
				"packets":	18,
				"omitted":	false,
				"sender":	true
			}
		}, {
			"streams":	[{
					"socket":	7,
					"start":	12.000075,
					"end":	13.000089,
					"seconds":	1.0000139474868774,
					"bytes":	27512,
					"bits_per_second":	220092.93025674342,
					"packets":	19,
					"omitted":	false,
					"sender":	true
				}],
			"sum":	{
				"start":	12.000075,
				"end":	13.000089,
				"seconds":	1.0000139474868774,
				"bytes":	27512,
				"bits_per_second":	220092.93025674342,
				"packets":	19,
				"omitted":	false,
				"sender":	true
			}
		}, {
			"streams":	[{
					"socket":	7,
					"start":	13.000089,
					"end":	14.000097,
					"seconds":	1.0000079870224,
					"bytes":	27512,
					"bits_per_second":	220094.24210235823,
					"packets":	19,
					"omitted":	false,
					"sender":	true
				}],
			"sum":	{
				"start":	13.000089,
				"end":	14.000097,
				"seconds":	1.0000079870224,
				"bytes":	27512,
				"bits_per_second":	220094.24210235823,
				"packets":	19,
				"omitted":	false,
				"sender":	true
			}
		}, {
			"streams":	[{
					"socket":	7,
					"start":	14.000097,
					"end":	15.000102,
					"seconds":	1.0000050067901611,
					"bytes":	26064,
					"bits_per_second":	208510.95602939685,
					"packets":	18,
					"omitted":	false,
					"sender":	true
				}],
			"sum":	{
				"start":	14.000097,
				"end":	15.000102,
				"seconds":	1.0000050067901611,
				"bytes":	26064,
				"bits_per_second":	208510.95602939685,
				"packets":	18,
				"omitted":	false,