{
	"start":	{
		"connected":	[{
				"socket":	7,
				"local_host":	"192.168.42.2",
				"local_port":	49243,
				"remote_host":	"192.168.42.1",
				"remote_port":	5201
			}],
		"version":	"iperf 3.7",
		"system_info":	"Linux rathan-VirtualBox 5.4.0-177-generic #197-Ubuntu SMP Thu Mar 28 22:45:47 UTC 2024 x86_64",
		"timestamp":	{
			"time":	"Thu, 07 Nov 2024 07:48:10 GMT",
			"timesecs":	1730965690
		},
		"connecting_to":	{
			"host":	"192.168.42.1",
			"port":	5201
		},
		"cookie":	"ttg6nwi6i6jpfyi7dqvpgczp67ykha2ysxwn",
		"sock_bufsize":	0,
		"sndbuf_actual":	212992,
		"rcvbuf_actual":	212992,
		"test_start":	{
			"protocol":	"UDP",
			"num_streams":	1,
			"blksize":	1448,
			"omit":	0,
			"duration":	30,
			"bytes":	0,
			"blocks":	0,
			"reverse":	0,
			"tos":	0
		}
	},
	"intervals":	[{
			"streams":	[{
					"socket":	7,
					"start":	0,
					"end":	1.00008,
					"seconds":	1.0000799894332886,
					"bytes":	125976,
					"bits_per_second":	1007727.392456968,
					"packets":	87,
					"omitted":	false,
					"sender":	true
				}],
			"sum":	{
				"start":	0,
				"end":	1.00008,
				"seconds":	1.0000799894332886,
				"bytes":	125976,
				"bits_per_second":	1007727.392456968,
				"packets":	87,
				"omitted":	false,
				"sender":	true
			}
		}, {
			"streams":	[{
					"socket":	7,
					"start":	1.00008,
					"end":	2.000089,
					"seconds":	1.0000089406967163,
					"bytes":	26064,
					"bits_per_second":	208510.13577411376,
					"packets":	18,
					"omitted":	false,
					"sender":	true
				}],
			"sum":	{
				"start":	1.00008,
				"end":	2.000089,
				"seconds":	1.0000089406967163,
				"bytes":	26064,
				"bits_per_second":	208510.13577411376,
				"packets":	18,
				"omitted":	false,
				"sender":	true
			}
		}, {
			"streams":	[{
					"socket":	7,
					"start":	2.000089,
					"end":	3.000085,
					"seconds":	0.9999960064888,
					"bytes":	27512,
					"bits_per_second":	220096.87895935119,
					"packets":	19,
					"omitted":	false,
					"sender":	true
				}],
			"sum":	{
				"start":	2.000089,
				"end":	3.000085,
				"seconds":	0.9999960064888,
				"bytes":	27512,
				"bits_per_second":	220096.87895935119,
				"packets":	19,
				"omitted":	false,
				"sender":	true
			}
		}, {
			"streams":	[{
					"socket":	7,
					"start":	3.000085,
					"end":	4.000089,
					"seconds":	1.0000040531158447,
					"bytes":	27512,
					"bits_per_second":	220095.1079290307,
					"packets":	19,
					"omitted":	false,
					"sender":	true
				}],
			"sum":	{
				"start":	3.000085,
				"end":	4.000089,
				"seconds":	1.0000040531158447,
				"bytes":	27512,
				"bits_per_second":	220095.1079290307,
				"packets":	19,
				"omitted":	false,
				"sender":	true
			}
		}, {
			"streams":	[{
					"socket":	7,
					"start":	4.000089,
					"end":	5.000069,
					"seconds":	0.99997997283935547,
					"bytes":	26064,
					"bits_per_second":	208516.17598695349,
					"packets":	18,
					"omitted":	false,
					"sender":	true
				}],
			"sum":	{
				"start":	4.000089,
				"end":	5.000069,
				"seconds":	0.99997997283935547,
				"bytes":	26064,
				"bits_per_second":	208516.17598695349,
				"packets":	18,
				"omitted":	false,
				"sender":	true
			}
		}, {
			"streams":	[{
					"socket":	7,
					"start":	5.000069,
					"end":	6.000086,
					"seconds":	1.0000170469284058,
					"bytes":	27512,
					"bits_per_second":	220092.24810320392,
					"packets":	19,
					"omitted":	false,
					"sender":	true
				}],
			"sum":	{
				"start":	5.000069,
				"end":	6.000086,
				"seconds":	1.0000170469284058,
				"bytes":	27512,
				"bits_per_second":	220092.24810320392,
				"packets":	19,
				"omitted":	false,
				"sender":	true
			}
		}, {
			"streams":	[{
					"socket":	7,
					"start":	6.000086,
					"end":	7.000099,
					"seconds":	1.000012993812561,
					"bytes":	27512,
					"bits_per_second":	220093.14015099092,
					"packets":	19,
					"omitted":	false,
					"sender":	true
				}],
			"sum":	{
				"start":	6.000086,
				"end":	7.000099,
				"seconds":	1.000012993812561,
				"bytes":	27512,
				"bits_per_second":	220093.14015099092,
				"packets":	19,
				"omitted":	false,
				"sender":	true
			}
		}, {
			"streams":	[{
					"socket":	7,
					"start":	7.000099,
					"end":	8.000071,
					"seconds":	0.99997198581695557,
					"bytes":	26064,
					"bits_per_second":	208517.84145697861,
					"packets":	18,
					"omitted":	false,
					"sender":	true
				}],
			"sum":	{
				"start":	7.000099,
				"end":	8.000071,
				"seconds":	0.99997198581695557,
				"bytes":	26064,
				"bits_per_second":	208517.84145697861,
				"packets":	18,
				"omitted":	false,
				"sender":	true
			}
		}, {
			"streams":	[{
					"socket":	7,
					"start":	8.000071,
					"end":	9.000086,
					"seconds":	1.0000150203704834,
					"bytes":	27512,
					"bits_per_second":	220092.69412619353,
					"packets":	19,
					"omitted":	false,
					"sender":	true
				}],
			"sum":	{
				"start":	8.000071,
				"end":	9.000086,
				"seconds":	1.0000150203704834,
				"bytes":	27512,
				"bits_per_second":	220092.69412619353,
				"packets":	19,
				"omitted":	false,
				"sender":	true
			}
		}, {
			"streams":	[{
					"socket":	7,
					"start":	9.000086,
					"end":	10.000095,
					"seconds":	1.0000089406967163,
					"bytes":	27512,
					"bits_per_second":	220094.03220600897,
					"packets":	19,
					"omitted":	false,
					"sender":	true
				}],
			"sum":	{
				"start":	9.000086,
				"end":	10.000095,
				"seconds":	1.0000089406967163,
				"bytes":	27512,
				"bits_per_second":	220094.03220600897,
				"packets":	19,
				"omitted":	false,
				"sender":	true
			}
		}, {
			"streams":	[{
					"socket":	7,
					"start":	10.000095,
					"end":	11.000059,
					"seconds":	0.99996399879455566,
					"bytes":	26064,
					"bits_per_second":	208519.506953609,
					"packets":	18,
					"omitted":	false,
					"sender":	true
				}],
			"sum":	{
				"start":	10.000095,
				"end":	11.000059,
				"seconds":	0.99996399879455566,
				"bytes":	26064,
				"bits_per_second":	208519.506953609,
				"packets":	18,
				"omitted":	false,
				"sender":	true
			}
		}, {
			"streams":	[{
					"socket":	7,
					"start":	11.000059,
					"end":	12.000104,
					"seconds":	1.0000449419021606,
					"bytes":	27512,
					"bits_per_second":	220086.10891162639,
					"packets":	19,
					"omitted":	false,
					"sender":	true
				}],
			"sum":	{
				"start":	11.000059,
				"end":	12.000104,
				"seconds":	1.0000449419021606,
				"bytes":	27512,
				"bits_per_second":	220086.10891162639,
				"packets":	19,
				"omitted":	false,
				"sender":	true
			}
		}, {
			"streams":	[{
					"socket":	7,
					"start":	12.000104,
					"end":	13.000044,
					"seconds":	0.99993997812271118,
					"bytes":	27512,
					"bits_per_second":	220109.21136807487,
					"packets":	19,
					"omitted":	false,
					"sender":	true
				}],
			"sum":	{
				"start":	12.000104,
				"end":	13.000044,
				"seconds":	0.99993997812271118,
				"bytes":	27512,
				"bits_per_second":	220109.21136807487,
				"packets":	19,
				"omitted":	false,
				"sender":	true
			}
		}, {
			"streams":	[{
					"socket":	7,
					"start":	13.000044,
					"end":	14.000089,
					"seconds":	1.0000449419021606,
					"bytes":	26064,
					"bits_per_second":	208502.629495225,
					"packets":	18,
					"omitted":	false,
					"sender":	true
				}],
			"sum":	{
				"start":	13.000044,
				"end":	14.000089,
				"seconds":	1.0000449419021606,
				"bytes":	26064,
				"bits_per_second":	208502.629495225,
				"packets":	18,
				"omitted":	false,
				"sender":	true
			}
		}, {
			"streams":	[{
					"socket":	7,
					"start":	14.000089,
					"end":	15.000082,
					"seconds":	0.99999302625656128,
					"bytes":	27512,
					"bits_per_second":	220097.5349037399,
					"packets":	19,
					"omitted":	false,
					"sender":	true
				}],
			"sum":	{
				"start":	14.000089,
				"end":	15.000082,
				"seconds":	0.99999302625656128,
				"bytes":	27512,
				"bits_per_second":	220097.5349037399,
				"packets":	19,
				"omitted":	false,