{
	"start":	{
		"connected":	[{
				"socket":	7,
				"local_host":	"192.168.42.3",
				"local_port":	41332,
				"remote_host":	"192.168.42.1",
				"remote_port":	5202
			}],
		"version":	"iperf 3.7",
		"system_info":	"Linux rathan-VirtualBox 5.4.0-177-generic #197-Ubuntu SMP Thu Mar 28 22:45:47 UTC 2024 x86_64",
		"timestamp":	{
			"time":	"Thu, 07 Nov 2024 07:48:10 GMT",
			"timesecs":	1730965690
		},
		"connecting_to":	{
			"host":	"192.168.42.1",
			"port":	5202
		},
		"cookie":	"gb3otvgvendmylopin2mkhl4tbgy4nfuf23o",
		"sock_bufsize":	0,
		"sndbuf_actual":	212992,
		"rcvbuf_actual":	212992,
		"test_start":	{
			"protocol":	"UDP",
			"num_streams":	1,
			"blksize":	1448,
			"omit":	0,
			"duration":	30,
			"bytes":	0,
			"blocks":	0,
			"reverse":	0,
			"tos":	0
		}
	},
	"intervals":	[{
			"streams":	[{
					"socket":	7,
					"start":	0,
					"end":	1.000302,
					"seconds":	1.0003019571304321,
					"bytes":	125976,
					"bits_per_second":	1007503.7770505822,
					"packets":	87,
					"omitted":	false,
					"sender":	true
				}],
			"sum":	{
				"start":	0,
				"end":	1.000302,
				"seconds":	1.0003019571304321,
				"bytes":	125976,
				"bits_per_second":	1007503.7770505822,
				"packets":	87,
				"omitted":	false,
				"sender":	true
			}
		}, {
			"streams":	[{
					"socket":	7,
					"start":	1.000302,
					"end":	2.000097,
					"seconds":	0.99979501962661743,
					"bytes":	26064,
					"bits_per_second":	208554.74963044995,
					"packets":	18,
					"omitted":	false,
					"sender":	true
				}],
			"sum":	{
				"start":	1.000302,
				"end":	2.000097,
				"seconds":	0.99979501962661743,
				"bytes":	26064,
				"bits_per_second":	208554.74963044995,
				"packets":	18,
				"omitted":	false,
				"sender":	true
			}
		}, {
			"streams":	[{
					"socket":	7,
					"start":	2.000097,
					"end":	3.000102,
					"seconds":	1.0000050067901611,
					"bytes":	27512,
					"bits_per_second":	220094.89803103002,
					"packets":	19,
					"omitted":	false,
					"sender":	true
				}],
			"sum":	{
				"start":	2.000097,
				"end":	3.000102,
				"seconds":	1.0000050067901611,
				"bytes":	27512,
				"bits_per_second":	220094.89803103002,
				"packets":	19,
				"omitted":	false,
				"sender":	true
			}
		}, {
			"streams":	[{
					"socket":	7,
					"start":	3.000102,
					"end":	4.000106,
					"seconds":	1.0000040531158447,
					"bytes":	27512,
					"bits_per_second":	220095.1079290307,
					"packets":	19,
					"omitted":	false,
					"sender":	true
				}],
			"sum":	{
				"start":	3.000102,
				"end":	4.000106,
				"seconds":	1.0000040531158447,
				"bytes":	27512,
				"bits_per_second":	220095.1079290307,
				"packets":	19,
				"omitted":	false,
				"sender":	true
			}
		}, {
			"streams":	[{
					"socket":	7,
					"start":	4.000106,
					"end":	5.000116,
					"seconds":	1.0000100135803223,
					"bytes":	26064,
					"bits_per_second":	208509.91206924751,
					"packets":	18,
					"omitted":	false,
					"sender":	true
				}],
			"sum":	{
				"start":	4.000106,
				"end":	5.000116,
				"seconds":	1.0000100135803223,
				"bytes":	26064,
				"bits_per_second":	208509.91206924751,
				"packets":	18,
				"omitted":	false,
				"sender":	true
			}
		}, {
			"streams":	[{
					"socket":	7,
					"start":	5.000116,
					"end":	6.000108,
					"seconds":	0.9999920129776001,
					"bytes":	27512,
					"bits_per_second":	220097.75792572272,
					"packets":	19,
					"omitted":	false,
					"sender":	true
				}],
			"sum":	{
				"start":	5.000116,
				"end":	6.000108,
				"seconds":	0.9999920129776001,
				"bytes":	27512,
				"bits_per_second":	220097.75792572272,
				"packets":	19,
				"omitted":	false,
				"sender":	true
			}
		}, {
			"streams":	[{
					"socket":	7,
					"start":	6.000108,
					"end":	7.000519,
					"seconds":	1.0004110336303711,
					"bytes":	27512,
					"bits_per_second":	220005.57031173291,
					"packets":	19,
					"omitted":	false,
					"sender":	true
				}],
			"sum":	{
				"start":	6.000108,
				"end":	7.000519,
				"seconds":	1.0004110336303711,
				"bytes":	27512,
				"bits_per_second":	220005.57031173291,
				"packets":	19,
				"omitted":	false,
				"sender":	true
			}
		}, {
			"streams":	[{
					"socket":	7,
					"start":	7.000519,
					"end":	8.000086,
					"seconds":	0.99956697225570679,
					"bytes":	26064,
					"bits_per_second":	208602.33059667257,
					"packets":	18,
					"omitted":	false,
					"sender":	true
				}],
			"sum":	{
				"start":	7.000519,
				"end":	8.000086,
				"seconds":	0.99956697225570679,
				"bytes":	26064,
				"bits_per_second":	208602.33059667257,
				"packets":	18,
				"omitted":	false,
				"sender":	true
			}
		}, {
			"streams":	[{
					"socket":	7,
					"start":	8.000086,
					"end":	9.000112,
					"seconds":	1.0000259876251221,
					"bytes":	27512,
					"bits_per_second":	220090.28037630056,
					"packets":	19,
					"omitted":	false,
					"sender":	true
				}],
			"sum":	{
				"start":	8.000086,
				"end":	9.000112,
				"seconds":	1.0000259876251221,
				"bytes":	27512,
				"bits_per_second":	220090.28037630056,
				"packets":	19,
				"omitted":	false,
				"sender":	true
			}
		}, {
			"streams":	[{
					"socket":	7,
					"start":	9.000112,
					"end":	10.000152,
					"seconds":	1.0000400543212891,
					"bytes":	26064,
					"bits_per_second":	208503.64852787193,
					"packets":	18,
					"omitted":	false,
					"sender":	true
				}],
			"sum":	{
				"start":	9.000112,
				"end":	10.000152,
				"seconds":	1.0000400543212891,
				"bytes":	26064,
				"bits_per_second":	208503.64852787193,
				"packets":	18,
				"omitted":	false,
				"sender":	true
			}
		}, {
			"streams":	[{
					"socket":	7,
					"start":	10.000152,
					"end":	11.000071,
					"seconds":	0.99991899728775024,
					"bytes":	27512,
					"bits_per_second":	220113.82981721888,
					"packets":	19,
					"omitted":	false,
					"sender":	true
				}],
			"sum":	{
				"start":	10.000152,
				"end":	11.000071,
				"seconds":	0.99991899728775024,
				"bytes":	27512,
				"bits_per_second":	220113.82981721888,
				"packets":	19,
				"omitted":	false,
				"sender":	true
			}
		}, {
			"streams":	[{
					"socket":	7,
					"start":	11.000071,
					"end":	12.000137,
					"seconds":	1.0000660419464111,
					"bytes":	27512,
					"bits_per_second":	220081.46539165653,
					"packets":	19,
					"omitted":	false,
					"sender":	true
				}],
			"sum":	{
				"start":	11.000071,
				"end":	12.000137,
				"seconds":	1.0000660419464111,
				"bytes":	27512,
				"bits_per_second":	220081.46539165653,
				"packets":	19,
				"omitted":	false,
				"sender":	true
			}
		}, {
			"streams":	[{
					"socket":	7,
					"start":	12.000137,
					"end":	13.00009,
					"seconds":	0.99995297193527222,
					"bytes":	27512,
					"bits_per_second":	220106.35117573009,
					"packets":	19,
					"omitted":	false,
					"sender":	true
				}],
			"sum":	{
				"start":	12.000137,
				"end":	13.00009,
				"seconds":	0.99995297193527222,
				"bytes":	27512,
				"bits_per_second":	220106.35117573009,
				"packets":	19,
				"omitted":	false,
				"sender":	true
			}
		}, {
			"streams":	[{
					"socket":	7,
					"start":	13.00009,
					"end":	14.000102,
					"seconds":	1.0000120401382446,
					"bytes":	26064,
					"bits_per_second":	208509.4895169209,
					"packets":	18,
					"omitted":	false,
					"sender":	true
				}],
			"sum":	{
				"start":	13.00009,
				"end":	14.000102,
				"seconds":	1.0000120401382446,
				"bytes":	26064,
				"bits_per_second":	208509.4895169209,
				"packets":	18,
				"omitted":	false,
				"sender":	true
			}
		}, {
			"streams":	[{
					"socket":	7,
					"start":	14.000102,
					"end":	15.000095,
					"seconds":	0.99999302625656128,
					"bytes":	27512,
					"bits_per_second":	220097.5349037399,
					"packets":	19,
					"omitted":	false,
					"sender":	true
				}],
			"sum":	{
				"start":	14.000102,
				"end":	15.000095,
				"seconds":	0.99999302625656128,
				"bytes":	27512,
				"bits_per_second":	220097.5349037399,
				"packets":	19,
				"omitted":	false,