{
	"start":	{
		"connected":	[{
				"socket":	7,
				"local_host":	"192.168.42.4",
				"local_port":	56867,
				"remote_host":	"192.168.42.1",
				"remote_port":	5203
			}],
		"version":	"iperf 3.7",
		"system_info":	"Linux rathan-VirtualBox 5.4.0-177-generic #197-Ubuntu SMP Thu Mar 28 22:45:47 UTC 2024 x86_64",
		"timestamp":	{
			"time":	"Thu, 07 Nov 2024 07:48:10 GMT",
			"timesecs":	1730965690
		},
		"connecting_to":	{
			"host":	"192.168.42.1",
			"port":	5203
		},
		"cookie":	"6sgn2kuaa5tarjxtzqicymiabtd2ahpqqbhq",
		"sock_bufsize":	0,
		"sndbuf_actual":	212992,
		"rcvbuf_actual":	212992,
		"test_start":	{
			"protocol":	"UDP",
			"num_streams":	1,
			"blksize":	1448,
			"omit":	0,
			"duration":	30,
			"bytes":	0,
			"blocks":	0,
			"reverse":	0,
			"tos":	0
		}
	},
	"intervals":	[{
			"streams":	[{
					"socket":	7,
					"start":	0,
					"end":	1.000088,
					"seconds":	1.0000879764556885,
					"bytes":	131768,
					"bits_per_second":	1054051.2683053005,
					"packets":	91,
					"omitted":	false,
					"sender":	true
				}],
			"sum":	{
				"start":	0,
				"end":	1.000088,
				"seconds":	1.0000879764556885,
				"bytes":	131768,
				"bits_per_second":	1054051.2683053005,
				"packets":	91,
				"omitted":	false,
				"sender":	true
			}
		}, {
			"streams":	[{
					"socket":	7,
					"start":	1.000088,
					"end":	2.000115,
					"seconds":	1.0000269412994385,
					"bytes":	31856,
					"bits_per_second":	254841.13424869298,
					"packets":	22,
					"omitted":	false,
					"sender":	true
				}],
			"sum":	{
				"start":	1.000088,
				"end":	2.000115,
				"seconds":	1.0000269412994385,
				"bytes":	31856,
				"bits_per_second":	254841.13424869298,
				"packets":	22,
				"omitted":	false,
				"sender":	true
			}
		}, {
			"streams":	[{
					"socket":	7,
					"start":	2.000115,
					"end":	3.000084,
					"seconds":	0.9999690055847168,
					"bytes":	26064,
					"bits_per_second":	208518.46290783357,
					"packets":	18,
					"omitted":	false,
					"sender":	true
				}],
			"sum":	{
				"start":	2.000115,
				"end":	3.000084,
				"seconds":	0.9999690055847168,
				"bytes":	26064,
				"bits_per_second":	208518.46290783357,
				"packets":	18,
				"omitted":	false,
				"sender":	true
			}
		}, {
			"streams":	[{
					"socket":	7,
					"start":	3.000084,
					"end":	4.000102,
					"seconds":	1.0000180006027222,
					"bytes":	27512,
					"bits_per_second":	220092.03821065786,
					"packets":	19,
					"omitted":	false,
					"sender":	true
				}],
			"sum":	{
				"start":	3.000084,
				"end":	4.000102,
				"seconds":	1.0000180006027222,
				"bytes":	27512,
				"bits_per_second":	220092.03821065786,
				"packets":	19,
				"omitted":	false,
				"sender":	true
			}
		}, {
			"streams":	[{
					"socket":	7,
					"start":	4.000102,
					"end":	5.000099,
					"seconds":	0.99999701976776123,
					"bytes":	27512,
					"bits_per_second":	220096.65593914967,
					"packets":	19,
					"omitted":	false,
					"sender":	true
				}],
			"sum":	{
				"start":	4.000102,
				"end":	5.000099,
				"seconds":	0.99999701976776123,
				"bytes":	27512,
				"bits_per_second":	220096.65593914967,
				"packets":	19,
				"omitted":	false,
				"sender":	true
			}
		}, {
			"streams":	[{
					"socket":	7,
					"start":	5.000099,
					"end":	6.00045,
					"seconds":	1.0003509521484375,
					"bytes":	26064,
					"bits_per_second":	208438.84793849813,
					"packets":	18,
					"omitted":	false,
					"sender":	true
				}],
			"sum":	{
				"start":	5.000099,
				"end":	6.00045,
				"seconds":	1.0003509521484375,
				"bytes":	26064,
				"bits_per_second":	208438.84793849813,
				"packets":	18,
				"omitted":	false,
				"sender":	true
			}
		}, {
			"streams":	[{
					"socket":	7,
					"start":	6.00045,
					"end":	7.000076,
					"seconds":	0.99962598085403442,
					"bytes":	27512,
					"bits_per_second":	220178.35091877074,
					"packets":	19,
					"omitted":	false,
					"sender":	true
				}],
			"sum":	{
				"start":	6.00045,
				"end":	7.000076,
				"seconds":	0.99962598085403442,
				"bytes":	27512,
				"bits_per_second":	220178.35091877074,
				"packets":	19,
				"omitted":	false,
				"sender":	true
			}
		}, {
			"streams":	[{
					"socket":	7,
					"start":	7.000076,
					"end":	8.000285,
					"seconds":	1.0002089738845825,
					"bytes":	27512,
					"bits_per_second":	220050.01529350167,
					"packets":	19,
					"omitted":	false,
					"sender":	true
				}],
			"sum":	{
				"start":	7.000076,
				"end":	8.000285,
				"seconds":	1.0002089738845825,
				"bytes":	27512,
				"bits_per_second":	220050.01529350167,
				"packets":	19,
				"omitted":	false,
				"sender":	true
			}
		}, {
			"streams":	[{
					"socket":	7,
					"start":	8.000285,
					"end":	9.001189,
					"seconds":	1.0009039640426636,
					"bytes":	26064,
					"bits_per_second":	208323.68288143992,
					"packets":	18,
					"omitted":	false,
					"sender":	true
				}],
			"sum":	{
				"start":	8.000285,
				"end":	9.001189,
				"seconds":	1.0009039640426636,
				"bytes":	26064,
				"bits_per_second":	208323.68288143992,
				"packets":	18,
				"omitted":	false,
				"sender":	true
			}
		}, {
			"streams":	[{
					"socket":	7,
					"start":	9.001189,
					"end":	10.00014,
					"seconds":	0.9989510178565979,
					"bytes":	27512,
					"bits_per_second":	220327.11921376246,
					"packets":	19,
					"omitted":	false,
					"sender":	true
				}],
			"sum":	{
				"start":	9.001189,
				"end":	10.00014,
				"seconds":	0.9989510178565979,
				"bytes":	27512,
				"bits_per_second":	220327.11921376246,
				"packets":	19,
				"omitted":	false,
				"sender":	true
			}
		}, {
			"streams":	[{
					"socket":	7,
					"start":	10.00014,
					"end":	11.000133,
					"seconds":	0.99999302625656128,
					"bytes":	26064,
					"bits_per_second":	208513.45411933254,
					"packets":	18,
					"omitted":	false,
					"sender":	true
				}],
			"sum":	{
				"start":	10.00014,
				"end":	11.000133,
				"seconds":	0.99999302625656128,
				"bytes":	26064,
				"bits_per_second":	208513.45411933254,
				"packets":	18,
				"omitted":	false,
				"sender":	true
			}
		}, {
			"streams":	[{
					"socket":	7,
					"start":	11.000133,
					"end":	12.000105,
					"seconds":	0.99997198581695557,
					"bytes":	27512,
					"bits_per_second":	220102.16598236631,
					"packets":	19,
					"omitted":	false,
					"sender":	true
				}],
			"sum":	{
				"start":	11.000133,
				"end":	12.000105,
				"seconds":	0.99997198581695557,
				"bytes":	27512,
				"bits_per_second":	220102.16598236631,
				"packets":	19,
				"omitted":	false,
				"sender":	true
			}
		}, {
			"streams":	[{
					"socket":	7,
					"start":	12.000105,
					"end":	13.000096,
					"seconds":	0.99999099969863892,
					"bytes":	27512,
					"bits_per_second":	220097.98094815749,
					"packets":	19,
					"omitted":	false,
					"sender":	true
				}],
			"sum":	{
				"start":	12.000105,
				"end":	13.000096,
				"seconds":	0.99999099969863892,
				"bytes":	27512,
				"bits_per_second":	220097.98094815749,
				"packets":	19,
				"omitted":	false,
				"sender":	true
			}
		}, {
			"streams":	[{
					"socket":	7,
					"start":	13.000096,
					"end":	14.00111,
					"seconds":	1.0010139942169189,
					"bytes":	27512,
					"bits_per_second":	219873.04999884483,
					"packets":	19,
					"omitted":	false,
					"sender":	true
				}],
			"sum":	{
				"start":	13.000096,
				"end":	14.00111,
				"seconds":	1.0010139942169189,
				"bytes":	27512,
				"bits_per_second":	219873.04999884483,
				"packets":	19,
				"omitted":	false,
				"sender":	true
			}
		}, {
			"streams":	[{
					"socket":	7,
					"start":	14.00111,
					"end":	15.000099,
					"seconds":	0.99898898601531982,
					"bytes":	26064,
					"bits_per_second":	208723.02189405961,
					"packets":	18,
					"omitted":	false,
					"sender":	true
				}],
			"sum":	{
				"start":	14.00111,
				"end":	15.000099,
				"seconds":	0.99898898601531982,
				"bytes":	26064,
				"bits_per_second":	208723.02189405961,
				"packets":	18,
				"omitted":	false,