{
	"start":	{
		"connected":	[{
				"socket":	7,
				"local_host":	"192.168.42.5",
				"local_port":	41432,
				"remote_host":	"192.168.42.1",
				"remote_port":	5204
			}],
		"version":	"iperf 3.7",
		"system_info":	"Linux rathan-VirtualBox 5.4.0-177-generic #197-Ubuntu SMP Thu Mar 28 22:45:47 UTC 2024 x86_64",
		"timestamp":	{
			"time":	"Thu, 07 Nov 2024 07:48:10 GMT",
			"timesecs":	1730965690
		},
		"connecting_to":	{
			"host":	"192.168.42.1",
			"port":	5204
		},
		"cookie":	"3ceetlh4mqyhenszjzgsgywdn4pxclnuz2ij",
		"sock_bufsize":	0,
		"sndbuf_actual":	212992,
		"rcvbuf_actual":	212992,
		"test_start":	{
			"protocol":	"UDP",
			"num_streams":	1,
			"blksize":	1448,
			"omit":	0,
			"duration":	30,
			"bytes":	0,
			"blocks":	0,
			"reverse":	0,
			"tos":	0
		}
	},
	"intervals":	[{
			"streams":	[{
					"socket":	7,
					"start":	0,
					"end":	1.000116,
					"seconds":	1.0001159906387329,
					"bytes":	125976,
					"bits_per_second":	1007691.1172636631,
					"packets":	87,
					"omitted":	false,
					"sender":	true
				}],
			"sum":	{
				"start":	0,
				"end":	1.000116,
				"seconds":	1.0001159906387329,
				"bytes":	125976,
				"bits_per_second":	1007691.1172636631,
				"packets":	87,
				"omitted":	false,
				"sender":	true
			}
		}, {
			"streams":	[{
					"socket":	7,
					"start":	1.000116,
					"end":	2.000091,
					"seconds":	0.99997502565383911,
					"bytes":	27512,
					"bits_per_second":	220101.49689097388,
					"packets":	19,
					"omitted":	false,
					"sender":	true
				}],
			"sum":	{
				"start":	1.000116,
				"end":	2.000091,
				"seconds":	0.99997502565383911,
				"bytes":	27512,
				"bits_per_second":	220101.49689097388,
				"packets":	19,
				"omitted":	false,
				"sender":	true
			}
		}, {
			"streams":	[{
					"socket":	7,
					"start":	2.000091,
					"end":	3.000079,
					"seconds":	0.99998801946640015,
					"bytes":	26064,
					"bits_per_second":	208514.49811495072,
					"packets":	18,
					"omitted":	false,
					"sender":	true
				}],
			"sum":	{
				"start":	2.000091,
				"end":	3.000079,
				"seconds":	0.99998801946640015,
				"bytes":	26064,
				"bits_per_second":	208514.49811495072,
				"packets":	18,
				"omitted":	false,
				"sender":	true
			}
		}, {
			"streams":	[{
					"socket":	7,
					"start":	3.000079,
					"end":	4.000096,
					"seconds":	1.0000170469284058,
					"bytes":	27512,
					"bits_per_second":	220092.24810320392,
					"packets":	19,
					"omitted":	false,
					"sender":	true
				}],
			"sum":	{
				"start":	3.000079,
				"end":	4.000096,
				"seconds":	1.0000170469284058,
				"bytes":	27512,
				"bits_per_second":	220092.24810320392,
				"packets":	19,
				"omitted":	false,
				"sender":	true
			}
		}, {
			"streams":	[{
					"socket":	7,
					"start":	4.000096,
					"end":	5.000091,
					"seconds":	0.99999499320983887,
					"bytes":	27512,
					"bits_per_second":	220097.10198000469,
					"packets":	19,
					"omitted":	false,
					"sender":	true
				}],
			"sum":	{
				"start":	4.000096,
				"end":	5.000091,
				"seconds":	0.99999499320983887,
				"bytes":	27512,
				"bits_per_second":	220097.10198000469,
				"packets":	19,
				"omitted":	false,
				"sender":	true
			}
		}, {
			"streams":	[{
					"socket":	7,
					"start":	5.000091,
					"end":	6.000044,
					"seconds":	0.99995297193527222,
					"bytes":	26064,
					"bits_per_second":	208521.80637700745,
					"packets":	18,
					"omitted":	false,
					"sender":	true
				}],
			"sum":	{
				"start":	5.000091,
				"end":	6.000044,
				"seconds":	0.99995297193527222,
				"bytes":	26064,
				"bits_per_second":	208521.80637700745,
				"packets":	18,
				"omitted":	false,
				"sender":	true
			}
		}, {
			"streams":	[{
					"socket":	7,
					"start":	6.000044,
					"end":	7.000092,
					"seconds":	1.000048041343689,
					"bytes":	27512,
					"bits_per_second":	220085.42680037016,
					"packets":	19,
					"omitted":	false,
					"sender":	true
				}],
			"sum":	{
				"start":	6.000044,
				"end":	7.000092,
				"seconds":	1.000048041343689,
				"bytes":	27512,
				"bits_per_second":	220085.42680037016,
				"packets":	19,
				"omitted":	false,
				"sender":	true
			}
		}, {
			"streams":	[{
					"socket":	7,
					"start":	7.000092,
					"end":	8.00006,
					"seconds":	0.99996799230575562,
					"bytes":	27512,
					"bits_per_second":	220103.04499096633,
					"packets":	19,
					"omitted":	false,
					"sender":	true
				}],
			"sum":	{
				"start":	7.000092,
				"end":	8.00006,
				"seconds":	0.99996799230575562,
				"bytes":	27512,
				"bits_per_second":	220103.04499096633,
				"packets":	19,
				"omitted":	false,
				"sender":	true
			}
		}, {
			"streams":	[{
					"socket":	7,
					"start":	8.00006,
					"end":	9.000093,
					"seconds":	1.0000330209732056,
					"bytes":	27512,
					"bits_per_second":	220088.73245586272,
					"packets":	19,
					"omitted":	false,
					"sender":	true
				}],
			"sum":	{
				"start":	8.00006,
				"end":	9.000093,
				"seconds":	1.0000330209732056,
				"bytes":	27512,
				"bits_per_second":	220088.73245586272,
				"packets":	19,
				"omitted":	false,
				"sender":	true
			}
		}, {
			"streams":	[{
					"socket":	7,
					"start":	9.000093,
					"end":	10.002546,
					"seconds":	1.0024529695510864,
					"bytes":	26064,
					"bits_per_second":	208001.7779720627,
					"packets":	18,
					"omitted":	false,
					"sender":	true
				}],
			"sum":	{
				"start":	9.000093,
				"end":	10.002546,
				"seconds":	1.0024529695510864,
				"bytes":	26064,
				"bits_per_second":	208001.7779720627,
				"packets":	18,
				"omitted":	false,
				"sender":	true
			}
		}, {
			"streams":	[{
					"socket":	7,
					"start":	10.002546,
					"end":	11.000153,
					"seconds":	0.99760699272155762,
					"bytes":	26064,
					"bits_per_second":	209012.16763844181,
					"packets":	18,
					"omitted":	false,
					"sender":	true
				}],
			"sum":	{
				"start":	10.002546,
				"end":	11.000153,
				"seconds":	0.99760699272155762,
				"bytes":	26064,
				"bits_per_second":	209012.16763844181,
				"packets":	18,
				"omitted":	false,
				"sender":	true
			}
		}, {
			"streams":	[{
					"socket":	7,
					"start":	11.000153,
					"end":	12.000233,
					"seconds":	1.0000799894332886,
					"bytes":	27512,
					"bits_per_second":	220078.39605382059,
					"packets":	19,
					"omitted":	false,
					"sender":	true
				}],
			"sum":	{
				"start":	11.000153,
				"end":	12.000233,
				"seconds":	1.0000799894332886,
				"bytes":	27512,
				"bits_per_second":	220078.39605382059,
				"packets":	19,
				"omitted":	false,
				"sender":	true
			}
		}, {
			"streams":	[{
					"socket":	7,
					"start":	12.000233,
					"end":	13.000081,
					"seconds":	0.99984800815582275,
					"bytes":	27512,
					"bits_per_second":	220129.45788226125,
					"packets":	19,
					"omitted":	false,
					"sender":	true
				}],
			"sum":	{
				"start":	12.000233,
				"end":	13.000081,
				"seconds":	0.99984800815582275,
				"bytes":	27512,
				"bits_per_second":	220129.45788226125,
				"packets":	19,
				"omitted":	false,
				"sender":	true
			}
		}, {
			"streams":	[{
					"socket":	7,
					"start":	13.000081,
					"end":	14.000031,
					"seconds":	0.99994999170303345,
					"bytes":	27512,
					"bits_per_second":	220107.0071765793,
					"packets":	19,
					"omitted":	false,
					"sender":	true
				}],
			"sum":	{
				"start":	13.000081,
				"end":	14.000031,
				"seconds":	0.99994999170303345,
				"bytes":	27512,
				"bits_per_second":	220107.0071765793,
				"packets":	19,
				"omitted":	false,
				"sender":	true
			}
		}, {
			"streams":	[{
					"socket":	7,
					"start":	14.000031,
					"end":	15.000083,
					"seconds":	1.0000519752502441,
					"bytes":	26064,
					"bits_per_second":	208501.16309987169,
					"packets":	18,
					"omitted":	false,
					"sender":	true
				}],
			"sum":	{
				"start":	14.000031,
				"end":	15.000083,
				"seconds":	1.0000519752502441,
				"bytes":	26064,
				"bits_per_second":	208501.16309987169,
				"packets":	18,
				"omitted":	false,