{
	"start":	{
		"connected":	[{
				"socket":	7,
				"local_host":	"192.168.42.6",
				"local_port":	49115,
				"remote_host":	"192.168.42.1",
				"remote_port":	5205
			}],
		"version":	"iperf 3.7",
		"system_info":	"Linux rathan-VirtualBox 5.4.0-177-generic #197-Ubuntu SMP Thu Mar 28 22:45:47 UTC 2024 x86_64",
		"timestamp":	{
			"time":	"Thu, 07 Nov 2024 07:48:10 GMT",
			"timesecs":	1730965690
		},
		"connecting_to":	{
			"host":	"192.168.42.1",
			"port":	5205
		},
		"cookie":	"5jeqbtaghgm7ytf6b3tow6z6qsvobuwyfr6x",
		"sock_bufsize":	0,
		"sndbuf_actual":	212992,
		"rcvbuf_actual":	212992,
		"test_start":	{
			"protocol":	"UDP",
			"num_streams":	1,
			"blksize":	1448,
			"omit":	0,
			"duration":	30,
			"bytes":	0,
			"blocks":	0,
			"reverse":	0,
			"tos":	0
		}
	},
	"intervals":	[{
			"streams":	[{
					"socket":	7,
					"start":	0,
					"end":	1.000309,
					"seconds":	1.0003089904785156,
					"bytes":	127424,
					"bits_per_second":	1019077.1148746306,
					"packets":	88,
					"omitted":	false,
					"sender":	true
				}],
			"sum":	{
				"start":	0,
				"end":	1.000309,
				"seconds":	1.0003089904785156,
				"bytes":	127424,
				"bits_per_second":	1019077.1148746306,
				"packets":	88,
				"omitted":	false,
				"sender":	true
			}
		}, {
			"streams":	[{
					"socket":	7,
					"start":	1.000309,
					"end":	2.000087,
					"seconds":	0.99977797269821167,
					"bytes":	27512,
					"bits_per_second":	220144.87817330332,
					"packets":	19,
					"omitted":	false,
					"sender":	true
				}],
			"sum":	{
				"start":	1.000309,
				"end":	2.000087,
				"seconds":	0.99977797269821167,
				"bytes":	27512,
				"bits_per_second":	220144.87817330332,
				"packets":	19,
				"omitted":	false,
				"sender":	true
			}
		}, {
			"streams":	[{
					"socket":	7,
					"start":	2.000087,
					"end":	3.000083,
					"seconds":	0.9999960064888,
					"bytes":	26064,
					"bits_per_second":	208512.83269833273,
					"packets":	18,
					"omitted":	false,
					"sender":	true
				}],
			"sum":	{
				"start":	2.000087,
				"end":	3.000083,
				"seconds":	0.9999960064888,
				"bytes":	26064,
				"bits_per_second":	208512.83269833273,
				"packets":	18,
				"omitted":	false,
				"sender":	true
			}
		}, {
			"streams":	[{
					"socket":	7,
					"start":	3.000083,
					"end":	4.000087,
					"seconds":	1.0000040531158447,
					"bytes":	27512,
					"bits_per_second":	220095.1079290307,
					"packets":	19,
					"omitted":	false,
					"sender":	true
				}],
			"sum":	{
				"start":	3.000083,
				"end":	4.000087,
				"seconds":	1.0000040531158447,
				"bytes":	27512,
				"bits_per_second":	220095.1079290307,
				"packets":	19,
				"omitted":	false,
				"sender":	true
			}
		}, {
			"streams":	[{
					"socket":	7,
					"start":	4.000087,
					"end":	5.000079,
					"seconds":	0.9999920129776001,
					"bytes":	27512,
					"bits_per_second":	220097.75792572272,
					"packets":	19,
					"omitted":	false,
					"sender":	true
				}],
			"sum":	{
				"start":	4.000087,
				"end":	5.000079,
				"seconds":	0.9999920129776001,
				"bytes":	27512,
				"bits_per_second":	220097.75792572272,
				"packets":	19,
				"omitted":	false,
				"sender":	true
			}
		}, {
			"streams":	[{
					"socket":	7,
					"start":	5.000079,
					"end":	6.000085,
					"seconds":	1.0000059604644775,
					"bytes":	26064,
					"bits_per_second":	208510.75717903866,
					"packets":	18,
					"omitted":	false,
					"sender":	true
				}],
			"sum":	{
				"start":	5.000079,
				"end":	6.000085,
				"seconds":	1.0000059604644775,
				"bytes":	26064,
				"bits_per_second":	208510.75717903866,
				"packets":	18,
				"omitted":	false,
				"sender":	true
			}
		}, {
			"streams":	[{
					"socket":	7,
					"start":	6.000085,
					"end":	7.000086,
					"seconds":	1.0000009536743164,
					"bytes":	27512,
					"bits_per_second":	220095.79010029783,
					"packets":	19,
					"omitted":	false,
					"sender":	true
				}],
			"sum":	{
				"start":	6.000085,
				"end":	7.000086,
				"seconds":	1.0000009536743164,
				"bytes":	27512,
				"bits_per_second":	220095.79010029783,
				"packets":	19,
				"omitted":	false,
				"sender":	true
			}
		}, {
			"streams":	[{
					"socket":	7,
					"start":	7.000086,
					"end":	8.000107,
					"seconds":	1.0000209808349609,
					"bytes":	27512,
					"bits_per_second":	220091.38229903165,
					"packets":	19,
					"omitted":	false,
					"sender":	true
				}],
			"sum":	{
				"start":	7.000086,
				"end":	8.000107,
				"seconds":	1.0000209808349609,
				"bytes":	27512,
				"bits_per_second":	220091.38229903165,
				"packets":	19,
				"omitted":	false,
				"sender":	true
			}
		}, {
			"streams":	[{
					"socket":	7,
					"start":	8.000107,
					"end":	9.000078,
					"seconds":	0.99997097253799438,
					"bytes":	26064,
					"bits_per_second":	208518.05274985367,
					"packets":	18,
					"omitted":	false,
					"sender":	true
				}],
			"sum":	{
				"start":	8.000107,
				"end":	9.000078,
				"seconds":	0.99997097253799438,
				"bytes":	26064,
				"bits_per_second":	208518.05274985367,
				"packets":	18,
				"omitted":	false,
				"sender":	true
			}
		}, {
			"streams":	[{
					"socket":	7,
					"start":	9.000078,
					"end":	10.000075,
					"seconds":	0.99999701976776123,
					"bytes":	27512,
					"bits_per_second":	220096.65593914967,
					"packets":	19,
					"omitted":	false,
					"sender":	true
				}],
			"sum":	{
				"start":	9.000078,
				"end":	10.000075,
				"seconds":	0.99999701976776123,
				"bytes":	27512,
				"bits_per_second":	220096.65593914967,
				"packets":	19,
				"omitted":	false,
				"sender":	true
			}
		}, {
			"streams":	[{
					"socket":	7,
					"start":	10.000075,
					"end":	11.004007,
					"seconds":	1.003931999206543,
					"bytes":	27512,
					"bits_per_second":	219233.97219528089,
					"packets":	19,
					"omitted":	false,
					"sender":	true
				}],
			"sum":	{
				"start":	10.000075,
				"end":	11.004007,
				"seconds":	1.003931999206543,
				"bytes":	27512,
				"bits_per_second":	219233.97219528089,
				"packets":	19,
				"omitted":	false,
				"sender":	true
			}
		}, {
			"streams":	[{
					"socket":	7,
					"start":	11.004007,
					"end":	12.000089,
					"seconds":	0.99608200788497925,
					"bytes":	26064,
					"bits_per_second":	209332.16175919276,
					"packets":	18,
					"omitted":	false,
					"sender":	true
				}],
			"sum":	{
				"start":	11.004007,
				"end":	12.000089,
				"seconds":	0.99608200788497925,
				"bytes":	26064,
				"bits_per_second":	209332.16175919276,
				"packets":	18,
				"omitted":	false,
				"sender":	true
			}
		}, {
			"streams":	[{
					"socket":	7,
					"start":	12.000089,
					"end":	13.000052,
					"seconds":	0.99996298551559448,
					"bytes":	27512,
					"bits_per_second":	220104.14704151827,
					"packets":	19,
					"omitted":	false,
					"sender":	true
				}],
			"sum":	{
				"start":	12.000089,
				"end":	13.000052,
				"seconds":	0.99996298551559448,
				"bytes":	27512,
				"bits_per_second":	220104.14704151827,
				"packets":	19,
				"omitted":	false,
				"sender":	true
			}
		}, {
			"streams":	[{
					"socket":	7,
					"start":	13.000052,
					"end":	14.000098,
					"seconds":	1.0000460147857666,
					"bytes":	26064,
					"bits_per_second":	208502.405806465,
					"packets":	18,
					"omitted":	false,
					"sender":	true
				}],
			"sum":	{
				"start":	13.000052,
				"end":	14.000098,
				"seconds":	1.0000460147857666,
				"bytes":	26064,
				"bits_per_second":	208502.405806465,
				"packets":	18,
				"omitted":	false,
				"sender":	true
			}
		}, {
			"streams":	[{
					"socket":	7,
					"start":	14.000098,
					"end":	15.000104,
					"seconds":	1.0000059604644775,
					"bytes":	27512,
					"bits_per_second":	220094.68813342968,
					"packets":	19,
					"omitted":	false,
					"sender":	true
				}],
			"sum":	{
				"start":	14.000098,
				"end":	15.000104,
				"seconds":	1.0000059604644775,
				"bytes":	27512,
				"bits_per_second":	220094.68813342968,
				"packets":	19,
				"omitted":	false,