{
	"start":	{
		"connected":	[{
				"socket":	7,
				"local_host":	"192.168.42.8",
				"local_port":	52433,
				"remote_host":	"192.168.42.1",
				"remote_port":	5207
			}],
		"version":	"iperf 3.7",
		"system_info":	"Linux rathan-VirtualBox 5.4.0-177-generic #197-Ubuntu SMP Thu Mar 28 22:45:47 UTC 2024 x86_64",
		"timestamp":	{
			"time":	"Thu, 07 Nov 2024 07:48:10 GMT",
			"timesecs":	1730965690
		},
		"connecting_to":	{
			"host":	"192.168.42.1",
			"port":	5207
		},
		"cookie":	"lrefxcmdpjqpidcneqcqfhpebsbazdz2dbj4",
		"sock_bufsize":	0,
		"sndbuf_actual":	212992,
		"rcvbuf_actual":	212992,
		"test_start":	{
			"protocol":	"UDP",
			"num_streams":	1,
			"blksize":	1448,
			"omit":	0,
			"duration":	30,
			"bytes":	0,
			"blocks":	0,
			"reverse":	0,
			"tos":	0
		}
	},
	"intervals":	[{
			"streams":	[{
					"socket":	7,
					"start":	0,
					"end":	1.000077,
					"seconds":	1.0000770092010498,
					"bytes":	94120,
					"bits_per_second":	752902.01961700048,
					"packets":	65,
					"omitted":	false,
					"sender":	true
				}],
			"sum":	{
				"start":	0,
				"end":	1.000077,
				"seconds":	1.0000770092010498,
				"bytes":	94120,
				"bits_per_second":	752902.01961700048,
				"packets":	65,
				"omitted":	false,
				"sender":	true
			}
		}, {
			"streams":	[{
					"socket":	7,
					"start":	1.000077,
					"end":	2.000113,
					"seconds":	1.0000360012054443,
					"bytes":	26064,
					"bits_per_second":	208504.49358689031,
					"packets":	18,
					"omitted":	false,
					"sender":	true
				}],
			"sum":	{
				"start":	1.000077,
				"end":	2.000113,
				"seconds":	1.0000360012054443,
				"bytes":	26064,
				"bits_per_second":	208504.49358689031,
				"packets":	18,
				"omitted":	false,
				"sender":	true
			}
		}, {
			"streams":	[{
					"socket":	7,
					"start":	2.000113,
					"end":	3.000091,
					"seconds":	0.99997800588607788,
					"bytes":	27512,
					"bits_per_second":	220100.84092296963,
					"packets":	19,
					"omitted":	false,
					"sender":	true
				}],
			"sum":	{
				"start":	2.000113,
				"end":	3.000091,
				"seconds":	0.99997800588607788,
				"bytes":	27512,
				"bits_per_second":	220100.84092296963,
				"packets":	19,
				"omitted":	false,
				"sender":	true
			}
		}, {
			"streams":	[{
					"socket":	7,
					"start":	3.000091,
					"end":	4.000162,
					"seconds":	1.0000710487365723,
					"bytes":	27512,
					"bits_per_second":	220080.3635682241,
					"packets":	19,
					"omitted":	false,
					"sender":	true
				}],
			"sum":	{
				"start":	3.000091,
				"end":	4.000162,
				"seconds":	1.0000710487365723,
				"bytes":	27512,
				"bits_per_second":	220080.3635682241,
				"packets":	19,
				"omitted":	false,
				"sender":	true
			}
		}, {
			"streams":	[{
					"socket":	7,
					"start":	4.000162,
					"end":	5.000081,
					"seconds":	0.99991899728775024,
					"bytes":	26064,
					"bits_per_second":	208528.8914057863,
					"packets":	18,
					"omitted":	false,
					"sender":	true
				}],
			"sum":	{
				"start":	4.000162,
				"end":	5.000081,
				"seconds":	0.99991899728775024,
				"bytes":	26064,
				"bits_per_second":	208528.8914057863,
				"packets":	18,
				"omitted":	false,
				"sender":	true
			}
		}, {
			"streams":	[{
					"socket":	7,
					"start":	5.000081,
					"end":	6.00007,
					"seconds":	0.99998897314071655,
					"bytes":	27512,
					"bits_per_second":	220098.426994383,
					"packets":	19,
					"omitted":	false,
					"sender":	true
				}],
			"sum":	{
				"start":	5.000081,
				"end":	6.00007,
				"seconds":	0.99998897314071655,
				"bytes":	27512,
				"bits_per_second":	220098.426994383,
				"packets":	19,
				"omitted":	false,
				"sender":	true
			}
		}, {
			"streams":	[{
					"socket":	7,
					"start":	6.00007,
					"end":	7.000063,
					"seconds":	0.99999302625656128,
					"bytes":	27512,
					"bits_per_second":	220097.5349037399,
					"packets":	19,
					"omitted":	false,
					"sender":	true
				}],
			"sum":	{
				"start":	6.00007,
				"end":	7.000063,
				"seconds":	0.99999302625656128,
				"bytes":	27512,
				"bits_per_second":	220097.5349037399,
				"packets":	19,
				"omitted":	false,
				"sender":	true
			}
		}, {
			"streams":	[{
					"socket":	7,
					"start":	7.000063,
					"end":	8.000111,
					"seconds":	1.000048041343689,
					"bytes":	26064,
					"bits_per_second":	208501.9832845612,
					"packets":	18,
					"omitted":	false,
					"sender":	true
				}],
			"sum":	{
				"start":	7.000063,
				"end":	8.000111,
				"seconds":	1.000048041343689,
				"bytes":	26064,
				"bits_per_second":	208501.9832845612,
				"packets":	18,
				"omitted":	false,
				"sender":	true
			}
		}, {
			"streams":	[{
					"socket":	7,
					"start":	8.000111,
					"end":	9.000291,
					"seconds":	1.0001800060272217,
					"bytes":	27512,
					"bits_per_second":	220056.38852373709,
					"packets":	19,
					"omitted":	false,
					"sender":	true
				}],
			"sum":	{
				"start":	8.000111,
				"end":	9.000291,
				"seconds":	1.0001800060272217,
				"bytes":	27512,
				"bits_per_second":	220056.38852373709,
				"packets":	19,
				"omitted":	false,
				"sender":	true
			}
		}, {
			"streams":	[{
					"socket":	7,
					"start":	9.000291,
					"end":	10.000105,
					"seconds":	0.999813973903656,
					"bytes":	26064,
					"bits_per_second":	208550.79589044894,
					"packets":	18,
					"omitted":	false,
					"sender":	true
				}],
			"sum":	{
				"start":	9.000291,
				"end":	10.000105,
				"seconds":	0.999813973903656,
				"bytes":	26064,
				"bits_per_second":	208550.79589044894,
				"packets":	18,
				"omitted":	false,
				"sender":	true
			}
		}, {
			"streams":	[{
					"socket":	7,
					"start":	10.000105,
					"end":	11.000315,
					"seconds":	1.0002100467681885,
					"bytes":	27512,
					"bits_per_second":	220049.77925502689,
					"packets":	19,
					"omitted":	false,
					"sender":	true
				}],
			"sum":	{
				"start":	10.000105,
				"end":	11.000315,
				"seconds":	1.0002100467681885,
				"bytes":	27512,
				"bits_per_second":	220049.77925502689,
				"packets":	19,
				"omitted":	false,
				"sender":	true
			}
		}, {
			"streams":	[{
					"socket":	7,
					"start":	11.000315,
					"end":	12.000085,
					"seconds":	0.99976998567581177,
					"bytes":	27512,
					"bits_per_second":	220146.63687990425,
					"packets":	19,
					"omitted":	false,
					"sender":	true
				}],
			"sum":	{
				"start":	11.000315,
				"end":	12.000085,
				"seconds":	0.99976998567581177,
				"bytes":	27512,
				"bits_per_second":	220146.63687990425,
				"packets":	19,
				"omitted":	false,
				"sender":	true
			}
		}, {
			"streams":	[{
					"socket":	7,
					"start":	12.000085,
					"end":	13.000079,
					"seconds":	0.99999397993087769,
					"bytes":	26064,
					"bits_per_second":	208513.25526420961,
					"packets":	18,
					"omitted":	false,
					"sender":	true
				}],
			"sum":	{
				"start":	12.000085,
				"end":	13.000079,
				"seconds":	0.99999397993087769,
				"bytes":	26064,
				"bits_per_second":	208513.25526420961,
				"packets":	18,
				"omitted":	false,
				"sender":	true
			}
		}, {
			"streams":	[{
					"socket":	7,
					"start":	13.000079,
					"end":	14.000089,
					"seconds":	1.0000100135803223,
					"bytes":	27512,
					"bits_per_second":	220093.79607309459,
					"packets":	19,
					"omitted":	false,
					"sender":	true
				}],
			"sum":	{
				"start":	13.000079,
				"end":	14.000089,
				"seconds":	1.0000100135803223,
				"bytes":	27512,
				"bits_per_second":	220093.79607309459,
				"packets":	19,
				"omitted":	false,
				"sender":	true
			}
		}, {
			"streams":	[{
					"socket":	7,
					"start":	14.000089,
					"end":	15.000168,
					"seconds":	1.0000790357589722,
					"bytes":	27512,
					"bits_per_second":	220078.60592034756,
					"packets":	19,
					"omitted":	false,
					"sender":	true
				}],
			"sum":	{
				"start":	14.000089,
				"end":	15.000168,
				"seconds":	1.0000790357589722,
				"bytes":	27512,
				"bits_per_second":	220078.60592034756,
				"packets":	19,
				"omitted":	false,