{
	"start":	{
		"connected":	[{
				"socket":	7,
				"local_host":	"192.168.42.9",
				"local_port":	57212,
				"remote_host":	"192.168.42.1",
				"remote_port":	5208
			}],
		"version":	"iperf 3.7",
		"system_info":	"Linux rathan-VirtualBox 5.4.0-177-generic #197-Ubuntu SMP Thu Mar 28 22:45:47 UTC 2024 x86_64",
		"timestamp":	{
			"time":	"Thu, 07 Nov 2024 07:48:10 GMT",
			"timesecs":	1730965690
		},
		"connecting_to":	{
			"host":	"192.168.42.1",
			"port":	5208
		},
		"cookie":	"gfhfkxjnt4z3b7qbjew3kviacjd5enldyjyc",
		"sock_bufsize":	0,
		"sndbuf_actual":	212992,
		"rcvbuf_actual":	212992,
		"test_start":	{
			"protocol":	"UDP",
			"num_streams":	1,
			"blksize":	1448,
			"omit":	0,
			"duration":	30,
			"bytes":	0,
			"blocks":	0,
			"reverse":	0,
			"tos":	0
		}
	},
	"intervals":	[{
			"streams":	[{
					"socket":	7,
					"start":	0,
					"end":	1.000057,
					"seconds":	1.0000569820404053,
					"bytes":	95568,
					"bits_per_second":	764500.43720519729,
					"packets":	66,
					"omitted":	false,
					"sender":	true
				}],
			"sum":	{
				"start":	0,
				"end":	1.000057,
				"seconds":	1.0000569820404053,
				"bytes":	95568,
				"bits_per_second":	764500.43720519729,
				"packets":	66,
				"omitted":	false,
				"sender":	true
			}
		}, {
			"streams":	[{
					"socket":	7,
					"start":	1.000057,
					"end":	2.000075,
					"seconds":	1.0000180006027222,
					"bytes":	26064,
					"bits_per_second":	208508.24672588639,
					"packets":	18,
					"omitted":	false,
					"sender":	true
				}],
			"sum":	{
				"start":	1.000057,
				"end":	2.000075,
				"seconds":	1.0000180006027222,
				"bytes":	26064,
				"bits_per_second":	208508.24672588639,
				"packets":	18,
				"omitted":	false,
				"sender":	true
			}
		}, {
			"streams":	[{
					"socket":	7,
					"start":	2.000075,
					"end":	3.000079,
					"seconds":	1.0000040531158447,
					"bytes":	27512,
					"bits_per_second":	220095.1079290307,
					"packets":	19,
					"omitted":	false,
					"sender":	true
				}],
			"sum":	{
				"start":	2.000075,
				"end":	3.000079,
				"seconds":	1.0000040531158447,
				"bytes":	27512,
				"bits_per_second":	220095.1079290307,
				"packets":	19,
				"omitted":	false,
				"sender":	true
			}
		}, {
			"streams":	[{
					"socket":	7,
					"start":	3.000079,
					"end":	4.000076,
					"seconds":	0.99999701976776123,
					"bytes":	27512,
					"bits_per_second":	220096.65593914967,
					"packets":	19,
					"omitted":	false,
					"sender":	true
				}],
			"sum":	{
				"start":	3.000079,
				"end":	4.000076,
				"seconds":	0.99999701976776123,
				"bytes":	27512,
				"bits_per_second":	220096.65593914967,
				"packets":	19,
				"omitted":	false,
				"sender":	true
			}
		}, {
			"streams":	[{
					"socket":	7,
					"start":	4.000076,
					"end":	5.000094,
					"seconds":	1.0000180006027222,
					"bytes":	26064,
					"bits_per_second":	208508.24672588639,
					"packets":	18,
					"omitted":	false,
					"sender":	true
				}],
			"sum":	{
				"start":	4.000076,
				"end":	5.000094,
				"seconds":	1.0000180006027222,
				"bytes":	26064,
				"bits_per_second":	208508.24672588639,
				"packets":	18,
				"omitted":	false,
				"sender":	true
			}
		}, {
			"streams":	[{
					"socket":	7,
					"start":	5.000094,
					"end":	6.000308,
					"seconds":	1.0002139806747437,
					"bytes":	27512,
					"bits_per_second":	220048.9137849517,
					"packets":	19,
					"omitted":	false,
					"sender":	true
				}],
			"sum":	{
				"start":	5.000094,
				"end":	6.000308,
				"seconds":	1.0002139806747437,
				"bytes":	27512,
				"bits_per_second":	220048.9137849517,
				"packets":	19,
				"omitted":	false,
				"sender":	true
			}
		}, {
			"streams":	[{
					"socket":	7,
					"start":	6.000308,
					"end":	7.000068,
					"seconds":	0.9997599720954895,
					"bytes":	27512,
					"bits_per_second":	220148.8418651933,
					"packets":	19,
					"omitted":	false,
					"sender":	true
				}],
			"sum":	{
				"start":	6.000308,
				"end":	7.000068,
				"seconds":	0.9997599720954895,
				"bytes":	27512,
				"bits_per_second":	220148.8418651933,
				"packets":	19,
				"omitted":	false,
				"sender":	true
			}
		}, {
			"streams":	[{
					"socket":	7,
					"start":	7.000068,
					"end":	8.000097,
					"seconds":	1.0000289678573608,
					"bytes":	26064,
					"bits_per_second":	208505.960029091,
					"packets":	18,
					"omitted":	false,
					"sender":	true
				}],
			"sum":	{
				"start":	7.000068,
				"end":	8.000097,
				"seconds":	1.0000289678573608,
				"bytes":	26064,
				"bits_per_second":	208505.960029091,
				"packets":	18,
				"omitted":	false,
				"sender":	true
			}
		}, {
			"streams":	[{
					"socket":	7,
					"start":	8.000097,
					"end":	9.000061,
					"seconds":	0.99996399879455566,
					"bytes":	27512,
					"bits_per_second":	220103.92400658727,
					"packets":	19,
					"omitted":	false,
					"sender":	true
				}],
			"sum":	{
				"start":	8.000097,
				"end":	9.000061,
				"seconds":	0.99996399879455566,
				"bytes":	27512,
				"bits_per_second":	220103.92400658727,
				"packets":	19,
				"omitted":	false,
				"sender":	true
			}
		}, {
			"streams":	[{
					"socket":	7,
					"start":	9.000061,
					"end":	10.000057,
					"seconds":	0.9999960064888,
					"bytes":	26064,
					"bits_per_second":	208512.83269833273,
					"packets":	18,
					"omitted":	false,
					"sender":	true
				}],
			"sum":	{
				"start":	9.000061,
				"end":	10.000057,
				"seconds":	0.9999960064888,
				"bytes":	26064,
				"bits_per_second":	208512.83269833273,
				"packets":	18,
				"omitted":	false,
				"sender":	true
			}
		}, {
			"streams":	[{
					"socket":	7,
					"start":	10.000057,
					"end":	11.000089,
					"seconds":	1.0000319480895996,
					"bytes":	27512,
					"bits_per_second":	220088.968577912,
					"packets":	19,
					"omitted":	false,
					"sender":	true
				}],
			"sum":	{
				"start":	10.000057,
				"end":	11.000089,
				"seconds":	1.0000319480895996,
				"bytes":	27512,
				"bits_per_second":	220088.968577912,
				"packets":	19,
				"omitted":	false,
				"sender":	true
			}
		}, {
			"streams":	[{
					"socket":	7,
					"start":	11.000089,
					"end":	12.000089,
					"seconds":	1,
					"bytes":	27512,
					"bits_per_second":	220096,
					"packets":	19,
					"omitted":	false,
					"sender":	true
				}],
			"sum":	{
				"start":	11.000089,
				"end":	12.000089,
				"seconds":	1,
				"bytes":	27512,
				"bits_per_second":	220096,
				"packets":	19,
				"omitted":	false,
				"sender":	true
			}
		}, {
			"streams":	[{
					"socket":	7,
					"start":	12.000089,
					"end":	13.000034,
					"seconds":	0.99994498491287231,
					"bytes":	27512,
					"bits_per_second":	220108.10926680881,
					"packets":	19,
					"omitted":	false,
					"sender":	true
				}],
			"sum":	{
				"start":	12.000089,
				"end":	13.000034,
				"seconds":	0.99994498491287231,
				"bytes":	27512,
				"bits_per_second":	220108.10926680881,
				"packets":	19,
				"omitted":	false,
				"sender":	true
			}
		}, {
			"streams":	[{
					"socket":	7,
					"start":	13.000034,
					"end":	14.000098,
					"seconds":	1.0000640153884888,
					"bytes":	26064,
					"bits_per_second":	208498.65287773663,
					"packets":	18,
					"omitted":	false,
					"sender":	true
				}],
			"sum":	{
				"start":	13.000034,
				"end":	14.000098,
				"seconds":	1.0000640153884888,
				"bytes":	26064,
				"bits_per_second":	208498.65287773663,
				"packets":	18,
				"omitted":	false,
				"sender":	true
			}
		}, {
			"streams":	[{
					"socket":	7,
					"start":	14.000098,
					"end":	15.000104,
					"seconds":	1.0000059604644775,
					"bytes":	27512,
					"bits_per_second":	220094.68813342968,
					"packets":	19,
					"omitted":	false,
					"sender":	true
				}],
			"sum":	{
				"start":	14.000098,
				"end":	15.000104,
				"seconds":	1.0000059604644775,
				"bytes":	27512,
				"bits_per_second":	220094.68813342968,
				"packets":	19,
				"omitted":	false,
				"sender":	true
			}
		}, {
			"streams":	[{
					"socket":	7,
					"start":	15.000104,