{
	"start":	{
		"connected":	[{
				"socket":	7,
				"local_host":	"192.168.42.10",
				"local_port":	58613,
				"remote_host":	"192.168.42.1",
				"remote_port":	5209
			}],
		"version":	"iperf 3.7",
		"system_info":	"Linux rathan-VirtualBox 5.4.0-177-generic #197-Ubuntu SMP Thu Mar 28 22:45:47 UTC 2024 x86_64",
		"timestamp":	{
			"time":	"Thu, 07 Nov 2024 07:48:10 GMT",
			"timesecs":	1730965690
		},
		"connecting_to":	{
			"host":	"192.168.42.1",
			"port":	5209
		},
		"cookie":	"hzihwiaufxqaruhc2jyynbb6szeayegyjav5",
		"sock_bufsize":	0,
		"sndbuf_actual":	212992,
		"rcvbuf_actual":	212992,
		"test_start":	{
			"protocol":	"UDP",
			"num_streams":	1,
			"blksize":	1448,
			"omit":	0,
			"duration":	30,
			"bytes":	0,
			"blocks":	0,
			"reverse":	0,
			"tos":	0
		}
	},
	"intervals":	[{
			"streams":	[{
					"socket":	7,
					"start":	0,
					"end":	1.000115,
					"seconds":	1.0001150369644165,
					"bytes":	95568,
					"bits_per_second":	764456.05929550889,
					"packets":	66,
					"omitted":	false,
					"sender":	true
				}],
			"sum":	{
				"start":	0,
				"end":	1.000115,
				"seconds":	1.0001150369644165,
				"bytes":	95568,
				"bits_per_second":	764456.05929550889,
				"packets":	66,
				"omitted":	false,
				"sender":	true
			}
		}, {
			"streams":	[{
					"socket":	7,
					"start":	1.000115,
					"end":	2.000038,
					"seconds":	0.9999229907989502,
					"bytes":	26064,
					"bits_per_second":	208528.05857918764,
					"packets":	18,
					"omitted":	false,
					"sender":	true
				}],
			"sum":	{
				"start":	1.000115,
				"end":	2.000038,
				"seconds":	0.9999229907989502,
				"bytes":	26064,
				"bits_per_second":	208528.05857918764,
				"packets":	18,
				"omitted":	false,
				"sender":	true
			}
		}, {
			"streams":	[{
					"socket":	7,
					"start":	2.000038,
					"end":	3.000105,
					"seconds":	1.0000669956207275,
					"bytes":	27512,
					"bits_per_second":	220081.25551967596,
					"packets":	19,
					"omitted":	false,
					"sender":	true
				}],
			"sum":	{
				"start":	2.000038,
				"end":	3.000105,
				"seconds":	1.0000669956207275,
				"bytes":	27512,
				"bits_per_second":	220081.25551967596,
				"packets":	19,
				"omitted":	false,
				"sender":	true
			}
		}, {
			"streams":	[{
					"socket":	7,
					"start":	3.000105,
					"end":	4.00011,
					"seconds":	1.0000050067901611,
					"bytes":	27512,
					"bits_per_second":	220094.89803103002,
					"packets":	19,
					"omitted":	false,
					"sender":	true
				}],
			"sum":	{
				"start":	3.000105,
				"end":	4.00011,
				"seconds":	1.0000050067901611,
				"bytes":	27512,
				"bits_per_second":	220094.89803103002,
				"packets":	19,
				"omitted":	false,
				"sender":	true
			}
		}, {
			"streams":	[{
					"socket":	7,
					"start":	4.00011,
					"end":	5.00011,
					"seconds":	1,
					"bytes":	26064,
					"bits_per_second":	208512,
					"packets":	18,
					"omitted":	false,
					"sender":	true
				}],
			"sum":	{
				"start":	4.00011,
				"end":	5.00011,
				"seconds":	1,
				"bytes":	26064,
				"bits_per_second":	208512,
				"packets":	18,
				"omitted":	false,
				"sender":	true
			}
		}, {
			"streams":	[{
					"socket":	7,
					"start":	5.00011,
					"end":	6.00032,
					"seconds":	1.0002100467681885,
					"bytes":	27512,
					"bits_per_second":	220049.77925502689,
					"packets":	19,
					"omitted":	false,
					"sender":	true
				}],
			"sum":	{
				"start":	5.00011,
				"end":	6.00032,
				"seconds":	1.0002100467681885,
				"bytes":	27512,
				"bits_per_second":	220049.77925502689,
				"packets":	19,
				"omitted":	false,
				"sender":	true
			}
		}, {
			"streams":	[{
					"socket":	7,
					"start":	6.00032,
					"end":	7.000104,
					"seconds":	0.999783992767334,
					"bytes":	27512,
					"bits_per_second":	220143.55259958631,
					"packets":	19,
					"omitted":	false,
					"sender":	true
				}],
			"sum":	{
				"start":	6.00032,
				"end":	7.000104,
				"seconds":	0.999783992767334,
				"bytes":	27512,
				"bits_per_second":	220143.55259958631,
				"packets":	19,
				"omitted":	false,
				"sender":	true
			}
		}, {
			"streams":	[{
					"socket":	7,
					"start":	7.000104,
					"end":	8.000103,
					"seconds":	0.99999898672103882,
					"bytes":	26064,
					"bits_per_second":	208512.21128103684,
					"packets":	18,
					"omitted":	false,
					"sender":	true
				}],
			"sum":	{
				"start":	7.000104,
				"end":	8.000103,
				"seconds":	0.99999898672103882,
				"bytes":	26064,
				"bits_per_second":	208512.21128103684,
				"packets":	18,
				"omitted":	false,
				"sender":	true
			}
		}, {
			"streams":	[{
					"socket":	7,
					"start":	8.000103,
					"end":	9.000106,
					"seconds":	1.0000029802322388,
					"bytes":	27512,
					"bits_per_second":	220095.34406476002,
					"packets":	19,
					"omitted":	false,
					"sender":	true
				}],
			"sum":	{
				"start":	8.000103,
				"end":	9.000106,
				"seconds":	1.0000029802322388,
				"bytes":	27512,
				"bits_per_second":	220095.34406476002,
				"packets":	19,
				"omitted":	false,
				"sender":	true
			}
		}, {
			"streams":	[{
					"socket":	7,
					"start":	9.000106,
					"end":	10.000083,
					"seconds":	0.9999769926071167,
					"bytes":	26064,
					"bits_per_second":	208516.79742788119,
					"packets":	18,
					"omitted":	false,
					"sender":	true
				}],
			"sum":	{
				"start":	9.000106,
				"end":	10.000083,
				"seconds":	0.9999769926071167,
				"bytes":	26064,
				"bits_per_second":	208516.79742788119,
				"packets":	18,
				"omitted":	false,
				"sender":	true
			}
		}, {
			"streams":	[{
					"socket":	7,
					"start":	10.000083,
					"end":	11.000099,
					"seconds":	1.0000159740447998,
					"bytes":	27512,
					"bits_per_second":	220092.48423279676,
					"packets":	19,
					"omitted":	false,
					"sender":	true
				}],
			"sum":	{
				"start":	10.000083,
				"end":	11.000099,
				"seconds":	1.0000159740447998,
				"bytes":	27512,
				"bits_per_second":	220092.48423279676,
				"packets":	19,
				"omitted":	false,
				"sender":	true
			}
		}, {
			"streams":	[{
					"socket":	7,
					"start":	11.000099,
					"end":	12.000052,
					"seconds":	0.99995297193527222,
					"bytes":	27512,
					"bits_per_second":	220106.35117573009,
					"packets":	19,
					"omitted":	false,
					"sender":	true
				}],
			"sum":	{
				"start":	11.000099,
				"end":	12.000052,
				"seconds":	0.99995297193527222,
				"bytes":	27512,
				"bits_per_second":	220106.35117573009,
				"packets":	19,
				"omitted":	false,
				"sender":	true
			}
		}, {
			"streams":	[{
					"socket":	7,
					"start":	12.000052,
					"end":	13.000188,
					"seconds":	1.0001360177993774,
					"bytes":	26064,
					"bits_per_second":	208483.64251373909,
					"packets":	18,
					"omitted":	false,
					"sender":	true
				}],
			"sum":	{
				"start":	12.000052,
				"end":	13.000188,
				"seconds":	1.0001360177993774,
				"bytes":	26064,
				"bits_per_second":	208483.64251373909,
				"packets":	18,
				"omitted":	false,
				"sender":	true
			}
		}, {
			"streams":	[{
					"socket":	7,
					"start":	13.000188,
					"end":	14.000109,
					"seconds":	0.99992102384567261,
					"bytes":	27512,
					"bits_per_second":	220113.3837085613,
					"packets":	19,
					"omitted":	false,
					"sender":	true
				}],
			"sum":	{
				"start":	13.000188,
				"end":	14.000109,
				"seconds":	0.99992102384567261,
				"bytes":	27512,
				"bits_per_second":	220113.3837085613,
				"packets":	19,
				"omitted":	false,
				"sender":	true
			}
		}, {
			"streams":	[{
					"socket":	7,
					"start":	14.000109,
					"end":	15.000106,
					"seconds":	0.99999701976776123,
					"bytes":	27512,
					"bits_per_second":	220096.65593914967,
					"packets":	19,
					"omitted":	false,
					"sender":	true
				}],
			"sum":	{
				"start":	14.000109,
				"end":	15.000106,
				"seconds":	0.99999701976776123,
				"bytes":	27512,
				"bits_per_second":	220096.65593914967,
				"packets":	19,
				"omitted":	false,
				"sender":	true
			}
		}, {
			"streams":	[{
					"socket":	7,
					"start":	15.000106,