{
	"start":	{
		"connected":	[{
				"socket":	5,
				"local_host":	"192.168.42.3",
				"local_port":	37200,
				"remote_host":	"192.168.42.1",
				"remote_port":	5202
			}],
		"version":	"iperf 3.7",
		"system_info":	"Linux rathan-VirtualBox 5.4.0-177-generic #197-Ubuntu SMP Thu Mar 28 22:45:47 UTC 2024 x86_64",
		"timestamp":	{
			"time":	"Mon, 21 Oct 2024 10:23:06 GMT",
			"timesecs":	1729506186
		},
		"connecting_to":	{
			"host":	"192.168.42.1",
			"port":	5202
		},
		"cookie":	"qk2k325t4wnfqifyzggrurwobzhyx5rwliq4",
		"tcp_mss_default":	1448,
		"sock_bufsize":	0,
		"sndbuf_actual":	87380,
		"rcvbuf_actual":	87380,
		"test_start":	{
			"protocol":	"TCP",
			"num_streams":	1,
			"blksize":	131072,
			"omit":	0,
			"duration":	20,
			"bytes":	0,
			"blocks":	0,
			"reverse":	0,
			"tos":	0
		}
	},
	"intervals":	[{
			"streams":	[{
					"socket":	5,
					"start":	0,
					"end":	1.021969,
					"seconds":	1.0219689607620239,
					"bytes":	53739520,
					"bits_per_second":	420674381.02957261,
					"retransmits":	0,
					"snd_cwnd":	154936,
					"rtt":	1975,
					"rttvar":	585,
					"pmtu":	1500,
					"omitted":	false,
					"sender":	true
				}],
			"sum":	{
				"start":	0,
				"end":	1.021969,
				"seconds":	1.0219689607620239,
				"bytes":	53739520,
				"bits_per_second":	420674381.02957261,
				"retransmits":	0,
				"omitted":	false,
				"sender":	true
			}
		}, {
			"streams":	[{
					"socket":	5,
					"start":	1.021969,
					"end":	1.2774079999999999,
					"seconds":	0.25543901324272156,
					"bytes":	13369344,
					"bits_per_second":	418709541.04559654,
					"retransmits":	0,
					"snd_cwnd":	154936,
					"rtt":	1896,
					"rttvar":	566,
					"pmtu":	1500,
					"omitted":	false,
					"sender":	true
				}],
			"sum":	{
				"start":	1.021969,
				"end":	1.2774079999999999,
				"seconds":	0.25543901324272156,
				"bytes":	13369344,
				"bits_per_second":	418709541.04559654,
				"retransmits":	0,
				"omitted":	false,
				"sender":	true
			}
		}],
	"end":	{
		"streams":	[{
				"sender":	{
					"socket":	5,
					"start":	0,
					"end":	1.2774079999999999,
					"seconds":	1.2774079999999999,
					"bytes":	67108864,
					"bits_per_second":	420281469.97670287,
					"retransmits":	0,
					"max_snd_cwnd":	154936,
					"max_rtt":	1975,
					"min_rtt":	1896,
					"mean_rtt":	1935,
					"sender":	true
				},
				"receiver":	{
					"socket":	5,
					"start":	0,
					"end":	1.2774079999999999,
					"seconds":	1.2774079999999999,
					"bytes":	0,
					"bits_per_second":	0,
					"sender":	true
				}
			}],
		"sum_sent":	{
			"start":	0,
			"end":	1.2774079999999999,
			"seconds":	1.2774079999999999,
			"bytes":	67108864,
			"bits_per_second":	420281469.97670287,
			"retransmits":	0,
			"sender":	true
		},
		"sum_received":	{
			"start":	0,
			"end":	1.2774079999999999,
			"seconds":	1.2774079999999999,
			"bytes":	0,
			"bits_per_second":	0,
			"sender":	true
		},
		"cpu_utilization_percent":	{
			"host_total":	99.7906609434808,
			"host_user":	0.16326256014782028,
			"host_system":	99.627476611679967,
			"remote_total":	0,
			"remote_user":	0,
			"remote_system":	0
		},
		"sender_tcp_congestion":	"cubic"
	},
	"error":	"interrupt - the client has terminated"
}
