{
	"start":	{
		"connected":	[{
				"socket":	7,
				"local_host":	"192.168.42.7",
				"local_port":	46238,
				"remote_host":	"192.168.42.1",
				"remote_port":	5206
			}],
		"version":	"iperf 3.7",
		"system_info":	"Linux rathan-VirtualBox 5.4.0-177-generic #197-Ubuntu SMP Thu Mar 28 22:45:47 UTC 2024 x86_64",
		"timestamp":	{
			"time":	"Wed, 06 Nov 2024 08:36:37 GMT",
			"timesecs":	1730882197
		},
		"connecting_to":	{
			"host":	"192.168.42.1",
			"port":	5206
		},
		"cookie":	"6gz6dyxvu6d6dmkgl5jumzu4l7xymxkjh34y",
		"tcp_mss_default":	1448,
		"sock_bufsize":	0,
		"sndbuf_actual":	87380,
		"rcvbuf_actual":	87380,
		"test_start":	{
			"protocol":	"TCP",
			"num_streams":	1,
			"blksize":	131072,
			"omit":	0,
			"duration":	30,
			"bytes":	0,
			"blocks":	0,
			"reverse":	0,
			"tos":	0
		}
	},
	"intervals":	[{
			"streams":	[{
					"socket":	7,
					"start":	0,
					"end":	1.000633,
					"seconds":	1.0006330013275146,
					"bytes":	101360,
					"bits_per_second":	810367.03659006441,
					"retransmits":	5,
					"snd_cwnd":	14480,
					"rtt":	124473,
					"rttvar":	31528,
					"pmtu":	1500,
					"omitted":	false,
					"sender":	true
				}],
			"sum":	{
				"start":	0,
				"end":	1.000633,
				"seconds":	1.0006330013275146,
				"bytes":	101360,
				"bits_per_second":	810367.03659006441,
				"retransmits":	5,
				"omitted":	false,
				"sender":	true
			}
		}, {
			"streams":	[{
					"socket":	7,
					"start":	1.000633,
					"end":	2.002267,
					"seconds":	1.0016340017318726,
					"bytes":	173760,
					"bits_per_second":	1387812.3122782232,
					"retransmits":	0,
					"snd_cwnd":	17376,
					"rtt":	48385,
					"rttvar":	11103,
					"pmtu":	1500,
					"omitted":	false,
					"sender":	true
				}],
			"sum":	{
				"start":	1.000633,
				"end":	2.002267,
				"seconds":	1.0016340017318726,
				"bytes":	173760,
				"bits_per_second":	1387812.3122782232,
				"retransmits":	0,
				"omitted":	false,
				"sender":	true
			}
		}, {
			"streams":	[{
					"socket":	7,
					"start":	2.002267,
					"end":	3.001576,
					"seconds":	0.9993090033531189,
					"bytes":	0,
					"bits_per_second":	0,
					"retransmits":	13,
					"snd_cwnd":	2896,
					"rtt":	86478,
					"rttvar":	47985,
					"pmtu":	1500,
					"omitted":	false,
					"sender":	true
				}],
			"sum":	{
				"start":	2.002267,
				"end":	3.001576,
				"seconds":	0.9993090033531189,
				"bytes":	0,
				"bits_per_second":	0,
				"retransmits":	13,
				"omitted":	false,
				"sender":	true
			}
		}, {
			"streams":	[{
					"socket":	7,
					"start":	3.001576,
					"end":	4.001788,
					"seconds":	1.0002119541168213,
					"bytes":	0,
					"bits_per_second":	0,
					"retransmits":	5,
					"snd_cwnd":	4344,
					"rtt":	51885,
					"rttvar":	19770,
					"pmtu":	1500,
					"omitted":	false,
					"sender":	true
				}],
			"sum":	{
				"start":	3.001576,
				"end":	4.001788,
				"seconds":	1.0002119541168213,
				"bytes":	0,
				"bits_per_second":	0,
				"retransmits":	5,
				"omitted":	false,
				"sender":	true
			}
		}, {
			"streams":	[{
					"socket":	7,
					"start":	4.001788,
					"end":	5.001349,
					"seconds":	0.99956101179122925,
					"bytes":	65160,
					"bits_per_second":	521508.93627379276,
					"retransmits":	2,
					"snd_cwnd":	8688,
					"rtt":	61246,
					"rttvar":	10449,
					"pmtu":	1500,
					"omitted":	false,
					"sender":	true
				}],
			"sum":	{
				"start":	4.001788,
				"end":	5.001349,
				"seconds":	0.99956101179122925,
				"bytes":	65160,
				"bits_per_second":	521508.93627379276,
				"retransmits":	2,
				"omitted":	false,
				"sender":	true
			}
		}, {
			"streams":	[{
					"socket":	7,
					"start":	5.001349,
					"end":	6.001948,
					"seconds":	1.0005990266799927,
					"bytes":	0,
					"bits_per_second":	0,
					"retransmits":	0,
					"snd_cwnd":	11584,
					"rtt":	98744,
					"rttvar":	13949,
					"pmtu":	1500,
					"omitted":	false,
					"sender":	true
				}],
			"sum":	{
				"start":	5.001349,
				"end":	6.001948,
				"seconds":	1.0005990266799927,
				"bytes":	0,
				"bits_per_second":	0,
				"retransmits":	0,
				"omitted":	false,
				"sender":	true
			}
		}, {
			"streams":	[{
					"socket":	7,
					"start":	6.001948,
					"end":	7.00092,
					"seconds":	0.99897199869155884,
					"bytes":	130320,
					"bits_per_second":	1043632.85594144,
					"retransmits":	0,
					"snd_cwnd":	14480,
					"rtt":	60443,
					"rttvar":	26886,
					"pmtu":	1500,
					"omitted":	false,
					"sender":	true
				}],
			"sum":	{
				"start":	6.001948,
				"end":	7.00092,
				"seconds":	0.99897199869155884,
				"bytes":	130320,
				"bits_per_second":	1043632.85594144,
				"retransmits":	0,
				"omitted":	false,
				"sender":	true
			}
		}, {
			"streams":	[{
					"socket":	7,
					"start":	7.00092,
					"end":	8.000807,
					"seconds":	0.99988698959350586,
					"bytes":	0,
					"bits_per_second":	0,
					"retransmits":	2,
					"snd_cwnd":	10136,
					"rtt":	143400,
					"rttvar":	68671,
					"pmtu":	1500,
					"omitted":	false,
					"sender":	true
				}],
			"sum":	{
				"start":	7.00092,
				"end":	8.000807,
				"seconds":	0.99988698959350586,
				"bytes":	0,
				"bits_per_second":	0,
				"retransmits":	2,
				"omitted":	false,
				"sender":	true
			}
		}, {
			"streams":	[{
					"socket":	7,
					"start":	8.000807,
					"end":	9.001639,
					"seconds":	1.0008319616317749,
					"bytes":	0,
					"bits_per_second":	0,
					"retransmits":	3,
					"snd_cwnd":	8688,
					"rtt":	194307,
					"rttvar":	153318,
					"pmtu":	1500,
					"omitted":	false,
					"sender":	true
				}],
			"sum":	{
				"start":	8.000807,
				"end":	9.001639,
				"seconds":	1.0008319616317749,
				"bytes":	0,
				"bits_per_second":	0,
				"retransmits":	3,
				"omitted":	false,
				"sender":	true
			}
		}, {
			"streams":	[{
					"socket":	7,
					"start":	9.001639,
					"end":	10.000453,
					"seconds":	0.99881398677825928,
					"bytes":	65160,
					"bits_per_second":	521898.97908961325,
					"retransmits":	6,
					"snd_cwnd":	8688,
					"rtt":	115325,
					"rttvar":	29355,
					"pmtu":	1500,
					"omitted":	false,
					"sender":	true
				}],
			"sum":	{
				"start":	9.001639,
				"end":	10.000453,
				"seconds":	0.99881398677825928,
				"bytes":	65160,
				"bits_per_second":	521898.97908961325,
				"retransmits":	6,
				"omitted":	false,
				"sender":	true
			}
		}, {
			"streams":	[{
					"socket":	7,
					"start":	10.000453,
					"end":	11.00108,
					"seconds":	1.0006270408630371,
					"bytes":	65160,
					"bits_per_second":	520953.34096747771,
					"retransmits":	0,
					"snd_cwnd":	11584,
					"rtt":	64684,
					"rttvar":	29509,
					"pmtu":	1500,
					"omitted":	false,
					"sender":	true
				}],
			"sum":	{
				"start":	10.000453,
				"end":	11.00108,
				"seconds":	1.0006270408630371,
				"bytes":	65160,
				"bits_per_second":	520953.34096747771,
				"retransmits":	0,
				"omitted":	false,
				"sender":	true
			}
		}, {
			"streams":	[{
					"socket":	7,
					"start":	11.00108,
					"end":	12.003172,
					"seconds":	1.0020920038223267,
					"bytes":	0,
					"bits_per_second":	0,
					"retransmits":	1,
					"snd_cwnd":	4344,
					"rtt":	113448,
					"rttvar":	119661,
					"pmtu":	1500,
					"omitted":	false,
					"sender":	true
				}],
			"sum":	{
				"start":	11.00108,
				"end":	12.003172,
				"seconds":	1.0020920038223267,
				"bytes":	0,
				"bits_per_second":	0,
				"retransmits":	1,
				"omitted":	false,
				"sender":	true
			}
		}, {
			"streams":	[{
					"socket":	7,
					"start":	12.003172,
					"end":	13.000801,
					"seconds":	0.99762898683547974,
					"bytes":	0,
					"bits_per_second":	0,
					"retransmits":	1,
					"snd_cwnd":	1448,
					"rtt":	113448,
					"rttvar":	119661,
					"pmtu":	1500,
					"omitted":	false,
					"sender":	true
				}],
			"sum":	{
				"start":	12.003172,
				"end":	13.000801,
				"seconds":	0.99762898683547974,
				"bytes":	0,
				"bits_per_second":	0,
				"retransmits":	1,
				"omitted":	false,
				"sender":	true
			}
		}, {
			"streams":	[{
					"socket":	7,
					"start":	13.000801,