{
	"start":	{
		"connected":	[{
				"socket":	7,
				"local_host":	"192.168.42.8",
				"local_port":	59640,
				"remote_host":	"192.168.42.1",
				"remote_port":	5207
			}],
		"version":	"iperf 3.7",
		"system_info":	"Linux rathan-VirtualBox 5.4.0-177-generic #197-Ubuntu SMP Thu Mar 28 22:45:47 UTC 2024 x86_64",
		"timestamp":	{
			"time":	"Wed, 06 Nov 2024 08:36:37 GMT",
			"timesecs":	1730882197
		},
		"connecting_to":	{
			"host":	"192.168.42.1",
			"port":	5207
		},
		"cookie":	"pmyes2hpcbxobkmkqspmfvr63kbxezithnzb",
		"tcp_mss_default":	1448,
		"sock_bufsize":	0,
		"sndbuf_actual":	87380,
		"rcvbuf_actual":	87380,
		"test_start":	{
			"protocol":	"TCP",
			"num_streams":	1,
			"blksize":	131072,
			"omit":	0,
			"duration":	30,
			"bytes":	0,
			"blocks":	0,
			"reverse":	0,
			"tos":	0
		}
	},
	"intervals":	[{
			"streams":	[{
					"socket":	7,
					"start":	0,
					"end":	1.000859,
					"seconds":	1.0008590221405029,
					"bytes":	101360,
					"bits_per_second":	810184.03397693182,
					"retransmits":	11,
					"snd_cwnd":	11584,
					"rtt":	93838,
					"rttvar":	10674,
					"pmtu":	1500,
					"omitted":	false,
					"sender":	true
				}],
			"sum":	{
				"start":	0,
				"end":	1.000859,
				"seconds":	1.0008590221405029,
				"bytes":	101360,
				"bits_per_second":	810184.03397693182,
				"retransmits":	11,
				"omitted":	false,
				"sender":	true
			}
		}, {
			"streams":	[{
					"socket":	7,
					"start":	1.000859,
					"end":	2.000187,
					"seconds":	0.99932801723480225,
					"bytes":	73848,
					"bits_per_second":	591181.26362026064,
					"retransmits":	0,
					"snd_cwnd":	14480,
					"rtt":	72756,
					"rttvar":	27823,
					"pmtu":	1500,
					"omitted":	false,
					"sender":	true
				}],
			"sum":	{
				"start":	1.000859,
				"end":	2.000187,
				"seconds":	0.99932801723480225,
				"bytes":	73848,
				"bits_per_second":	591181.26362026064,
				"retransmits":	0,
				"omitted":	false,
				"sender":	true
			}
		}, {
			"streams":	[{
					"socket":	7,
					"start":	2.000187,
					"end":	3.000089,
					"seconds":	0.99990200996398926,
					"bytes":	173760,
					"bits_per_second":	1390216.2273381795,
					"retransmits":	0,
					"snd_cwnd":	14480,
					"rtt":	36213,
					"rttvar":	9149,
					"pmtu":	1500,
					"omitted":	false,
					"sender":	true
				}],
			"sum":	{
				"start":	2.000187,
				"end":	3.000089,
				"seconds":	0.99990200996398926,
				"bytes":	173760,
				"bits_per_second":	1390216.2273381795,
				"retransmits":	0,
				"omitted":	false,
				"sender":	true
			}
		}, {
			"streams":	[{
					"socket":	7,
					"start":	3.000089,
					"end":	4.000258,
					"seconds":	1.000169038772583,
					"bytes":	170864,
					"bits_per_second":	1366680.9779249791,
					"retransmits":	7,
					"snd_cwnd":	13032,
					"rtt":	50973,
					"rttvar":	14379,
					"pmtu":	1500,
					"omitted":	false,
					"sender":	true
				}],
			"sum":	{
				"start":	3.000089,
				"end":	4.000258,
				"seconds":	1.000169038772583,
				"bytes":	170864,
				"bits_per_second":	1366680.9779249791,
				"retransmits":	7,
				"omitted":	false,
				"sender":	true
			}
		}, {
			"streams":	[{
					"socket":	7,
					"start":	4.000258,
					"end":	5.000273,
					"seconds":	1.0000150203704834,
					"bytes":	82536,
					"bits_per_second":	660278.08237858058,
					"retransmits":	7,
					"snd_cwnd":	11584,
					"rtt":	55276,
					"rttvar":	11670,
					"pmtu":	1500,
					"omitted":	false,
					"sender":	true
				}],
			"sum":	{
				"start":	4.000258,
				"end":	5.000273,
				"seconds":	1.0000150203704834,
				"bytes":	82536,
				"bits_per_second":	660278.08237858058,
				"retransmits":	7,
				"omitted":	false,
				"sender":	true
			}
		}, {
			"streams":	[{
					"socket":	7,
					"start":	5.000273,
					"end":	6.001373,
					"seconds":	1.0010999441146851,
					"bytes":	0,
					"bits_per_second":	0,
					"retransmits":	0,
					"snd_cwnd":	13032,
					"rtt":	95470,
					"rttvar":	20462,
					"pmtu":	1500,
					"omitted":	false,
					"sender":	true
				}],
			"sum":	{
				"start":	5.000273,
				"end":	6.001373,
				"seconds":	1.0010999441146851,
				"bytes":	0,
				"bits_per_second":	0,
				"retransmits":	0,
				"omitted":	false,
				"sender":	true
			}
		}, {
			"streams":	[{
					"socket":	7,
					"start":	6.001373,
					"end":	7.001075,
					"seconds":	0.999701976776123,
					"bytes":	82536,
					"bits_per_second":	660484.83982128534,
					"retransmits":	0,
					"snd_cwnd":	13032,
					"rtt":	117995,
					"rttvar":	33698,
					"pmtu":	1500,
					"omitted":	false,
					"sender":	true
				}],
			"sum":	{
				"start":	6.001373,
				"end":	7.001075,
				"seconds":	0.999701976776123,
				"bytes":	82536,
				"bits_per_second":	660484.83982128534,
				"retransmits":	0,
				"omitted":	false,
				"sender":	true
			}
		}, {
			"streams":	[{
					"socket":	7,
					"start":	7.001075,
					"end":	8.002177,
					"seconds":	1.0011019706726074,
					"bytes":	0,
					"bits_per_second":	0,
					"retransmits":	5,
					"snd_cwnd":	14480,
					"rtt":	112086,
					"rttvar":	31175,
					"pmtu":	1500,
					"omitted":	false,
					"sender":	true
				}],
			"sum":	{
				"start":	7.001075,
				"end":	8.002177,
				"seconds":	1.0011019706726074,
				"bytes":	0,
				"bits_per_second":	0,
				"retransmits":	5,
				"omitted":	false,
				"sender":	true
			}
		}, {
			"streams":	[{
					"socket":	7,
					"start":	8.002177,
					"end":	9.001444,
					"seconds":	0.99926698207855225,
					"bytes":	165072,
					"bits_per_second":	1321544.7159607939,
					"retransmits":	0,
					"snd_cwnd":	14480,
					"rtt":	76517,
					"rttvar":	19092,
					"pmtu":	1500,
					"omitted":	false,
					"sender":	true
				}],
			"sum":	{
				"start":	8.002177,
				"end":	9.001444,
				"seconds":	0.99926698207855225,
				"bytes":	165072,
				"bits_per_second":	1321544.7159607939,
				"retransmits":	0,
				"omitted":	false,
				"sender":	true
			}
		}, {
			"streams":	[{
					"socket":	7,
					"start":	9.001444,
					"end":	10.000474,
					"seconds":	0.99902999401092529,
					"bytes":	82536,
					"bits_per_second":	660929.10519038851,
					"retransmits":	0,
					"snd_cwnd":	14480,
					"rtt":	59621,
					"rttvar":	41314,
					"pmtu":	1500,
					"omitted":	false,
					"sender":	true
				}],
			"sum":	{
				"start":	9.001444,
				"end":	10.000474,
				"seconds":	0.99902999401092529,
				"bytes":	82536,
				"bits_per_second":	660929.10519038851,
				"retransmits":	0,
				"omitted":	false,
				"sender":	true
			}
		}, {
			"streams":	[{
					"socket":	7,
					"start":	10.000474,
					"end":	11.001122,
					"seconds":	1.000648021697998,
					"bytes":	89776,
					"bits_per_second":	717742.88703561714,
					"retransmits":	9,
					"snd_cwnd":	5792,
					"rtt":	98139,
					"rttvar":	42607,
					"pmtu":	1500,
					"omitted":	false,
					"sender":	true
				}],
			"sum":	{
				"start":	10.000474,
				"end":	11.001122,
				"seconds":	1.000648021697998,
				"bytes":	89776,
				"bits_per_second":	717742.88703561714,
				"retransmits":	9,
				"omitted":	false,
				"sender":	true
			}
		}, {
			"streams":	[{
					"socket":	7,
					"start":	11.001122,
					"end":	12.000073,
					"seconds":	0.9989510178565979,
					"bytes":	0,
					"bits_per_second":	0,
					"retransmits":	2,
					"snd_cwnd":	8688,
					"rtt":	57991,
					"rttvar":	28987,
					"pmtu":	1500,
					"omitted":	false,
					"sender":	true
				}],
			"sum":	{
				"start":	11.001122,
				"end":	12.000073,
				"seconds":	0.9989510178565979,
				"bytes":	0,
				"bits_per_second":	0,
				"retransmits":	2,
				"omitted":	false,
				"sender":	true
			}
		}, {
			"streams":	[{
					"socket":	7,
					"start":	12.000073,
					"end":	13.000981,
					"seconds":	1.0009080171585083,
					"bytes":	82536,
					"bits_per_second":	659688.99107682321,
					"retransmits":	0,
					"snd_cwnd":	11584,
					"rtt":	65264,
					"rttvar":	19033,
					"pmtu":	1500,
					"omitted":	false,
					"sender":	true
				}],
			"sum":	{
				"start":	12.000073,
				"end":	13.000981,
				"seconds":	1.0009080171585083,
				"bytes":	82536,