{
	"start":	{
		"connected":	[{
				"socket":	7,
				"local_host":	"192.168.42.9",
				"local_port":	43586,
				"remote_host":	"192.168.42.1",
				"remote_port":	5208
			}],
		"version":	"iperf 3.7",
		"system_info":	"Linux rathan-VirtualBox 5.4.0-177-generic #197-Ubuntu SMP Thu Mar 28 22:45:47 UTC 2024 x86_64",
		"timestamp":	{
			"time":	"Wed, 06 Nov 2024 08:36:37 GMT",
			"timesecs":	1730882197
		},
		"connecting_to":	{
			"host":	"192.168.42.1",
			"port":	5208
		},
		"cookie":	"h6cr353cvawzopjywoz3qdfjy6dhacx5g42s",
		"tcp_mss_default":	1448,
		"sock_bufsize":	0,
		"sndbuf_actual":	87380,
		"rcvbuf_actual":	87380,
		"test_start":	{
			"protocol":	"TCP",
			"num_streams":	1,
			"blksize":	131072,
			"omit":	0,
			"duration":	30,
			"bytes":	0,
			"blocks":	0,
			"reverse":	0,
			"tos":	0
		}
	},
	"intervals":	[{
			"streams":	[{
					"socket":	7,
					"start":	0,
					"end":	1.000992,
					"seconds":	1.0009919404983521,
					"bytes":	166520,
					"bits_per_second":	1330839.8860202343,
					"retransmits":	2,
					"snd_cwnd":	1448,
					"rtt":	27368,
					"rttvar":	16618,
					"pmtu":	1500,
					"omitted":	false,
					"sender":	true
				}],
			"sum":	{
				"start":	0,
				"end":	1.000992,
				"seconds":	1.0009919404983521,
				"bytes":	166520,
				"bits_per_second":	1330839.8860202343,
				"retransmits":	2,
				"omitted":	false,
				"sender":	true
			}
		}, {
			"streams":	[{
					"socket":	7,
					"start":	1.000992,
					"end":	2.001519,
					"seconds":	1.000527024269104,
					"bytes":	86880,
					"bits_per_second":	694673.89000085671,
					"retransmits":	11,
					"snd_cwnd":	23168,
					"rtt":	117586,
					"rttvar":	22673,
					"pmtu":	1500,
					"omitted":	false,
					"sender":	true
				}],
			"sum":	{
				"start":	1.000992,
				"end":	2.001519,
				"seconds":	1.000527024269104,
				"bytes":	86880,
				"bits_per_second":	694673.89000085671,
				"retransmits":	11,
				"omitted":	false,
				"sender":	true
			}
		}, {
			"streams":	[{
					"socket":	7,
					"start":	2.001519,
					"end":	3.000606,
					"seconds":	0.99908697605133057,
					"bytes":	0,
					"bits_per_second":	0,
					"retransmits":	22,
					"snd_cwnd":	2896,
					"rtt":	113755,
					"rttvar":	68619,
					"pmtu":	1500,
					"omitted":	false,
					"sender":	true
				}],
			"sum":	{
				"start":	2.001519,
				"end":	3.000606,
				"seconds":	0.99908697605133057,
				"bytes":	0,
				"bits_per_second":	0,
				"retransmits":	22,
				"omitted":	false,
				"sender":	true
			}
		}, {
			"streams":	[{
					"socket":	7,
					"start":	3.000606,
					"end":	4.000185,
					"seconds":	0.99957901239395142,
					"bytes":	0,
					"bits_per_second":	0,
					"retransmits":	3,
					"snd_cwnd":	2896,
					"rtt":	117536,
					"rttvar":	59025,
					"pmtu":	1500,
					"omitted":	false,
					"sender":	true
				}],
			"sum":	{
				"start":	3.000606,
				"end":	4.000185,
				"seconds":	0.99957901239395142,
				"bytes":	0,
				"bits_per_second":	0,
				"retransmits":	3,
				"omitted":	false,
				"sender":	true
			}
		}, {
			"streams":	[{
					"socket":	7,
					"start":	4.000185,
					"end":	5.000644,
					"seconds":	1.0004589557647705,
					"bytes":	238920,
					"bits_per_second":	1910483.1727343765,
					"retransmits":	12,
					"snd_cwnd":	14480,
					"rtt":	55202,
					"rttvar":	17929,
					"pmtu":	1500,
					"omitted":	false,
					"sender":	true
				}],
			"sum":	{
				"start":	4.000185,
				"end":	5.000644,
				"seconds":	1.0004589557647705,
				"bytes":	238920,
				"bits_per_second":	1910483.1727343765,
				"retransmits":	12,
				"omitted":	false,
				"sender":	true
			}
		}, {
			"streams":	[{
					"socket":	7,
					"start":	5.000644,
					"end":	6.000961,
					"seconds":	1.0003169775009155,
					"bytes":	0,
					"bits_per_second":	0,
					"retransmits":	0,
					"snd_cwnd":	20272,
					"rtt":	122307,
					"rttvar":	36696,
					"pmtu":	1500,
					"omitted":	false,
					"sender":	true
				}],
			"sum":	{
				"start":	5.000644,
				"end":	6.000961,
				"seconds":	1.0003169775009155,
				"bytes":	0,
				"bits_per_second":	0,
				"retransmits":	0,
				"omitted":	false,
				"sender":	true
			}
		}, {
			"streams":	[{
					"socket":	7,
					"start":	6.000961,
					"end":	7.000894,
					"seconds":	0.99993300437927246,
					"bytes":	130320,
					"bits_per_second":	1042629.8516340993,
					"retransmits":	10,
					"snd_cwnd":	15928,
					"rtt":	127029,
					"rttvar":	47973,
					"pmtu":	1500,
					"omitted":	false,
					"sender":	true
				}],
			"sum":	{
				"start":	6.000961,
				"end":	7.000894,
				"seconds":	0.99993300437927246,
				"bytes":	130320,
				"bits_per_second":	1042629.8516340993,
				"retransmits":	10,
				"omitted":	false,
				"sender":	true
			}
		}, {
			"streams":	[{
					"socket":	7,
					"start":	7.000894,
					"end":	8.001546,
					"seconds":	1.0006519556045532,
					"bytes":	0,
					"bits_per_second":	0,
					"retransmits":	7,
					"snd_cwnd":	15928,
					"rtt":	128883,
					"rttvar":	36686,
					"pmtu":	1500,
					"omitted":	false,
					"sender":	true
				}],
			"sum":	{
				"start":	7.000894,
				"end":	8.001546,
				"seconds":	1.0006519556045532,
				"bytes":	0,
				"bits_per_second":	0,
				"retransmits":	7,
				"omitted":	false,
				"sender":	true
			}
		}, {
			"streams":	[{
					"socket":	7,
					"start":	8.001546,
					"end":	9.001486,
					"seconds":	0.99993997812271118,
					"bytes":	0,
					"bits_per_second":	0,
					"retransmits":	0,
					"snd_cwnd":	15928,
					"rtt":	167384,
					"rttvar":	131117,
					"pmtu":	1500,
					"omitted":	false,
					"sender":	true
				}],
			"sum":	{
				"start":	8.001546,
				"end":	9.001486,
				"seconds":	0.99993997812271118,
				"bytes":	0,
				"bits_per_second":	0,
				"retransmits":	0,
				"omitted":	false,
				"sender":	true
			}
		}, {
			"streams":	[{
					"socket":	7,
					"start":	9.001486,
					"end":	10.001031,
					"seconds":	0.99954497814178467,
					"bytes":	0,
					"bits_per_second":	0,
					"retransmits":	7,
					"snd_cwnd":	4344,
					"rtt":	155624,
					"rttvar":	128292,
					"pmtu":	1500,
					"omitted":	false,
					"sender":	true
				}],
			"sum":	{
				"start":	9.001486,
				"end":	10.001031,
				"seconds":	0.99954497814178467,
				"bytes":	0,
				"bits_per_second":	0,
				"retransmits":	7,
				"omitted":	false,
				"sender":	true
			}
		}, {
			"streams":	[{
					"socket":	7,
					"start":	10.001031,
					"end":	11.001787,
					"seconds":	1.0007560253143311,
					"bytes":	0,
					"bits_per_second":	0,
					"retransmits":	4,
					"snd_cwnd":	4344,
					"rtt":	199897,
					"rttvar":	159862,
					"pmtu":	1500,
					"omitted":	false,
					"sender":	true
				}],
			"sum":	{
				"start":	10.001031,
				"end":	11.001787,
				"seconds":	1.0007560253143311,
				"bytes":	0,
				"bits_per_second":	0,
				"retransmits":	4,
				"omitted":	false,
				"sender":	true
			}
		}, {
			"streams":	[{
					"socket":	7,
					"start":	11.001787,
					"end":	12.000195,
					"seconds":	0.99840801954269409,
					"bytes":	130320,
					"bits_per_second":	1044222.3816246279,
					"retransmits":	3,
					"snd_cwnd":	10136,
					"rtt":	57705,
					"rttvar":	17160,
					"pmtu":	1500,
					"omitted":	false,
					"sender":	true
				}],
			"sum":	{
				"start":	11.001787,
				"end":	12.000195,
				"seconds":	0.99840801954269409,
				"bytes":	130320,
				"bits_per_second":	1044222.3816246279,
				"retransmits":	3,
				"omitted":	false,
				"sender":	true
			}
		}, {
			"streams":	[{
					"socket":	7,
					"start":	12.000195,
					"end":	13.000691,
					"seconds":	1.0004960298538208,
					"bytes":	130320,
					"bits_per_second":	1042043.1155057407,
					"retransmits":	2,
					"snd_cwnd":	8688,
					"rtt":	100235,
					"rttvar":	49808,
					"pmtu":	1500,
					"omitted":	false,
					"sender":	true
				}],
			"sum":	{
				"start":	12.000195,
				"end":	13.000691,
				"seconds":	1.0004960298538208,
				"bytes":	130320,
				"bits_per_second":	1042043.1155057407,
				"retransmits":	2,
				"omitted":	false,
				"sender":	true
			}
		}, {
			"streams":	[{
					"socket":	7,