{
	"start":	{
		"connected":	[{
				"socket":	7,
				"local_host":	"192.168.42.10",
				"local_port":	50960,
				"remote_host":	"192.168.42.1",
				"remote_port":	5209
			}],
		"version":	"iperf 3.7",
		"system_info":	"Linux rathan-VirtualBox 5.4.0-177-generic #197-Ubuntu SMP Thu Mar 28 22:45:47 UTC 2024 x86_64",
		"timestamp":	{
			"time":	"Wed, 06 Nov 2024 08:36:37 GMT",
			"timesecs":	1730882197
		},
		"connecting_to":	{
			"host":	"192.168.42.1",
			"port":	5209
		},
		"cookie":	"mkskx3fxvgapi34hsr5llyejxl4ejydnprjk",
		"tcp_mss_default":	1448,
		"sock_bufsize":	0,
		"sndbuf_actual":	87380,
		"rcvbuf_actual":	87380,
		"test_start":	{
			"protocol":	"TCP",
			"num_streams":	1,
			"blksize":	131072,
			"omit":	0,
			"duration":	30,
			"bytes":	0,
			"blocks":	0,
			"reverse":	0,
			"tos":	0
		}
	},
	"intervals":	[{
			"streams":	[{
					"socket":	7,
					"start":	0,
					"end":	1.000683,
					"seconds":	1.0006829500198364,
					"bytes":	253400,
					"bits_per_second":	2025816.4686025828,
					"retransmits":	0,
					"snd_cwnd":	37648,
					"rtt":	106615,
					"rttvar":	14082,
					"pmtu":	1500,
					"omitted":	false,
					"sender":	true
				}],
			"sum":	{
				"start":	0,
				"end":	1.000683,
				"seconds":	1.0006829500198364,
				"bytes":	253400,
				"bits_per_second":	2025816.4686025828,
				"retransmits":	0,
				"omitted":	false,
				"sender":	true
			}
		}, {
			"streams":	[{
					"socket":	7,
					"start":	1.000683,
					"end":	2.002414,
					"seconds":	1.0017310380935669,
					"bytes":	0,
					"bits_per_second":	0,
					"retransmits":	2,
					"snd_cwnd":	27512,
					"rtt":	79011,
					"rttvar":	21376,
					"pmtu":	1500,
					"omitted":	false,
					"sender":	true
				}],
			"sum":	{
				"start":	1.000683,
				"end":	2.002414,
				"seconds":	1.0017310380935669,
				"bytes":	0,
				"bits_per_second":	0,
				"retransmits":	2,
				"omitted":	false,
				"sender":	true
			}
		}, {
			"streams":	[{
					"socket":	7,
					"start":	2.002414,
					"end":	3.000121,
					"seconds":	0.99770700931549072,
					"bytes":	238920,
					"bits_per_second":	1915752.8033318624,
					"retransmits":	15,
					"snd_cwnd":	23168,
					"rtt":	40849,
					"rttvar":	14806,
					"pmtu":	1500,
					"omitted":	false,
					"sender":	true
				}],
			"sum":	{
				"start":	2.002414,
				"end":	3.000121,
				"seconds":	0.99770700931549072,
				"bytes":	238920,
				"bits_per_second":	1915752.8033318624,
				"retransmits":	15,
				"omitted":	false,
				"sender":	true
			}
		}, {
			"streams":	[{
					"socket":	7,
					"start":	3.000121,
					"end":	4.001826,
					"seconds":	1.0017050504684448,
					"bytes":	0,
					"bits_per_second":	0,
					"retransmits":	10,
					"snd_cwnd":	5792,
					"rtt":	164694,
					"rttvar":	189611,
					"pmtu":	1500,
					"omitted":	false,
					"sender":	true
				}],
			"sum":	{
				"start":	3.000121,
				"end":	4.001826,
				"seconds":	1.0017050504684448,
				"bytes":	0,
				"bits_per_second":	0,
				"retransmits":	10,
				"omitted":	false,
				"sender":	true
			}
		}, {
			"streams":	[{
					"socket":	7,
					"start":	4.001826,
					"end":	5.00143,
					"seconds":	0.9996039867401123,
					"bytes":	0,
					"bits_per_second":	0,
					"retransmits":	1,
					"snd_cwnd":	1448,
					"rtt":	164694,
					"rttvar":	189611,
					"pmtu":	1500,
					"omitted":	false,
					"sender":	true
				}],
			"sum":	{
				"start":	4.001826,
				"end":	5.00143,
				"seconds":	0.9996039867401123,
				"bytes":	0,
				"bits_per_second":	0,
				"retransmits":	1,
				"omitted":	false,
				"sender":	true
			}
		}, {
			"streams":	[{
					"socket":	7,
					"start":	5.00143,
					"end":	6.001912,
					"seconds":	1.0004819631576538,
					"bytes":	0,
					"bits_per_second":	0,
					"retransmits":	0,
					"snd_cwnd":	1448,
					"rtt":	164694,
					"rttvar":	189611,
					"pmtu":	1500,
					"omitted":	false,
					"sender":	true
				}],
			"sum":	{
				"start":	5.00143,
				"end":	6.001912,
				"seconds":	1.0004819631576538,
				"bytes":	0,
				"bits_per_second":	0,
				"retransmits":	0,
				"omitted":	false,
				"sender":	true
			}
		}, {
			"streams":	[{
					"socket":	7,
					"start":	6.001912,
					"end":	7.001081,
					"seconds":	0.9991689920425415,
					"bytes":	0,
					"bits_per_second":	0,
					"retransmits":	5,
					"snd_cwnd":	8688,
					"rtt":	235894,
					"rttvar":	401727,
					"pmtu":	1500,
					"omitted":	false,
					"sender":	true
				}],
			"sum":	{
				"start":	6.001912,
				"end":	7.001081,
				"seconds":	0.9991689920425415,
				"bytes":	0,
				"bits_per_second":	0,
				"retransmits":	5,
				"omitted":	false,
				"sender":	true
			}
		}, {
			"streams":	[{
					"socket":	7,
					"start":	7.001081,
					"end":	8.000613,
					"seconds":	0.99953198432922363,
					"bytes":	0,
					"bits_per_second":	0,
					"retransmits":	5,
					"snd_cwnd":	5792,
					"rtt":	160402,
					"rttvar":	96877,
					"pmtu":	1500,
					"omitted":	false,
					"sender":	true
				}],
			"sum":	{
				"start":	7.001081,
				"end":	8.000613,
				"seconds":	0.99953198432922363,
				"bytes":	0,
				"bits_per_second":	0,
				"retransmits":	5,
				"omitted":	false,
				"sender":	true
			}
		}, {
			"streams":	[{
					"socket":	7,
					"start":	8.000613,
					"end":	9.001688,
					"seconds":	1.0010750293731689,
					"bytes":	0,
					"bits_per_second":	0,
					"retransmits":	4,
					"snd_cwnd":	5792,
					"rtt":	103223,
					"rttvar":	30193,
					"pmtu":	1500,
					"omitted":	false,
					"sender":	true
				}],
			"sum":	{
				"start":	8.000613,
				"end":	9.001688,
				"seconds":	1.0010750293731689,
				"bytes":	0,
				"bits_per_second":	0,
				"retransmits":	4,
				"omitted":	false,
				"sender":	true
			}
		}, {
			"streams":	[{
					"socket":	7,
					"start":	9.001688,
					"end":	10.000785,
					"seconds":	0.99909698963165283,
					"bytes":	130320,
					"bits_per_second":	1043502.2933903255,
					"retransmits":	0,
					"snd_cwnd":	8688,
					"rtt":	87388,
					"rttvar":	23418,
					"pmtu":	1500,
					"omitted":	false,
					"sender":	true
				}],
			"sum":	{
				"start":	9.001688,
				"end":	10.000785,
				"seconds":	0.99909698963165283,
				"bytes":	130320,
				"bits_per_second":	1043502.2933903255,
				"retransmits":	0,
				"omitted":	false,
				"sender":	true
			}
		}, {
			"streams":	[{
					"socket":	7,
					"start":	10.000785,
					"end":	11.00142,
					"seconds":	1.000635027885437,
					"bytes":	0,
					"bits_per_second":	0,
					"retransmits":	4,
					"snd_cwnd":	7240,
					"rtt":	74965,
					"rttvar":	42761,
					"pmtu":	1500,
					"omitted":	false,
					"sender":	true
				}],
			"sum":	{
				"start":	10.000785,
				"end":	11.00142,
				"seconds":	1.000635027885437,
				"bytes":	0,
				"bits_per_second":	0,
				"retransmits":	4,
				"omitted":	false,
				"sender":	true
			}
		}, {
			"streams":	[{
					"socket":	7,
					"start":	11.00142,
					"end":	12.003238,
					"seconds":	1.0018179416656494,
					"bytes":	0,
					"bits_per_second":	0,
					"retransmits":	8,
					"snd_cwnd":	4344,
					"rtt":	80379,
					"rttvar":	42933,
					"pmtu":	1500,
					"omitted":	false,
					"sender":	true
				}],
			"sum":	{
				"start":	11.00142,
				"end":	12.003238,
				"seconds":	1.0018179416656494,
				"bytes":	0,
				"bits_per_second":	0,
				"retransmits":	8,
				"omitted":	false,
				"sender":	true
			}
		}, {
			"streams":	[{
					"socket":	7,
					"start":	12.003238,
					"end":	13.000527,
					"seconds":	0.99728900194168091,
					"bytes":	130320,
					"bits_per_second":	1045394.061270282,
					"retransmits":	0,
					"snd_cwnd":	8688,
					"rtt":	75879,
					"rttvar":	21337,
					"pmtu":	1500,
					"omitted":	false,
					"sender":	true
				}],
			"sum":	{
				"start":	12.003238,
				"end":	13.000527,
				"seconds":	0.99728900194168091,
				"bytes":	130320,
				"bits_per_second":	1045394.061270282,
				"retransmits":	0,
				"omitted":	false,
				"sender":	true
			}
		}, {
			"streams":	[{
					"socket":	7,
					"start":	13.000527,
					"end":	14.001326,
					"seconds":	1.0007989406585693,
					"bytes":	0,