{
	"start":	{
		"connected":	[{
				"socket":	7,
				"local_host":	"192.168.42.3",
				"local_port":	38008,
				"remote_host":	"192.168.42.1",
				"remote_port":	5202
			}],
		"version":	"iperf 3.7",
		"system_info":	"Linux rathan-VirtualBox 5.4.0-177-generic #197-Ubuntu SMP Thu Mar 28 22:45:47 UTC 2024 x86_64",
		"timestamp":	{
			"time":	"Thu, 07 Nov 2024 07:37:03 GMT",
			"timesecs":	1730965023
		},
		"connecting_to":	{
			"host":	"192.168.42.1",
			"port":	5202
		},
		"cookie":	"niu7azfeffsmrpyt2pqi6hln36dvjng4chls",
		"tcp_mss_default":	1448,
		"sock_bufsize":	0,
		"sndbuf_actual":	87380,
		"rcvbuf_actual":	87380,
		"test_start":	{
			"protocol":	"TCP",
			"num_streams":	1,
			"blksize":	131072,
			"omit":	0,
			"duration":	30,
			"bytes":	0,
			"blocks":	0,
			"reverse":	0,
			"tos":	0
		}
	},
	"intervals":	[{
			"streams":	[{
					"socket":	7,
					"start":	0,
					"end":	1.000152,
					"seconds":	1.0001519918441772,
					"bytes":	275120,
					"bits_per_second":	2200625.5228684358,
					"retransmits":	5,
					"snd_cwnd":	5792,
					"rtt":	51374,
					"rttvar":	53922,
					"pmtu":	1500,
					"omitted":	false,
					"sender":	true
				}],
			"sum":	{
				"start":	0,
				"end":	1.000152,
				"seconds":	1.0001519918441772,
				"bytes":	275120,
				"bits_per_second":	2200625.5228684358,
				"retransmits":	5,
				"omitted":	false,
				"sender":	true
			}
		}, {
			"streams":	[{
					"socket":	7,
					"start":	1.000152,
					"end":	2.000259,
					"seconds":	1.0001070499420166,
					"bytes":	195480,
					"bits_per_second":	1563672.6089378803,
					"retransmits":	6,
					"snd_cwnd":	15928,
					"rtt":	27561,
					"rttvar":	6243,
					"pmtu":	1500,
					"omitted":	false,
					"sender":	true
				}],
			"sum":	{
				"start":	1.000152,
				"end":	2.000259,
				"seconds":	1.0001070499420166,
				"bytes":	195480,
				"bits_per_second":	1563672.6089378803,
				"retransmits":	6,
				"omitted":	false,
				"sender":	true
			}
		}, {
			"streams":	[{
					"socket":	7,
					"start":	2.000259,
					"end":	3.000668,
					"seconds":	1.0004090070724487,
					"bytes":	65160,
					"bits_per_second":	521066.87996087718,
					"retransmits":	8,
					"snd_cwnd":	8688,
					"rtt":	51730,
					"rttvar":	32497,
					"pmtu":	1500,
					"omitted":	false,
					"sender":	true
				}],
			"sum":	{
				"start":	2.000259,
				"end":	3.000668,
				"seconds":	1.0004090070724487,
				"bytes":	65160,
				"bits_per_second":	521066.87996087718,
				"retransmits":	8,
				"omitted":	false,
				"sender":	true
			}
		}, {
			"streams":	[{
					"socket":	7,
					"start":	3.000668,
					"end":	4.000059,
					"seconds":	0.99939101934432983,
					"bytes":	130320,
					"bits_per_second":	1043195.2857491075,
					"retransmits":	3,
					"snd_cwnd":	11584,
					"rtt":	43254,
					"rttvar":	14709,
					"pmtu":	1500,
					"omitted":	false,
					"sender":	true
				}],
			"sum":	{
				"start":	3.000668,
				"end":	4.000059,
				"seconds":	0.99939101934432983,
				"bytes":	130320,
				"bits_per_second":	1043195.2857491075,
				"retransmits":	3,
				"omitted":	false,
				"sender":	true
			}
		}, {
			"streams":	[{
					"socket":	7,
					"start":	4.000059,
					"end":	5.001705,
					"seconds":	1.0016460418701172,
					"bytes":	65160,
					"bits_per_second":	520423.36135701922,
					"retransmits":	8,
					"snd_cwnd":	7240,
					"rtt":	64524,
					"rttvar":	24797,
					"pmtu":	1500,
					"omitted":	false,
					"sender":	true
				}],
			"sum":	{
				"start":	4.000059,
				"end":	5.001705,
				"seconds":	1.0016460418701172,
				"bytes":	65160,
				"bits_per_second":	520423.36135701922,
				"retransmits":	8,
				"omitted":	false,
				"sender":	true
			}
		}, {
			"streams":	[{
					"socket":	7,
					"start":	5.001705,
					"end":	6.00029,
					"seconds":	0.99858498573303223,
					"bytes":	65160,
					"bits_per_second":	522018.66385698109,
					"retransmits":	6,
					"snd_cwnd":	4344,
					"rtt":	82249,
					"rttvar":	44626,
					"pmtu":	1500,
					"omitted":	false,
					"sender":	true
				}],
			"sum":	{
				"start":	5.001705,
				"end":	6.00029,
				"seconds":	0.99858498573303223,
				"bytes":	65160,
				"bits_per_second":	522018.66385698109,
				"retransmits":	6,
				"omitted":	false,
				"sender":	true
			}
		}, {
			"streams":	[{
					"socket":	7,
					"start":	6.00029,
					"end":	7.000141,
					"seconds":	0.99985098838806152,
					"bytes":	130320,
					"bits_per_second":	1042715.376699075,
					"retransmits":	3,
					"snd_cwnd":	13032,
					"rtt":	29228,
					"rttvar":	12792,
					"pmtu":	1500,
					"omitted":	false,
					"sender":	true
				}],
			"sum":	{
				"start":	6.00029,
				"end":	7.000141,
				"seconds":	0.99985098838806152,
				"bytes":	130320,
				"bits_per_second":	1042715.376699075,
				"retransmits":	3,
				"omitted":	false,
				"sender":	true
			}
		}, {
			"streams":	[{
					"socket":	7,
					"start":	7.000141,
					"end":	8.000561,
					"seconds":	1.0004199743270874,
					"bytes":	65160,
					"bits_per_second":	521061.1676867294,
					"retransmits":	6,
					"snd_cwnd":	11584,
					"rtt":	36498,
					"rttvar":	23516,
					"pmtu":	1500,
					"omitted":	false,
					"sender":	true
				}],
			"sum":	{
				"start":	7.000141,
				"end":	8.000561,
				"seconds":	1.0004199743270874,
				"bytes":	65160,
				"bits_per_second":	521061.1676867294,
				"retransmits":	6,
				"omitted":	false,
				"sender":	true
			}
		}, {
			"streams":	[{
					"socket":	7,
					"start":	8.000561,
					"end":	9.000996,
					"seconds":	1.0004349946975708,
					"bytes":	130320,
					"bits_per_second":	1042106.6891159315,
					"retransmits":	0,
					"snd_cwnd":	13032,
					"rtt":	72704,
					"rttvar":	43893,
					"pmtu":	1500,
					"omitted":	false,
					"sender":	true
				}],
			"sum":	{
				"start":	8.000561,
				"end":	9.000996,
				"seconds":	1.0004349946975708,
				"bytes":	130320,
				"bits_per_second":	1042106.6891159315,
				"retransmits":	0,
				"omitted":	false,
				"sender":	true
			}
		}, {
			"streams":	[{
					"socket":	7,
					"start":	9.000996,
					"end":	10.001189,
					"seconds":	1.0001929998397827,
					"bytes":	130320,
					"bits_per_second":	1042358.8249137956,
					"retransmits":	0,
					"snd_cwnd":	13032,
					"rtt":	41987,
					"rttvar":	15519,
					"pmtu":	1500,
					"omitted":	false,
					"sender":	true
				}],
			"sum":	{
				"start":	9.000996,
				"end":	10.001189,
				"seconds":	1.0001929998397827,
				"bytes":	130320,
				"bits_per_second":	1042358.8249137956,
				"retransmits":	0,
				"omitted":	false,
				"sender":	true
			}
		}, {
			"streams":	[{
					"socket":	7,
					"start":	10.001189,
					"end":	11.000207,
					"seconds":	0.99901801347732544,
					"bytes":	130320,
					"bits_per_second":	1043584.786195312,
					"retransmits":	1,
					"snd_cwnd":	10136,
					"rtt":	90210,
					"rttvar":	54106,
					"pmtu":	1500,
					"omitted":	false,
					"sender":	true
				}],
			"sum":	{
				"start":	10.001189,
				"end":	11.000207,
				"seconds":	0.99901801347732544,
				"bytes":	130320,
				"bits_per_second":	1043584.786195312,
				"retransmits":	1,
				"omitted":	false,
				"sender":	true
			}
		}, {
			"streams":	[{
					"socket":	7,
					"start":	11.000207,
					"end":	12.000055,
					"seconds":	0.99984800815582275,
					"bytes":	130320,
					"bits_per_second":	1042718.484705448,
					"retransmits":	0,
					"snd_cwnd":	14480,
					"rtt":	33387,
					"rttvar":	12540,
					"pmtu":	1500,
					"omitted":	false,
					"sender":	true
				}],
			"sum":	{
				"start":	11.000207,
				"end":	12.000055,
				"seconds":	0.99984800815582275,
				"bytes":	130320,
				"bits_per_second":	1042718.484705448,
				"retransmits":	0,
				"omitted":	false,
				"sender":	true
			}
		}, {
			"streams":	[{
					"socket":	7,
					"start":	12.000055,
					"end":	13.000894,
					"seconds":	1.0008389949798584,
					"bytes":	195480,
					"bits_per_second":	1562529.0459745445,
					"retransmits":	0,
					"snd_cwnd":	15928,
					"rtt":	32005,
					"rttvar":	8721,
					"pmtu":	1500,
					"omitted":	false,