{
	"start":	{
		"connected":	[{
				"socket":	7,
				"local_host":	"192.168.42.7",
				"local_port":	58134,
				"remote_host":	"192.168.42.1",
				"remote_port":	5206
			}],
		"version":	"iperf 3.7",
		"system_info":	"Linux rathan-VirtualBox 5.4.0-177-generic #197-Ubuntu SMP Thu Mar 28 22:45:47 UTC 2024 x86_64",
		"timestamp":	{
			"time":	"Thu, 07 Nov 2024 07:37:04 GMT",
			"timesecs":	1730965024
		},
		"connecting_to":	{
			"host":	"192.168.42.1",
			"port":	5206
		},
		"cookie":	"5iqc6q2vy4dw37xc7h7c4p3ruv77svd5kohj",
		"tcp_mss_default":	1448,
		"sock_bufsize":	0,
		"sndbuf_actual":	87380,
		"rcvbuf_actual":	87380,
		"test_start":	{
			"protocol":	"TCP",
			"num_streams":	1,
			"blksize":	131072,
			"omit":	0,
			"duration":	30,
			"bytes":	0,
			"blocks":	0,
			"reverse":	0,
			"tos":	0
		}
	},
	"intervals":	[{
			"streams":	[{
					"socket":	7,
					"start":	0,
					"end":	1.001908,
					"seconds":	1.0019079446792603,
					"bytes":	244712,
					"bits_per_second":	1953967.9372706395,
					"retransmits":	11,
					"snd_cwnd":	2896,
					"rtt":	44188,
					"rttvar":	31650,
					"pmtu":	1500,
					"omitted":	false,
					"sender":	true
				}],
			"sum":	{
				"start":	0,
				"end":	1.001908,
				"seconds":	1.0019079446792603,
				"bytes":	244712,
				"bits_per_second":	1953967.9372706395,
				"retransmits":	11,
				"omitted":	false,
				"sender":	true
			}
		}, {
			"streams":	[{
					"socket":	7,
					"start":	1.001908,
					"end":	2.000484,
					"seconds":	0.99857598543167114,
					"bytes":	69504,
					"bits_per_second":	556824.926807783,
					"retransmits":	7,
					"snd_cwnd":	8688,
					"rtt":	38899,
					"rttvar":	17792,
					"pmtu":	1500,
					"omitted":	false,
					"sender":	true
				}],
			"sum":	{
				"start":	1.001908,
				"end":	2.000484,
				"seconds":	0.99857598543167114,
				"bytes":	69504,
				"bits_per_second":	556824.926807783,
				"retransmits":	7,
				"omitted":	false,
				"sender":	true
			}
		}, {
			"streams":	[{
					"socket":	7,
					"start":	2.000484,
					"end":	3.000833,
					"seconds":	1.0003490447998047,
					"bytes":	65160,
					"bits_per_second":	521098.11341332505,
					"retransmits":	5,
					"snd_cwnd":	5792,
					"rtt":	108437,
					"rttvar":	92807,
					"pmtu":	1500,
					"omitted":	false,
					"sender":	true
				}],
			"sum":	{
				"start":	2.000484,
				"end":	3.000833,
				"seconds":	1.0003490447998047,
				"bytes":	65160,
				"bits_per_second":	521098.11341332505,
				"retransmits":	5,
				"omitted":	false,
				"sender":	true
			}
		}, {
			"streams":	[{
					"socket":	7,
					"start":	3.000833,
					"end":	4.000173,
					"seconds":	0.9993399977684021,
					"bytes":	65160,
					"bits_per_second":	521624.27318435733,
					"retransmits":	7,
					"snd_cwnd":	11584,
					"rtt":	19692,
					"rttvar":	2874,
					"pmtu":	1500,
					"omitted":	false,
					"sender":	true
				}],
			"sum":	{
				"start":	3.000833,
				"end":	4.000173,
				"seconds":	0.9993399977684021,
				"bytes":	65160,
				"bits_per_second":	521624.27318435733,
				"retransmits":	7,
				"omitted":	false,
				"sender":	true
			}
		}, {
			"streams":	[{
					"socket":	7,
					"start":	4.000173,
					"end":	5.001423,
					"seconds":	1.0012500286102295,
					"bytes":	130320,
					"bits_per_second":	1041258.3972128422,
					"retransmits":	0,
					"snd_cwnd":	13032,
					"rtt":	36622,
					"rttvar":	19080,
					"pmtu":	1500,
					"omitted":	false,
					"sender":	true
				}],
			"sum":	{
				"start":	4.000173,
				"end":	5.001423,
				"seconds":	1.0012500286102295,
				"bytes":	130320,
				"bits_per_second":	1041258.3972128422,
				"retransmits":	0,
				"omitted":	false,
				"sender":	true
			}
		}, {
			"streams":	[{
					"socket":	7,
					"start":	5.001423,
					"end":	6.000912,
					"seconds":	0.99948900938034058,
					"bytes":	0,
					"bits_per_second":	0,
					"retransmits":	5,
					"snd_cwnd":	1448,
					"rtt":	75197,
					"rttvar":	56042,
					"pmtu":	1500,
					"omitted":	false,
					"sender":	true
				}],
			"sum":	{
				"start":	5.001423,
				"end":	6.000912,
				"seconds":	0.99948900938034058,
				"bytes":	0,
				"bits_per_second":	0,
				"retransmits":	5,
				"omitted":	false,
				"sender":	true
			}
		}, {
			"streams":	[{
					"socket":	7,
					"start":	6.000912,
					"end":	7.000554,
					"seconds":	0.999642014503479,
					"bytes":	0,
					"bits_per_second":	0,
					"retransmits":	3,
					"snd_cwnd":	5792,
					"rtt":	48457,
					"rttvar":	34825,
					"pmtu":	1500,
					"omitted":	false,
					"sender":	true
				}],
			"sum":	{
				"start":	6.000912,
				"end":	7.000554,
				"seconds":	0.999642014503479,
				"bytes":	0,
				"bits_per_second":	0,
				"retransmits":	3,
				"omitted":	false,
				"sender":	true
			}
		}, {
			"streams":	[{
					"socket":	7,
					"start":	7.000554,
					"end":	8.000287,
					"seconds":	0.99973297119140625,
					"bytes":	0,
					"bits_per_second":	0,
					"retransmits":	0,
					"snd_cwnd":	5792,
					"rtt":	48457,
					"rttvar":	34825,
					"pmtu":	1500,
					"omitted":	false,
					"sender":	true
				}],
			"sum":	{
				"start":	7.000554,
				"end":	8.000287,
				"seconds":	0.99973297119140625,
				"bytes":	0,
				"bits_per_second":	0,
				"retransmits":	0,
				"omitted":	false,
				"sender":	true
			}
		}, {
			"streams":	[{
					"socket":	7,
					"start":	8.000287,
					"end":	9.001088,
					"seconds":	1.0008009672164917,
					"bytes":	0,
					"bits_per_second":	0,
					"retransmits":	1,
					"snd_cwnd":	1448,
					"rtt":	48457,
					"rttvar":	34825,
					"pmtu":	1500,
					"omitted":	false,
					"sender":	true
				}],
			"sum":	{
				"start":	8.000287,
				"end":	9.001088,
				"seconds":	1.0008009672164917,
				"bytes":	0,
				"bits_per_second":	0,
				"retransmits":	1,
				"omitted":	false,
				"sender":	true
			}
		}, {
			"streams":	[{
					"socket":	7,
					"start":	9.001088,
					"end":	10.002407,
					"seconds":	1.0013190507888794,
					"bytes":	0,
					"bits_per_second":	0,
					"retransmits":	0,
					"snd_cwnd":	1448,
					"rtt":	48457,
					"rttvar":	34825,
					"pmtu":	1500,
					"omitted":	false,
					"sender":	true
				}],
			"sum":	{
				"start":	9.001088,
				"end":	10.002407,
				"seconds":	1.0013190507888794,
				"bytes":	0,
				"bits_per_second":	0,
				"retransmits":	0,
				"omitted":	false,
				"sender":	true
			}
		}, {
			"streams":	[{
					"socket":	7,
					"start":	10.002407,
					"end":	11.001355,
					"seconds":	0.99894797801971436,
					"bytes":	0,
					"bits_per_second":	0,
					"retransmits":	0,
					"snd_cwnd":	1448,
					"rtt":	48457,
					"rttvar":	34825,
					"pmtu":	1500,
					"omitted":	false,
					"sender":	true
				}],
			"sum":	{
				"start":	10.002407,
				"end":	11.001355,
				"seconds":	0.99894797801971436,
				"bytes":	0,
				"bits_per_second":	0,
				"retransmits":	0,
				"omitted":	false,
				"sender":	true
			}
		}, {
			"streams":	[{
					"socket":	7,
					"start":	11.001355,
					"end":	12.000612,
					"seconds":	0.99925702810287476,
					"bytes":	0,
					"bits_per_second":	0,
					"retransmits":	1,
					"snd_cwnd":	1448,
					"rtt":	48457,
					"rttvar":	34825,
					"pmtu":	1500,
					"omitted":	false,
					"sender":	true
				}],
			"sum":	{
				"start":	11.001355,
				"end":	12.000612,
				"seconds":	0.99925702810287476,
				"bytes":	0,
				"bits_per_second":	0,
				"retransmits":	1,
				"omitted":	false,
				"sender":	true
			}
		}, {
			"streams":	[{
					"socket":	7,
					"start":	12.000612,
					"end":	13.003154,
					"seconds":	1.0025420188903809,
					"bytes":	79640,
					"bits_per_second":	635504.53546592291,
					"retransmits":	4,
					"snd_cwnd":	7240,
					"rtt":	91768,
					"rttvar":	86382,
					"pmtu":	1500,
					"omitted":	false,
					"sender":	true
				}],
			"sum":	{
				"start":	12.000612,
				"end":	13.003154,
				"seconds":	1.0025420188903809,
				"bytes":	79640,
				"bits_per_second":	635504.53546592291,
				"retransmits":	4,
				"omitted":	false,
				"sender":	true
			}
		}, {
			"streams":	[{
					"socket":	7,
					"start":	13.003154,