{
	"start":	{
		"connected":	[{
				"socket":	7,
				"local_host":	"192.168.42.8",
				"local_port":	38110,
				"remote_host":	"192.168.42.1",
				"remote_port":	5207
			}],
		"version":	"iperf 3.7",
		"system_info":	"Linux rathan-VirtualBox 5.4.0-177-generic #197-Ubuntu SMP Thu Mar 28 22:45:47 UTC 2024 x86_64",
		"timestamp":	{
			"time":	"Thu, 07 Nov 2024 07:37:03 GMT",
			"timesecs":	1730965023
		},
		"connecting_to":	{
			"host":	"192.168.42.1",
			"port":	5207
		},
		"cookie":	"jhhb5mglrm4jp4sculf2aiw6iegaeoyowblf",
		"tcp_mss_default":	1448,
		"sock_bufsize":	0,
		"sndbuf_actual":	87380,
		"rcvbuf_actual":	87380,
		"test_start":	{
			"protocol":	"TCP",
			"num_streams":	1,
			"blksize":	131072,
			"omit":	0,
			"duration":	30,
			"bytes":	0,
			"blocks":	0,
			"reverse":	0,
			"tos":	0
		}
	},
	"intervals":	[{
			"streams":	[{
					"socket":	7,
					"start":	0,
					"end":	1.001707,
					"seconds":	1.0017069578170776,
					"bytes":	95568,
					"bits_per_second":	763241.17950233293,
					"retransmits":	3,
					"snd_cwnd":	7240,
					"rtt":	278813,
					"rttvar":	377475,
					"pmtu":	1500,
					"omitted":	false,
					"sender":	true
				}],
			"sum":	{
				"start":	0,
				"end":	1.001707,
				"seconds":	1.0017069578170776,
				"bytes":	95568,
				"bits_per_second":	763241.17950233293,
				"retransmits":	3,
				"omitted":	false,
				"sender":	true
			}
		}, {
			"streams":	[{
					"socket":	7,
					"start":	1.001707,
					"end":	2.00034,
					"seconds":	0.99863302707672119,
					"bytes":	117288,
					"bits_per_second":	939588.39189074177,
					"retransmits":	1,
					"snd_cwnd":	11584,
					"rtt":	41092,
					"rttvar":	23012,
					"pmtu":	1500,
					"omitted":	false,
					"sender":	true
				}],
			"sum":	{
				"start":	1.001707,
				"end":	2.00034,
				"seconds":	0.99863302707672119,
				"bytes":	117288,
				"bits_per_second":	939588.39189074177,
				"retransmits":	1,
				"omitted":	false,
				"sender":	true
			}
		}, {
			"streams":	[{
					"socket":	7,
					"start":	2.00034,
					"end":	3.007062,
					"seconds":	1.0067219734191895,
					"bytes":	53576,
					"bits_per_second":	425746.14572511346,
					"retransmits":	6,
					"snd_cwnd":	8688,
					"rtt":	51779,
					"rttvar":	43172,
					"pmtu":	1500,
					"omitted":	false,
					"sender":	true
				}],
			"sum":	{
				"start":	2.00034,
				"end":	3.007062,
				"seconds":	1.0067219734191895,
				"bytes":	53576,
				"bits_per_second":	425746.14572511346,
				"retransmits":	6,
				"omitted":	false,
				"sender":	true
			}
		}, {
			"streams":	[{
					"socket":	7,
					"start":	3.007062,
					"end":	4.001308,
					"seconds":	0.99424600601196289,
					"bytes":	55024,
					"bits_per_second":	442739.5205394504,
					"retransmits":	7,
					"snd_cwnd":	4344,
					"rtt":	68596,
					"rttvar":	30522,
					"pmtu":	1500,
					"omitted":	false,
					"sender":	true
				}],
			"sum":	{
				"start":	3.007062,
				"end":	4.001308,
				"seconds":	0.99424600601196289,
				"bytes":	55024,
				"bits_per_second":	442739.5205394504,
				"retransmits":	7,
				"omitted":	false,
				"sender":	true
			}
		}, {
			"streams":	[{
					"socket":	7,
					"start":	4.001308,
					"end":	5.000537,
					"seconds":	0.99922901391983032,
					"bytes":	112944,
					"bits_per_second":	904249.16351807746,
					"retransmits":	2,
					"snd_cwnd":	10136,
					"rtt":	62460,
					"rttvar":	22921,
					"pmtu":	1500,
					"omitted":	false,
					"sender":	true
				}],
			"sum":	{
				"start":	4.001308,
				"end":	5.000537,
				"seconds":	0.99922901391983032,
				"bytes":	112944,
				"bits_per_second":	904249.16351807746,
				"retransmits":	2,
				"omitted":	false,
				"sender":	true
			}
		}, {
			"streams":	[{
					"socket":	7,
					"start":	5.000537,
					"end":	6.00043,
					"seconds":	0.99989300966262817,
					"bytes":	144800,
					"bits_per_second":	1158523.9508683567,
					"retransmits":	4,
					"snd_cwnd":	7240,
					"rtt":	84948,
					"rttvar":	53205,
					"pmtu":	1500,
					"omitted":	false,
					"sender":	true
				}],
			"sum":	{
				"start":	5.000537,
				"end":	6.00043,
				"seconds":	0.99989300966262817,
				"bytes":	144800,
				"bits_per_second":	1158523.9508683567,
				"retransmits":	4,
				"omitted":	false,
				"sender":	true
			}
		}, {
			"streams":	[{
					"socket":	7,
					"start":	6.00043,
					"end":	7.002858,
					"seconds":	1.0024280548095703,
					"bytes":	86880,
					"bits_per_second":	693356.49243379931,
					"retransmits":	2,
					"snd_cwnd":	8688,
					"rtt":	77874,
					"rttvar":	22404,
					"pmtu":	1500,
					"omitted":	false,
					"sender":	true
				}],
			"sum":	{
				"start":	6.00043,
				"end":	7.002858,
				"seconds":	1.0024280548095703,
				"bytes":	86880,
				"bits_per_second":	693356.49243379931,
				"retransmits":	2,
				"omitted":	false,
				"sender":	true
			}
		}, {
			"streams":	[{
					"socket":	7,
					"start":	7.002858,
					"end":	8.000794,
					"seconds":	0.99793601036071777,
					"bytes":	173760,
					"bits_per_second":	1392955.0447804127,
					"retransmits":	1,
					"snd_cwnd":	14480,
					"rtt":	41374,
					"rttvar":	16660,
					"pmtu":	1500,
					"omitted":	false,
					"sender":	true
				}],
			"sum":	{
				"start":	7.002858,
				"end":	8.000794,
				"seconds":	0.99793601036071777,
				"bytes":	173760,
				"bits_per_second":	1392955.0447804127,
				"retransmits":	1,
				"omitted":	false,
				"sender":	true
			}
		}, {
			"streams":	[{
					"socket":	7,
					"start":	8.000794,
					"end":	9.000756,
					"seconds":	0.9999619722366333,
					"bytes":	82536,
					"bits_per_second":	660313.11023070384,
					"retransmits":	11,
					"snd_cwnd":	4344,
					"rtt":	78238,
					"rttvar":	59102,
					"pmtu":	1500,
					"omitted":	false,
					"sender":	true
				}],
			"sum":	{
				"start":	8.000794,
				"end":	9.000756,
				"seconds":	0.9999619722366333,
				"bytes":	82536,
				"bits_per_second":	660313.11023070384,
				"retransmits":	11,
				"omitted":	false,
				"sender":	true
			}
		}, {
			"streams":	[{
					"socket":	7,
					"start":	9.000756,
					"end":	10.000185,
					"seconds":	0.99942898750305176,
					"bytes":	75296,
					"bits_per_second":	602712.15617323748,
					"retransmits":	3,
					"snd_cwnd":	5792,
					"rtt":	95100,
					"rttvar":	42240,
					"pmtu":	1500,
					"omitted":	false,
					"sender":	true
				}],
			"sum":	{
				"start":	9.000756,
				"end":	10.000185,
				"seconds":	0.99942898750305176,
				"bytes":	75296,
				"bits_per_second":	602712.15617323748,
				"retransmits":	3,
				"omitted":	false,
				"sender":	true
			}
		}, {
			"streams":	[{
					"socket":	7,
					"start":	10.000185,
					"end":	11.000811,
					"seconds":	1.0006259679794312,
					"bytes":	75296,
					"bits_per_second":	601991.1728019258,
					"retransmits":	2,
					"snd_cwnd":	11584,
					"rtt":	99810,
					"rttvar":	123446,
					"pmtu":	1500,
					"omitted":	false,
					"sender":	true
				}],
			"sum":	{
				"start":	10.000185,
				"end":	11.000811,
				"seconds":	1.0006259679794312,
				"bytes":	75296,
				"bits_per_second":	601991.1728019258,
				"retransmits":	2,
				"omitted":	false,
				"sender":	true
			}
		}, {
			"streams":	[{
					"socket":	7,
					"start":	11.000811,
					"end":	12.000252,
					"seconds":	0.99944102764129639,
					"bytes":	152040,
					"bits_per_second":	1217000.2695111916,
					"retransmits":	10,
					"snd_cwnd":	8688,
					"rtt":	72210,
					"rttvar":	55006,
					"pmtu":	1500,
					"omitted":	false,
					"sender":	true
				}],
			"sum":	{
				"start":	11.000811,
				"end":	12.000252,
				"seconds":	0.99944102764129639,
				"bytes":	152040,
				"bits_per_second":	1217000.2695111916,
				"retransmits":	10,
				"omitted":	false,
				"sender":	true
			}
		}, {
			"streams":	[{
					"socket":	7,
					"start":	12.000252,
					"end":	13.004051,
					"seconds":	1.0037989616394043,
					"bytes":	68056,
					"bits_per_second":	542387.49072902766,
					"retransmits":	6,
					"snd_cwnd":	4344,
					"rtt":	91337,
					"rttvar":	35917,
					"pmtu":	1500,
					"omitted":	false,