{
	"start":	{
		"connected":	[{
				"socket":	7,
				"local_host":	"192.168.42.10",
				"local_port":	60982,
				"remote_host":	"192.168.42.1",
				"remote_port":	5209
			}],
		"version":	"iperf 3.7",
		"system_info":	"Linux rathan-VirtualBox 5.4.0-177-generic #197-Ubuntu SMP Thu Mar 28 22:45:47 UTC 2024 x86_64",
		"timestamp":	{
			"time":	"Thu, 07 Nov 2024 07:37:04 GMT",
			"timesecs":	1730965024
		},
		"connecting_to":	{
			"host":	"192.168.42.1",
			"port":	5209
		},
		"cookie":	"x72mdpu7aiv4dp4vsbw5e5mlitfrj4lv4brv",
		"tcp_mss_default":	1448,
		"sock_bufsize":	0,
		"sndbuf_actual":	87380,
		"rcvbuf_actual":	87380,
		"test_start":	{
			"protocol":	"TCP",
			"num_streams":	1,
			"blksize":	131072,
			"omit":	0,
			"duration":	30,
			"bytes":	0,
			"blocks":	0,
			"reverse":	0,
			"tos":	0
		}
	},
	"intervals":	[{
			"streams":	[{
					"socket":	7,
					"start":	0,
					"end":	1.002778,
					"seconds":	1.0027780532836914,
					"bytes":	195480,
					"bits_per_second":	1559507.6047776057,
					"retransmits":	11,
					"snd_cwnd":	10136,
					"rtt":	43907,
					"rttvar":	21660,
					"pmtu":	1500,
					"omitted":	false,
					"sender":	true
				}],
			"sum":	{
				"start":	0,
				"end":	1.002778,
				"seconds":	1.0027780532836914,
				"bytes":	195480,
				"bits_per_second":	1559507.6047776057,
				"retransmits":	11,
				"omitted":	false,
				"sender":	true
			}
		}, {
			"streams":	[{
					"socket":	7,
					"start":	1.002778,
					"end":	2.00074,
					"seconds":	0.99796199798583984,
					"bytes":	175208,
					"bits_per_second":	1404526.4276885705,
					"retransmits":	8,
					"snd_cwnd":	7240,
					"rtt":	38648,
					"rttvar":	10660,
					"pmtu":	1500,
					"omitted":	false,
					"sender":	true
				}],
			"sum":	{
				"start":	1.002778,
				"end":	2.00074,
				"seconds":	0.99796199798583984,
				"bytes":	175208,
				"bits_per_second":	1404526.4276885705,
				"retransmits":	8,
				"omitted":	false,
				"sender":	true
			}
		}, {
			"streams":	[{
					"socket":	7,
					"start":	2.00074,
					"end":	3.000197,
					"seconds":	0.99945700168609619,
					"bytes":	88328,
					"bits_per_second":	707007.90409984288,
					"retransmits":	0,
					"snd_cwnd":	13032,
					"rtt":	30490,
					"rttvar":	8112,
					"pmtu":	1500,
					"omitted":	false,
					"sender":	true
				}],
			"sum":	{
				"start":	2.00074,
				"end":	3.000197,
				"seconds":	0.99945700168609619,
				"bytes":	88328,
				"bits_per_second":	707007.90409984288,
				"retransmits":	0,
				"omitted":	false,
				"sender":	true
			}
		}, {
			"streams":	[{
					"socket":	7,
					"start":	3.000197,
					"end":	4.000492,
					"seconds":	1.0002950429916382,
					"bytes":	257744,
					"bits_per_second":	2061343.814954041,
					"retransmits":	5,
					"snd_cwnd":	7240,
					"rtt":	75122,
					"rttvar":	50872,
					"pmtu":	1500,
					"omitted":	false,
					"sender":	true
				}],
			"sum":	{
				"start":	3.000197,
				"end":	4.000492,
				"seconds":	1.0002950429916382,
				"bytes":	257744,
				"bits_per_second":	2061343.814954041,
				"retransmits":	5,
				"omitted":	false,
				"sender":	true
			}
		}, {
			"streams":	[{
					"socket":	7,
					"start":	4.000492,
					"end":	5.002922,
					"seconds":	1.0024299621582031,
					"bytes":	157832,
					"bits_per_second":	1259595.2312534011,
					"retransmits":	2,
					"snd_cwnd":	15928,
					"rtt":	44473,
					"rttvar":	11055,
					"pmtu":	1500,
					"omitted":	false,
					"sender":	true
				}],
			"sum":	{
				"start":	4.000492,
				"end":	5.002922,
				"seconds":	1.0024299621582031,
				"bytes":	157832,
				"bits_per_second":	1259595.2312534011,
				"retransmits":	2,
				"omitted":	false,
				"sender":	true
			}
		}, {
			"streams":	[{
					"socket":	7,
					"start":	5.002922,
					"end":	6.001057,
					"seconds":	0.998134970664978,
					"bytes":	0,
					"bits_per_second":	0,
					"retransmits":	13,
					"snd_cwnd":	10136,
					"rtt":	44947,
					"rttvar":	50203,
					"pmtu":	1500,
					"omitted":	false,
					"sender":	true
				}],
			"sum":	{
				"start":	5.002922,
				"end":	6.001057,
				"seconds":	0.998134970664978,
				"bytes":	0,
				"bits_per_second":	0,
				"retransmits":	13,
				"omitted":	false,
				"sender":	true
			}
		}, {
			"streams":	[{
					"socket":	7,
					"start":	6.001057,
					"end":	7.000557,
					"seconds":	0.99949997663497925,
					"bytes":	153488,
					"bits_per_second":	1228518.2878482793,
					"retransmits":	2,
					"snd_cwnd":	10136,
					"rtt":	63974,
					"rttvar":	22570,
					"pmtu":	1500,
					"omitted":	false,
					"sender":	true
				}],
			"sum":	{
				"start":	6.001057,
				"end":	7.000557,
				"seconds":	0.99949997663497925,
				"bytes":	153488,
				"bits_per_second":	1228518.2878482793,
				"retransmits":	2,
				"omitted":	false,
				"sender":	true
			}
		}, {
			"streams":	[{
					"socket":	7,
					"start":	7.000557,
					"end":	8.000706,
					"seconds":	1.0001490116119385,
					"bytes":	150592,
					"bits_per_second":	1204556.507093207,
					"retransmits":	4,
					"snd_cwnd":	13032,
					"rtt":	40853,
					"rttvar":	9097,
					"pmtu":	1500,
					"omitted":	false,
					"sender":	true
				}],
			"sum":	{
				"start":	7.000557,
				"end":	8.000706,
				"seconds":	1.0001490116119385,
				"bytes":	150592,
				"bits_per_second":	1204556.507093207,
				"retransmits":	4,
				"omitted":	false,
				"sender":	true
			}
		}, {
			"streams":	[{
					"socket":	7,
					"start":	8.000706,
					"end":	9.009323,
					"seconds":	1.0086170434951782,
					"bytes":	76744,
					"bits_per_second":	608706.74748114648,
					"retransmits":	9,
					"snd_cwnd":	11584,
					"rtt":	43919,
					"rttvar":	10004,
					"pmtu":	1500,
					"omitted":	false,
					"sender":	true
				}],
			"sum":	{
				"start":	8.000706,
				"end":	9.009323,
				"seconds":	1.0086170434951782,
				"bytes":	76744,
				"bits_per_second":	608706.74748114648,
				"retransmits":	9,
				"omitted":	false,
				"sender":	true
			}
		}, {
			"streams":	[{
					"socket":	7,
					"start":	9.009323,
					"end":	10.000107,
					"seconds":	0.99078398942947388,
					"bytes":	150592,
					"bits_per_second":	1215942.1355746037,
					"retransmits":	0,
					"snd_cwnd":	14480,
					"rtt":	37042,
					"rttvar":	4520,
					"pmtu":	1500,
					"omitted":	false,
					"sender":	true
				}],
			"sum":	{
				"start":	9.009323,
				"end":	10.000107,
				"seconds":	0.99078398942947388,
				"bytes":	150592,
				"bits_per_second":	1215942.1355746037,
				"retransmits":	0,
				"omitted":	false,
				"sender":	true
			}
		}, {
			"streams":	[{
					"socket":	7,
					"start":	10.000107,
					"end":	11.000656,
					"seconds":	1.0005489587783813,
					"bytes":	79640,
					"bits_per_second":	636770.43927754485,
					"retransmits":	2,
					"snd_cwnd":	7240,
					"rtt":	77897,
					"rttvar":	68046,
					"pmtu":	1500,
					"omitted":	false,
					"sender":	true
				}],
			"sum":	{
				"start":	10.000107,
				"end":	11.000656,
				"seconds":	1.0005489587783813,
				"bytes":	79640,
				"bits_per_second":	636770.43927754485,
				"retransmits":	2,
				"omitted":	false,
				"sender":	true
			}
		}, {
			"streams":	[{
					"socket":	7,
					"start":	11.000656,
					"end":	12.000095,
					"seconds":	0.999439001083374,
					"bytes":	150592,
					"bits_per_second":	1205412.234957899,
					"retransmits":	6,
					"snd_cwnd":	13032,
					"rtt":	27711,
					"rttvar":	12758,
					"pmtu":	1500,
					"omitted":	false,
					"sender":	true
				}],
			"sum":	{
				"start":	11.000656,
				"end":	12.000095,
				"seconds":	0.999439001083374,
				"bytes":	150592,
				"bits_per_second":	1205412.234957899,
				"retransmits":	6,
				"omitted":	false,
				"sender":	true
			}
		}, {
			"streams":	[{
					"socket":	7,
					"start":	12.000095,
					"end":	13.000955,
					"seconds":	1.0008599758148193,
					"bytes":	154936,
					"bits_per_second":	1238422.986183366,
					"retransmits":	4,
					"snd_cwnd":	14480,
					"rtt":	43298,
					"rttvar":	16811,
					"pmtu":	1500,
					"omitted":	false,
					"sender":	true
				}],
			"sum":	{
				"start":	12.000095,