{
	"start":	{
		"connected":	[{
				"socket":	7,
				"local_host":	"192.168.42.12",
				"local_port":	41634,
				"remote_host":	"192.168.42.1",
				"remote_port":	5211
			}],
		"version":	"iperf 3.7",
		"system_info":	"Linux rathan-VirtualBox 5.4.0-177-generic #197-Ubuntu SMP Thu Mar 28 22:45:47 UTC 2024 x86_64",
		"timestamp":	{
			"time":	"Thu, 07 Nov 2024 07:47:38 GMT",
			"timesecs":	1730965658
		},
		"connecting_to":	{
			"host":	"192.168.42.1",
			"port":	5211
		},
		"cookie":	"c3s6q4iwfbpexp7watsuseo3jorboglhrcsz",
		"tcp_mss_default":	1448,
		"sock_bufsize":	0,
		"sndbuf_actual":	87380,
		"rcvbuf_actual":	87380,
		"test_start":	{
			"protocol":	"TCP",
			"num_streams":	1,
			"blksize":	131072,
			"omit":	0,
			"duration":	30,
			"bytes":	0,
			"blocks":	0,
			"reverse":	0,
			"tos":	0
		}
	},
	"intervals":	[{
			"streams":	[{
					"socket":	7,
					"start":	0,
					"end":	1.000199,
					"seconds":	1.0001989603042603,
					"bytes":	95568,
					"bits_per_second":	764391.91635174863,
					"retransmits":	0,
					"snd_cwnd":	17376,
					"rtt":	290816,
					"rttvar":	48283,
					"pmtu":	1500,
					"omitted":	false,
					"sender":	true
				}],
			"sum":	{
				"start":	0,
				"end":	1.000199,
				"seconds":	1.0001989603042603,
				"bytes":	95568,
				"bits_per_second":	764391.91635174863,
				"retransmits":	0,
				"omitted":	false,
				"sender":	true
			}
		}, {
			"streams":	[{
					"socket":	7,
					"start":	1.000199,
					"end":	2.004349,
					"seconds":	1.0041500329971313,
					"bytes":	0,
					"bits_per_second":	0,
					"retransmits":	2,
					"snd_cwnd":	7240,
					"rtt":	318964,
					"rttvar":	65787,
					"pmtu":	1500,
					"omitted":	false,
					"sender":	true
				}],
			"sum":	{
				"start":	1.000199,
				"end":	2.004349,
				"seconds":	1.0041500329971313,
				"bytes":	0,
				"bits_per_second":	0,
				"retransmits":	2,
				"omitted":	false,
				"sender":	true
			}
		}, {
			"streams":	[{
					"socket":	7,
					"start":	2.004349,
					"end":	3.000719,
					"seconds":	0.99637001752853394,
					"bytes":	43440,
					"bits_per_second":	348786.08738349332,
					"retransmits":	0,
					"snd_cwnd":	8688,
					"rtt":	330457,
					"rttvar":	88911,
					"pmtu":	1500,
					"omitted":	false,
					"sender":	true
				}],
			"sum":	{
				"start":	2.004349,
				"end":	3.000719,
				"seconds":	0.99637001752853394,
				"bytes":	43440,
				"bits_per_second":	348786.08738349332,
				"retransmits":	0,
				"omitted":	false,
				"sender":	true
			}
		}, {
			"streams":	[{
					"socket":	7,
					"start":	3.000719,
					"end":	4.001133,
					"seconds":	1.0004140138626099,
					"bytes":	0,
					"bits_per_second":	0,
					"retransmits":	1,
					"snd_cwnd":	7240,
					"rtt":	304160,
					"rttvar":	79168,
					"pmtu":	1500,
					"omitted":	false,
					"sender":	true
				}],
			"sum":	{
				"start":	3.000719,
				"end":	4.001133,
				"seconds":	1.0004140138626099,
				"bytes":	0,
				"bits_per_second":	0,
				"retransmits":	1,
				"omitted":	false,
				"sender":	true
			}
		}, {
			"streams":	[{
					"socket":	7,
					"start":	4.001133,
					"end":	5.00042,
					"seconds":	0.99928700923919678,
					"bytes":	0,
					"bits_per_second":	0,
					"retransmits":	3,
					"snd_cwnd":	5792,
					"rtt":	334785,
					"rttvar":	86705,
					"pmtu":	1500,
					"omitted":	false,
					"sender":	true
				}],
			"sum":	{
				"start":	4.001133,
				"end":	5.00042,
				"seconds":	0.99928700923919678,
				"bytes":	0,
				"bits_per_second":	0,
				"retransmits":	3,
				"omitted":	false,
				"sender":	true
			}
		}, {
			"streams":	[{
					"socket":	7,
					"start":	5.00042,
					"end":	6.001881,
					"seconds":	1.0014610290527344,
					"bytes":	43440,
					"bits_per_second":	347013.00391959684,
					"retransmits":	1,
					"snd_cwnd":	4344,
					"rtt":	322622,
					"rttvar":	74442,
					"pmtu":	1500,
					"omitted":	false,
					"sender":	true
				}],
			"sum":	{
				"start":	5.00042,
				"end":	6.001881,
				"seconds":	1.0014610290527344,
				"bytes":	43440,
				"bits_per_second":	347013.00391959684,
				"retransmits":	1,
				"omitted":	false,
				"sender":	true
			}
		}, {
			"streams":	[{
					"socket":	7,
					"start":	6.001881,
					"end":	7.000839,
					"seconds":	0.99895799160003662,
					"bytes":	0,
					"bits_per_second":	0,
					"retransmits":	1,
					"snd_cwnd":	4344,
					"rtt":	381036,
					"rttvar":	122917,
					"pmtu":	1500,
					"omitted":	false,
					"sender":	true
				}],
			"sum":	{
				"start":	6.001881,
				"end":	7.000839,
				"seconds":	0.99895799160003662,
				"bytes":	0,
				"bits_per_second":	0,
				"retransmits":	1,
				"omitted":	false,
				"sender":	true
			}
		}, {
			"streams":	[{
					"socket":	7,
					"start":	7.000839,
					"end":	8.000508,
					"seconds":	0.99966901540756226,
					"bytes":	0,
					"bits_per_second":	0,
					"retransmits":	0,
					"snd_cwnd":	5792,
					"rtt":	364081,
					"rttvar":	123204,
					"pmtu":	1500,
					"omitted":	false,
					"sender":	true
				}],
			"sum":	{
				"start":	7.000839,
				"end":	8.000508,
				"seconds":	0.99966901540756226,
				"bytes":	0,
				"bits_per_second":	0,
				"retransmits":	0,
				"omitted":	false,
				"sender":	true
			}
		}, {
			"streams":	[{
					"socket":	7,
					"start":	8.000508,
					"end":	9.000565,
					"seconds":	1.0000569820404053,
					"bytes":	0,
					"bits_per_second":	0,
					"retransmits":	1,
					"snd_cwnd":	4344,
					"rtt":	349419,
					"rttvar":	70222,
					"pmtu":	1500,
					"omitted":	false,
					"sender":	true
				}],
			"sum":	{
				"start":	8.000508,
				"end":	9.000565,
				"seconds":	1.0000569820404053,
				"bytes":	0,
				"bits_per_second":	0,
				"retransmits":	1,
				"omitted":	false,
				"sender":	true
			}
		}, {
			"streams":	[{
					"socket":	7,
					"start":	9.000565,
					"end":	10.009659,
					"seconds":	1.0090939998626709,
					"bytes":	43440,
					"bits_per_second":	344388.13435348391,
					"retransmits":	0,
					"snd_cwnd":	5792,
					"rtt":	320502,
					"rttvar":	37848,
					"pmtu":	1500,
					"omitted":	false,
					"sender":	true
				}],
			"sum":	{
				"start":	9.000565,
				"end":	10.009659,
				"seconds":	1.0090939998626709,
				"bytes":	43440,
				"bits_per_second":	344388.13435348391,
				"retransmits":	0,
				"omitted":	false,
				"sender":	true
			}
		}, {
			"streams":	[{
					"socket":	7,
					"start":	10.009659,
					"end":	11.008158,
					"seconds":	0.99849897623062134,
					"bytes":	0,
					"bits_per_second":	0,
					"retransmits":	1,
					"snd_cwnd":	2896,
					"rtt":	312272,
					"rttvar":	32870,
					"pmtu":	1500,
					"omitted":	false,
					"sender":	true
				}],
			"sum":	{
				"start":	10.009659,
				"end":	11.008158,
				"seconds":	0.99849897623062134,
				"bytes":	0,
				"bits_per_second":	0,
				"retransmits":	1,
				"omitted":	false,
				"sender":	true
			}
		}, {
			"streams":	[{
					"socket":	7,
					"start":	11.008158,
					"end":	12.002977,
					"seconds":	0.99481898546218872,
					"bytes":	0,
					"bits_per_second":	0,
					"retransmits":	1,
					"snd_cwnd":	5792,
					"rtt":	293736,
					"rttvar":	34542,
					"pmtu":	1500,
					"omitted":	false,
					"sender":	true
				}],
			"sum":	{
				"start":	11.008158,
				"end":	12.002977,
				"seconds":	0.99481898546218872,
				"bytes":	0,
				"bits_per_second":	0,
				"retransmits":	1,
				"omitted":	false,
				"sender":	true
			}
		}, {
			"streams":	[{
					"socket":	7,
					"start":	12.002977,
					"end":	13.000158,
					"seconds":	0.9971809983253479,
					"bytes":	43440,
					"bits_per_second":	348502.42893077619,
					"retransmits":	1,
					"snd_cwnd":	4344,
					"rtt":	292522,
					"rttvar":	27716,
					"pmtu":	1500,
					"omitted":	false,
					"sender":	true
				}],
			"sum":	{
				"start":	12.002977,
				"end":	13.000158,
				"seconds":	0.9971809983253479,
				"bytes":	43440,
				"bits_per_second":	348502.42893077619,
				"retransmits":	1,
				"omitted":	false,
				"sender":	true
			}
		}, {
			"streams":	[{
					"socket":	7,
					"start":	13.000158,
					"end":	14.001168,