{
	"start":	{
		"connected":	[{
				"socket":	7,
				"local_host":	"192.168.42.8",
				"local_port":	43224,
				"remote_host":	"192.168.42.1",
				"remote_port":	5207
			}],
		"version":	"iperf 3.7",
		"system_info":	"Linux rathan-VirtualBox 5.4.0-177-generic #197-Ubuntu SMP Thu Mar 28 22:45:47 UTC 2024 x86_64",
		"timestamp":	{
			"time":	"Thu, 07 Nov 2024 07:47:38 GMT",
			"timesecs":	1730965658
		},
		"connecting_to":	{
			"host":	"192.168.42.1",
			"port":	5207
		},
		"cookie":	"hvwsseq6h46fmiftbnw7zzyois5q7ivnultt",
		"tcp_mss_default":	1448,
		"sock_bufsize":	0,
		"sndbuf_actual":	87380,
		"rcvbuf_actual":	87380,
		"test_start":	{
			"protocol":	"TCP",
			"num_streams":	1,
			"blksize":	131072,
			"omit":	0,
			"duration":	30,
			"bytes":	0,
			"blocks":	0,
			"reverse":	0,
			"tos":	0
		}
	},
	"intervals":	[{
			"streams":	[{
					"socket":	7,
					"start":	0,
					"end":	1.000347,
					"seconds":	1.0003470182418823,
					"bytes":	166520,
					"bits_per_second":	1331697.8765441633,
					"retransmits":	0,
					"snd_cwnd":	34752,
					"rtt":	205237,
					"rttvar":	34464,
					"pmtu":	1500,
					"omitted":	false,
					"sender":	true
				}],
			"sum":	{
				"start":	0,
				"end":	1.000347,
				"seconds":	1.0003470182418823,
				"bytes":	166520,
				"bits_per_second":	1331697.8765441633,
				"retransmits":	0,
				"omitted":	false,
				"sender":	true
			}
		}, {
			"streams":	[{
					"socket":	7,
					"start":	1.000347,
					"end":	2.000493,
					"seconds":	1.0001460313796997,
					"bytes":	86880,
					"bits_per_second":	694938.51716953132,
					"retransmits":	0,
					"snd_cwnd":	34752,
					"rtt":	236197,
					"rttvar":	50407,
					"pmtu":	1500,
					"omitted":	false,
					"sender":	true
				}],
			"sum":	{
				"start":	1.000347,
				"end":	2.000493,
				"seconds":	1.0001460313796997,
				"bytes":	86880,
				"bits_per_second":	694938.51716953132,
				"retransmits":	0,
				"omitted":	false,
				"sender":	true
			}
		}, {
			"streams":	[{
					"socket":	7,
					"start":	2.000493,
					"end":	3.000735,
					"seconds":	1.0002419948577881,
					"bytes":	0,
					"bits_per_second":	0,
					"retransmits":	0,
					"snd_cwnd":	34752,
					"rtt":	257588,
					"rttvar":	24355,
					"pmtu":	1500,
					"omitted":	false,
					"sender":	true
				}],
			"sum":	{
				"start":	2.000493,
				"end":	3.000735,
				"seconds":	1.0002419948577881,
				"bytes":	0,
				"bits_per_second":	0,
				"retransmits":	0,
				"omitted":	false,
				"sender":	true
			}
		}, {
			"streams":	[{
					"socket":	7,
					"start":	3.000735,
					"end":	4.000194,
					"seconds":	0.99945902824401855,
					"bytes":	0,
					"bits_per_second":	0,
					"retransmits":	0,
					"snd_cwnd":	34752,
					"rtt":	261969,
					"rttvar":	27125,
					"pmtu":	1500,
					"omitted":	false,
					"sender":	true
				}],
			"sum":	{
				"start":	3.000735,
				"end":	4.000194,
				"seconds":	0.99945902824401855,
				"bytes":	0,
				"bits_per_second":	0,
				"retransmits":	0,
				"omitted":	false,
				"sender":	true
			}
		}, {
			"streams":	[{
					"socket":	7,
					"start":	4.000194,
					"end":	5.001351,
					"seconds":	1.0011570453643799,
					"bytes":	0,
					"bits_per_second":	0,
					"retransmits":	0,
					"snd_cwnd":	34752,
					"rtt":	257881,
					"rttvar":	14720,
					"pmtu":	1500,
					"omitted":	false,
					"sender":	true
				}],
			"sum":	{
				"start":	4.000194,
				"end":	5.001351,
				"seconds":	1.0011570453643799,
				"bytes":	0,
				"bits_per_second":	0,
				"retransmits":	0,
				"omitted":	false,
				"sender":	true
			}
		}, {
			"streams":	[{
					"socket":	7,
					"start":	5.001351,
					"end":	6.000039,
					"seconds":	0.9986879825592041,
					"bytes":	86880,
					"bits_per_second":	695953.10260859854,
					"retransmits":	0,
					"snd_cwnd":	34752,
					"rtt":	248309,
					"rttvar":	16065,
					"pmtu":	1500,
					"omitted":	false,
					"sender":	true
				}],
			"sum":	{
				"start":	5.001351,
				"end":	6.000039,
				"seconds":	0.9986879825592041,
				"bytes":	86880,
				"bits_per_second":	695953.10260859854,
				"retransmits":	0,
				"omitted":	false,
				"sender":	true
			}
		}, {
			"streams":	[{
					"socket":	7,
					"start":	6.000039,
					"end":	7.001067,
					"seconds":	1.0010279417037964,
					"bytes":	0,
					"bits_per_second":	0,
					"retransmits":	0,
					"snd_cwnd":	34752,
					"rtt":	245779,
					"rttvar":	13900,
					"pmtu":	1500,
					"omitted":	false,
					"sender":	true
				}],
			"sum":	{
				"start":	6.000039,
				"end":	7.001067,
				"seconds":	1.0010279417037964,
				"bytes":	0,
				"bits_per_second":	0,
				"retransmits":	0,
				"omitted":	false,
				"sender":	true
			}
		}, {
			"streams":	[{
					"socket":	7,
					"start":	7.001067,
					"end":	8.001059,
					"seconds":	0.9999920129776001,
					"bytes":	0,
					"bits_per_second":	0,
					"retransmits":	0,
					"snd_cwnd":	34752,
					"rtt":	238083,
					"rttvar":	17059,
					"pmtu":	1500,
					"omitted":	false,
					"sender":	true
				}],
			"sum":	{
				"start":	7.001067,
				"end":	8.001059,
				"seconds":	0.9999920129776001,
				"bytes":	0,
				"bits_per_second":	0,
				"retransmits":	0,
				"omitted":	false,
				"sender":	true
			}
		}, {
			"streams":	[{
					"socket":	7,
					"start":	8.001059,
					"end":	9.001285,
					"seconds":	1.0002260208129883,
					"bytes":	0,
					"bits_per_second":	0,
					"retransmits":	0,
					"snd_cwnd":	34752,
					"rtt":	253685,
					"rttvar":	27891,
					"pmtu":	1500,
					"omitted":	false,
					"sender":	true
				}],
			"sum":	{
				"start":	8.001059,
				"end":	9.001285,
				"seconds":	1.0002260208129883,
				"bytes":	0,
				"bits_per_second":	0,
				"retransmits":	0,
				"omitted":	false,
				"sender":	true
			}
		}, {
			"streams":	[{
					"socket":	7,
					"start":	9.001285,
					"end":	10.001031,
					"seconds":	0.99974602460861206,
					"bytes":	86880,
					"bits_per_second":	695216.5678999318,
					"retransmits":	0,
					"snd_cwnd":	34752,
					"rtt":	259040,
					"rttvar":	27968,
					"pmtu":	1500,
					"omitted":	false,
					"sender":	true
				}],
			"sum":	{
				"start":	9.001285,
				"end":	10.001031,
				"seconds":	0.99974602460861206,
				"bytes":	86880,
				"bits_per_second":	695216.5678999318,
				"retransmits":	0,
				"omitted":	false,
				"sender":	true
			}
		}, {
			"streams":	[{
					"socket":	7,
					"start":	10.001031,
					"end":	11.000657,
					"seconds":	0.99962598085403442,
					"bytes":	0,
					"bits_per_second":	0,
					"retransmits":	0,
					"snd_cwnd":	34752,
					"rtt":	255158,
					"rttvar":	23384,
					"pmtu":	1500,
					"omitted":	false,
					"sender":	true
				}],
			"sum":	{
				"start":	10.001031,
				"end":	11.000657,
				"seconds":	0.99962598085403442,
				"bytes":	0,
				"bits_per_second":	0,
				"retransmits":	0,
				"omitted":	false,
				"sender":	true
			}
		}, {
			"streams":	[{
					"socket":	7,
					"start":	11.000657,
					"end":	12.001057,
					"seconds":	1.0003999471664429,
					"bytes":	0,
					"bits_per_second":	0,
					"retransmits":	0,
					"snd_cwnd":	34752,
					"rtt":	268090,
					"rttvar":	17350,
					"pmtu":	1500,
					"omitted":	false,
					"sender":	true
				}],
			"sum":	{
				"start":	11.000657,
				"end":	12.001057,
				"seconds":	1.0003999471664429,
				"bytes":	0,
				"bits_per_second":	0,
				"retransmits":	0,
				"omitted":	false,
				"sender":	true
			}
		}, {
			"streams":	[{
					"socket":	7,
					"start":	12.001057,
					"end":	13.000227,
					"seconds":	0.99917000532150269,
					"bytes":	86880,
					"bits_per_second":	695617.3587059963,
					"retransmits":	0,
					"snd_cwnd":	34752,
					"rtt":	241723,
					"rttvar":	16597,
					"pmtu":	1500,
					"omitted":	false,
					"sender":	true
				}],
			"sum":	{
				"start":	12.001057,
				"end":	13.000227,
				"seconds":	0.99917000532150269,
				"bytes":	86880,
				"bits_per_second":	695617.3587059963,
				"retransmits":	0,
				"omitted":	false,
				"sender":	true
			}
		}, {
			"streams":	[{
					"socket":	7,
					"start":	13.000227,
					"end":	14.001062,