{
	"start":	{
		"connected":	[{
				"socket":	7,
				"local_host":	"192.168.42.9",
				"local_port":	41552,
				"remote_host":	"192.168.42.1",
				"remote_port":	5208
			}],
		"version":	"iperf 3.7",
		"system_info":	"Linux rathan-VirtualBox 5.4.0-177-generic #197-Ubuntu SMP Thu Mar 28 22:45:47 UTC 2024 x86_64",
		"timestamp":	{
			"time":	"Thu, 07 Nov 2024 07:47:38 GMT",
			"timesecs":	1730965658
		},
		"connecting_to":	{
			"host":	"192.168.42.1",
			"port":	5208
		},
		"cookie":	"6xwcf2d267t2dpomdegmrwpskdpxhdbftnpy",
		"tcp_mss_default":	1448,
		"sock_bufsize":	0,
		"sndbuf_actual":	87380,
		"rcvbuf_actual":	87380,
		"test_start":	{
			"protocol":	"TCP",
			"num_streams":	1,
			"blksize":	131072,
			"omit":	0,
			"duration":	30,
			"bytes":	0,
			"blocks":	0,
			"reverse":	0,
			"tos":	0
		}
	},
	"intervals":	[{
			"streams":	[{
					"socket":	7,
					"start":	0,
					"end":	1.001629,
					"seconds":	1.0016289949417114,
					"bytes":	166520,
					"bits_per_second":	1329993.4474016733,
					"retransmits":	1,
					"snd_cwnd":	33304,
					"rtt":	197695,
					"rttvar":	20597,
					"pmtu":	1500,
					"omitted":	false,
					"sender":	true
				}],
			"sum":	{
				"start":	0,
				"end":	1.001629,
				"seconds":	1.0016289949417114,
				"bytes":	166520,
				"bits_per_second":	1329993.4474016733,
				"retransmits":	1,
				"omitted":	false,
				"sender":	true
			}
		}, {
			"streams":	[{
					"socket":	7,
					"start":	1.001629,
					"end":	2.000405,
					"seconds":	0.99877601861953735,
					"bytes":	68056,
					"bits_per_second":	545115.21086830983,
					"retransmits":	0,
					"snd_cwnd":	33304,
					"rtt":	248525,
					"rttvar":	27106,
					"pmtu":	1500,
					"omitted":	false,
					"sender":	true
				}],
			"sum":	{
				"start":	1.001629,
				"end":	2.000405,
				"seconds":	0.99877601861953735,
				"bytes":	68056,
				"bits_per_second":	545115.21086830983,
				"retransmits":	0,
				"omitted":	false,
				"sender":	true
			}
		}, {
			"streams":	[{
					"socket":	7,
					"start":	2.000405,
					"end":	3.004322,
					"seconds":	1.0039169788360596,
					"bytes":	0,
					"bits_per_second":	0,
					"retransmits":	0,
					"snd_cwnd":	33304,
					"rtt":	261622,
					"rttvar":	19403,
					"pmtu":	1500,
					"omitted":	false,
					"sender":	true
				}],
			"sum":	{
				"start":	2.000405,
				"end":	3.004322,
				"seconds":	1.0039169788360596,
				"bytes":	0,
				"bits_per_second":	0,
				"retransmits":	0,
				"omitted":	false,
				"sender":	true
			}
		}, {
			"streams":	[{
					"socket":	7,
					"start":	3.004322,
					"end":	4.003581,
					"seconds":	0.99925899505615234,
					"bytes":	0,
					"bits_per_second":	0,
					"retransmits":	0,
					"snd_cwnd":	33304,
					"rtt":	250744,
					"rttvar":	11745,
					"pmtu":	1500,
					"omitted":	false,
					"sender":	true
				}],
			"sum":	{
				"start":	3.004322,
				"end":	4.003581,
				"seconds":	0.99925899505615234,
				"bytes":	0,
				"bits_per_second":	0,
				"retransmits":	0,
				"omitted":	false,
				"sender":	true
			}
		}, {
			"streams":	[{
					"socket":	7,
					"start":	4.003581,
					"end":	5.000288,
					"seconds":	0.996707022190094,
					"bytes":	98464,
					"bits_per_second":	790314.48807206855,
					"retransmits":	1,
					"snd_cwnd":	5792,
					"rtt":	264175,
					"rttvar":	37379,
					"pmtu":	1500,
					"omitted":	false,
					"sender":	true
				}],
			"sum":	{
				"start":	4.003581,
				"end":	5.000288,
				"seconds":	0.996707022190094,
				"bytes":	98464,
				"bits_per_second":	790314.48807206855,
				"retransmits":	1,
				"omitted":	false,
				"sender":	true
			}
		}, {
			"streams":	[{
					"socket":	7,
					"start":	5.000288,
					"end":	6.002233,
					"seconds":	1.0019450187683105,
					"bytes":	0,
					"bits_per_second":	0,
					"retransmits":	0,
					"snd_cwnd":	24616,
					"rtt":	245913,
					"rttvar":	15962,
					"pmtu":	1500,
					"omitted":	false,
					"sender":	true
				}],
			"sum":	{
				"start":	5.000288,
				"end":	6.002233,
				"seconds":	1.0019450187683105,
				"bytes":	0,
				"bits_per_second":	0,
				"retransmits":	0,
				"omitted":	false,
				"sender":	true
			}
		}, {
			"streams":	[{
					"socket":	7,
					"start":	6.002233,
					"end":	7.000801,
					"seconds":	0.99856799840927124,
					"bytes":	0,
					"bits_per_second":	0,
					"retransmits":	0,
					"snd_cwnd":	24616,
					"rtt":	243701,
					"rttvar":	13553,
					"pmtu":	1500,
					"omitted":	false,
					"sender":	true
				}],
			"sum":	{
				"start":	6.002233,
				"end":	7.000801,
				"seconds":	0.99856799840927124,
				"bytes":	0,
				"bits_per_second":	0,
				"retransmits":	0,
				"omitted":	false,
				"sender":	true
			}
		}, {
			"streams":	[{
					"socket":	7,
					"start":	7.000801,
					"end":	8.001311,
					"seconds":	1.0005099773406982,
					"bytes":	0,
					"bits_per_second":	0,
					"retransmits":	0,
					"snd_cwnd":	24616,
					"rtt":	236384,
					"rttvar":	19997,
					"pmtu":	1500,
					"omitted":	false,
					"sender":	true
				}],
			"sum":	{
				"start":	7.000801,
				"end":	8.001311,
				"seconds":	1.0005099773406982,
				"bytes":	0,
				"bits_per_second":	0,
				"retransmits":	0,
				"omitted":	false,
				"sender":	true
			}
		}, {
			"streams":	[{
					"socket":	7,
					"start":	8.001311,
					"end":	9.000322,
					"seconds":	0.99901098012924194,
					"bytes":	99912,
					"bits_per_second":	800087.3022402568,
					"retransmits":	0,
					"snd_cwnd":	24616,
					"rtt":	241444,
					"rttvar":	18995,
					"pmtu":	1500,
					"omitted":	false,
					"sender":	true
				}],
			"sum":	{
				"start":	8.001311,
				"end":	9.000322,
				"seconds":	0.99901098012924194,
				"bytes":	99912,
				"bits_per_second":	800087.3022402568,
				"retransmits":	0,
				"omitted":	false,
				"sender":	true
			}
		}, {
			"streams":	[{
					"socket":	7,
					"start":	9.000322,
					"end":	10.001032,
					"seconds":	1.0007100105285645,
					"bytes":	0,
					"bits_per_second":	0,
					"retransmits":	0,
					"snd_cwnd":	24616,
					"rtt":	251380,
					"rttvar":	15336,
					"pmtu":	1500,
					"omitted":	false,
					"sender":	true
				}],
			"sum":	{
				"start":	9.000322,
				"end":	10.001032,
				"seconds":	1.0007100105285645,
				"bytes":	0,
				"bits_per_second":	0,
				"retransmits":	0,
				"omitted":	false,
				"sender":	true
			}
		}, {
			"streams":	[{
					"socket":	7,
					"start":	10.001032,
					"end":	11.001033,
					"seconds":	1.0000009536743164,
					"bytes":	0,
					"bits_per_second":	0,
					"retransmits":	0,
					"snd_cwnd":	24616,
					"rtt":	256782,
					"rttvar":	14848,
					"pmtu":	1500,
					"omitted":	false,
					"sender":	true
				}],
			"sum":	{
				"start":	10.001032,
				"end":	11.001033,
				"seconds":	1.0000009536743164,
				"bytes":	0,
				"bits_per_second":	0,
				"retransmits":	0,
				"omitted":	false,
				"sender":	true
			}
		}, {
			"streams":	[{
					"socket":	7,
					"start":	11.001033,
					"end":	12.004241,
					"seconds":	1.0032080411911011,
					"bytes":	0,
					"bits_per_second":	0,
					"retransmits":	0,
					"snd_cwnd":	24616,
					"rtt":	260716,
					"rttvar":	10917,
					"pmtu":	1500,
					"omitted":	false,
					"sender":	true
				}],
			"sum":	{
				"start":	11.001033,
				"end":	12.004241,
				"seconds":	1.0032080411911011,
				"bytes":	0,
				"bits_per_second":	0,
				"retransmits":	0,
				"omitted":	false,
				"sender":	true
			}
		}, {
			"streams":	[{
					"socket":	7,
					"start":	12.004241,
					"end":	13.003501,
					"seconds":	0.99926000833511353,
					"bytes":	0,
					"bits_per_second":	0,
					"retransmits":	0,
					"snd_cwnd":	24616,
					"rtt":	243177,
					"rttvar":	7872,
					"pmtu":	1500,
					"omitted":	false,
					"sender":	true
				}],
			"sum":	{
				"start":	12.004241,
				"end":	13.003501,
				"seconds":	0.99926000833511353,
				"bytes":	0,
				"bits_per_second":	0,
				"retransmits":	0,
				"omitted":	false,
				"sender":	true
			}
		}, {
			"streams":	[{
					"socket":	7,
					"start":	13.003501,
					"end":	14.018611,
					"seconds":	1.0151100158691406,