{
	"start":	{
		"connected":	[{
				"socket":	7,
				"local_host":	"192.168.42.10",
				"local_port":	56870,
				"remote_host":	"192.168.42.1",
				"remote_port":	5209
			}],
		"version":	"iperf 3.7",
		"system_info":	"Linux rathan-VirtualBox 5.4.0-177-generic #197-Ubuntu SMP Thu Mar 28 22:45:47 UTC 2024 x86_64",
		"timestamp":	{
			"time":	"Thu, 07 Nov 2024 07:47:38 GMT",
			"timesecs":	1730965658
		},
		"connecting_to":	{
			"host":	"192.168.42.1",
			"port":	5209
		},
		"cookie":	"duubk5d5ze7tlbbc2llj3fzsntp6gymrwfee",
		"tcp_mss_default":	1448,
		"sock_bufsize":	0,
		"sndbuf_actual":	87380,
		"rcvbuf_actual":	87380,
		"test_start":	{
			"protocol":	"TCP",
			"num_streams":	1,
			"blksize":	131072,
			"omit":	0,
			"duration":	30,
			"bytes":	0,
			"blocks":	0,
			"reverse":	0,
			"tos":	0
		}
	},
	"intervals":	[{
			"streams":	[{
					"socket":	7,
					"start":	0,
					"end":	1.011349,
					"seconds":	1.0113489627838135,
					"bytes":	166520,
					"bits_per_second":	1317211.0211426234,
					"retransmits":	1,
					"snd_cwnd":	23168,
					"rtt":	219788,
					"rttvar":	34695,
					"pmtu":	1500,
					"omitted":	false,
					"sender":	true
				}],
			"sum":	{
				"start":	0,
				"end":	1.011349,
				"seconds":	1.0113489627838135,
				"bytes":	166520,
				"bits_per_second":	1317211.0211426234,
				"retransmits":	1,
				"omitted":	false,
				"sender":	true
			}
		}, {
			"streams":	[{
					"socket":	7,
					"start":	1.011349,
					"end":	2.002322,
					"seconds":	0.99097299575805664,
					"bytes":	86880,
					"bits_per_second":	701371.28153358086,
					"retransmits":	0,
					"snd_cwnd":	23168,
					"rtt":	242902,
					"rttvar":	36746,
					"pmtu":	1500,
					"omitted":	false,
					"sender":	true
				}],
			"sum":	{
				"start":	1.011349,
				"end":	2.002322,
				"seconds":	0.99097299575805664,
				"bytes":	86880,
				"bits_per_second":	701371.28153358086,
				"retransmits":	0,
				"omitted":	false,
				"sender":	true
			}
		}, {
			"streams":	[{
					"socket":	7,
					"start":	2.002322,
					"end":	3.001222,
					"seconds":	0.99889999628067017,
					"bytes":	0,
					"bits_per_second":	0,
					"retransmits":	0,
					"snd_cwnd":	23168,
					"rtt":	262931,
					"rttvar":	17166,
					"pmtu":	1500,
					"omitted":	false,
					"sender":	true
				}],
			"sum":	{
				"start":	2.002322,
				"end":	3.001222,
				"seconds":	0.99889999628067017,
				"bytes":	0,
				"bits_per_second":	0,
				"retransmits":	0,
				"omitted":	false,
				"sender":	true
			}
		}, {
			"streams":	[{
					"socket":	7,
					"start":	3.001222,
					"end":	4.001174,
					"seconds":	0.99995201826095581,
					"bytes":	0,
					"bits_per_second":	0,
					"retransmits":	0,
					"snd_cwnd":	23168,
					"rtt":	249284,
					"rttvar":	9922,
					"pmtu":	1500,
					"omitted":	false,
					"sender":	true
				}],
			"sum":	{
				"start":	3.001222,
				"end":	4.001174,
				"seconds":	0.99995201826095581,
				"bytes":	0,
				"bits_per_second":	0,
				"retransmits":	0,
				"omitted":	false,
				"sender":	true
			}
		}, {
			"streams":	[{
					"socket":	7,
					"start":	4.001174,
					"end":	5.000944,
					"seconds":	0.99976998567581177,
					"bytes":	73848,
					"bits_per_second":	590919.92004605872,
					"retransmits":	0,
					"snd_cwnd":	23168,
					"rtt":	243532,
					"rttvar":	12072,
					"pmtu":	1500,
					"omitted":	false,
					"sender":	true
				}],
			"sum":	{
				"start":	4.001174,
				"end":	5.000944,
				"seconds":	0.99976998567581177,
				"bytes":	73848,
				"bits_per_second":	590919.92004605872,
				"retransmits":	0,
				"omitted":	false,
				"sender":	true
			}
		}, {
			"streams":	[{
					"socket":	7,
					"start":	5.000944,
					"end":	6.001178,
					"seconds":	1.0002340078353882,
					"bytes":	0,
					"bits_per_second":	0,
					"retransmits":	0,
					"snd_cwnd":	23168,
					"rtt":	237783,
					"rttvar":	9599,
					"pmtu":	1500,
					"omitted":	false,
					"sender":	true
				}],
			"sum":	{
				"start":	5.000944,
				"end":	6.001178,
				"seconds":	1.0002340078353882,
				"bytes":	0,
				"bits_per_second":	0,
				"retransmits":	0,
				"omitted":	false,
				"sender":	true
			}
		}, {
			"streams":	[{
					"socket":	7,
					"start":	6.001178,
					"end":	7.000026,
					"seconds":	0.998848021030426,
					"bytes":	0,
					"bits_per_second":	0,
					"retransmits":	0,
					"snd_cwnd":	23168,
					"rtt":	235327,
					"rttvar":	7482,
					"pmtu":	1500,
					"omitted":	false,
					"sender":	true
				}],
			"sum":	{
				"start":	6.001178,
				"end":	7.000026,
				"seconds":	0.998848021030426,
				"bytes":	0,
				"bits_per_second":	0,
				"retransmits":	0,
				"omitted":	false,
				"sender":	true
			}
		}, {
			"streams":	[{
					"socket":	7,
					"start":	7.000026,
					"end":	8.002658,
					"seconds":	1.0026320219039917,
					"bytes":	95568,
					"bits_per_second":	762536.98595037486,
					"retransmits":	0,
					"snd_cwnd":	23168,
					"rtt":	229521,
					"rttvar":	9480,
					"pmtu":	1500,
					"omitted":	false,
					"sender":	true
				}],
			"sum":	{
				"start":	7.000026,
				"end":	8.002658,
				"seconds":	1.0026320219039917,
				"bytes":	95568,
				"bits_per_second":	762536.98595037486,
				"retransmits":	0,
				"omitted":	false,
				"sender":	true
			}
		}, {
			"streams":	[{
					"socket":	7,
					"start":	8.002658,
					"end":	9.000245,
					"seconds":	0.99758702516555786,
					"bytes":	0,
					"bits_per_second":	0,
					"retransmits":	0,
					"snd_cwnd":	23168,
					"rtt":	241362,
					"rttvar":	14395,
					"pmtu":	1500,
					"omitted":	false,
					"sender":	true
				}],
			"sum":	{
				"start":	8.002658,
				"end":	9.000245,
				"seconds":	0.99758702516555786,
				"bytes":	0,
				"bits_per_second":	0,
				"retransmits":	0,
				"omitted":	false,
				"sender":	true
			}
		}, {
			"streams":	[{
					"socket":	7,
					"start":	9.000245,
					"end":	10.000668,
					"seconds":	1.0004229545593262,
					"bytes":	0,
					"bits_per_second":	0,
					"retransmits":	0,
					"snd_cwnd":	23168,
					"rtt":	256713,
					"rttvar":	23003,
					"pmtu":	1500,
					"omitted":	false,
					"sender":	true
				}],
			"sum":	{
				"start":	9.000245,
				"end":	10.000668,
				"seconds":	1.0004229545593262,
				"bytes":	0,
				"bits_per_second":	0,
				"retransmits":	0,
				"omitted":	false,
				"sender":	true
			}
		}, {
			"streams":	[{
					"socket":	7,
					"start":	10.000668,
					"end":	11.004833,
					"seconds":	1.0041650533676147,
					"bytes":	0,
					"bits_per_second":	0,
					"retransmits":	0,
					"snd_cwnd":	23168,
					"rtt":	262035,
					"rttvar":	25058,
					"pmtu":	1500,
					"omitted":	false,
					"sender":	true
				}],
			"sum":	{
				"start":	10.000668,
				"end":	11.004833,
				"seconds":	1.0041650533676147,
				"bytes":	0,
				"bits_per_second":	0,
				"retransmits":	0,
				"omitted":	false,
				"sender":	true
			}
		}, {
			"streams":	[{
					"socket":	7,
					"start":	11.004833,
					"end":	12.003572,
					"seconds":	0.99873900413513184,
					"bytes":	95568,
					"bits_per_second":	765509.3040669465,
					"retransmits":	0,
					"snd_cwnd":	23168,
					"rtt":	263516,
					"rttvar":	13086,
					"pmtu":	1500,
					"omitted":	false,
					"sender":	true
				}],
			"sum":	{
				"start":	11.004833,
				"end":	12.003572,
				"seconds":	0.99873900413513184,
				"bytes":	95568,
				"bits_per_second":	765509.3040669465,
				"retransmits":	0,
				"omitted":	false,
				"sender":	true
			}
		}, {
			"streams":	[{
					"socket":	7,
					"start":	12.003572,
					"end":	13.007152,
					"seconds":	1.0035799741744995,
					"bytes":	0,
					"bits_per_second":	0,
					"retransmits":	0,
					"snd_cwnd":	23168,
					"rtt":	247202,
					"rttvar":	10455,
					"pmtu":	1500,
					"omitted":	false,
					"sender":	true
				}],
			"sum":	{
				"start":	12.003572,
				"end":	13.007152,
				"seconds":	1.0035799741744995,
				"bytes":	0,
				"bits_per_second":	0,
				"retransmits":	0,
				"omitted":	false,
				"sender":	true
			}
		}, {
			"streams":	[{
					"socket":	7,
					"start":	13.007152,
					"end":	14.000217,