{
	"start":	{
		"connected":	[{
				"socket":	7,
				"local_host":	"192.168.42.4",
				"local_port":	48520,
				"remote_host":	"192.168.42.1",
				"remote_port":	5203
			}],
		"version":	"iperf 3.7",
		"system_info":	"Linux rathan-VirtualBox 5.4.0-177-generic #197-Ubuntu SMP Thu Mar 28 22:45:47 UTC 2024 x86_64",
		"timestamp":	{
			"time":	"Wed, 06 Nov 2024 09:27:45 GMT",
			"timesecs":	1730885265
		},
		"connecting_to":	{
			"host":	"192.168.42.1",
			"port":	5203
		},
		"cookie":	"gbp3swwoid2ynh2tr7elhc6yxut5xzyyqiia",
		"tcp_mss_default":	1448,
		"sock_bufsize":	0,
		"sndbuf_actual":	87380,
		"rcvbuf_actual":	87380,
		"test_start":	{
			"protocol":	"TCP",
			"num_streams":	1,
			"blksize":	131072,
			"omit":	0,
			"duration":	30,
			"bytes":	0,
			"blocks":	0,
			"reverse":	0,
			"tos":	0
		}
	},
	"intervals":	[{
			"streams":	[{
					"socket":	7,
					"start":	0,
					"end":	1.000318,
					"seconds":	1.0003180503845215,
					"bytes":	139008,
					"bits_per_second":	1111710.4200734191,
					"retransmits":	0,
					"snd_cwnd":	20272,
					"rtt":	105180,
					"rttvar":	9662,
					"pmtu":	1500,
					"omitted":	false,
					"sender":	true
				}],
			"sum":	{
				"start":	0,
				"end":	1.000318,
				"seconds":	1.0003180503845215,
				"bytes":	139008,
				"bits_per_second":	1111710.4200734191,
				"retransmits":	0,
				"omitted":	false,
				"sender":	true
			}
		}, {
			"streams":	[{
					"socket":	7,
					"start":	1.000318,
					"end":	2.007218,
					"seconds":	1.0068999528884888,
					"bytes":	86880,
					"bits_per_second":	690277.120389312,
					"retransmits":	1,
					"snd_cwnd":	8688,
					"rtt":	206388,
					"rttvar":	155868,
					"pmtu":	1500,
					"omitted":	false,
					"sender":	true
				}],
			"sum":	{
				"start":	1.000318,
				"end":	2.007218,
				"seconds":	1.0068999528884888,
				"bytes":	86880,
				"bits_per_second":	690277.120389312,
				"retransmits":	1,
				"omitted":	false,
				"sender":	true
			}
		}, {
			"streams":	[{
					"socket":	7,
					"start":	2.007218,
					"end":	3.000597,
					"seconds":	0.99337899684906006,
					"bytes":	86880,
					"bits_per_second":	699672.53405258828,
					"retransmits":	19,
					"snd_cwnd":	24616,
					"rtt":	261849,
					"rttvar":	7592,
					"pmtu":	1500,
					"omitted":	false,
					"sender":	true
				}],
			"sum":	{
				"start":	2.007218,
				"end":	3.000597,
				"seconds":	0.99337899684906006,
				"bytes":	86880,
				"bits_per_second":	699672.53405258828,
				"retransmits":	19,
				"omitted":	false,
				"sender":	true
			}
		}, {
			"streams":	[{
					"socket":	7,
					"start":	3.000597,
					"end":	4.001165,
					"seconds":	1.0005680322647095,
					"bytes":	0,
					"bits_per_second":	0,
					"retransmits":	0,
					"snd_cwnd":	24616,
					"rtt":	306544,
					"rttvar":	26618,
					"pmtu":	1500,
					"omitted":	false,
					"sender":	true
				}],
			"sum":	{
				"start":	3.000597,
				"end":	4.001165,
				"seconds":	1.0005680322647095,
				"bytes":	0,
				"bits_per_second":	0,
				"retransmits":	0,
				"omitted":	false,
				"sender":	true
			}
		}, {
			"streams":	[{
					"socket":	7,
					"start":	4.001165,
					"end":	5.005777,
					"seconds":	1.0046119689941406,
					"bytes":	0,
					"bits_per_second":	0,
					"retransmits":	0,
					"snd_cwnd":	26064,
					"rtt":	327053,
					"rttvar":	30992,
					"pmtu":	1500,
					"omitted":	false,
					"sender":	true
				}],
			"sum":	{
				"start":	4.001165,
				"end":	5.005777,
				"seconds":	1.0046119689941406,
				"bytes":	0,
				"bits_per_second":	0,
				"retransmits":	0,
				"omitted":	false,
				"sender":	true
			}
		}, {
			"streams":	[{
					"socket":	7,
					"start":	5.005777,
					"end":	6.000877,
					"seconds":	0.99510002136230469,
					"bytes":	0,
					"bits_per_second":	0,
					"retransmits":	13,
					"snd_cwnd":	10136,
					"rtt":	316840,
					"rttvar":	53314,
					"pmtu":	1500,
					"omitted":	false,
					"sender":	true
				}],
			"sum":	{
				"start":	5.005777,
				"end":	6.000877,
				"seconds":	0.99510002136230469,
				"bytes":	0,
				"bits_per_second":	0,
				"retransmits":	13,
				"omitted":	false,
				"sender":	true
			}
		}, {
			"streams":	[{
					"socket":	7,
					"start":	6.000877,
					"end":	7.001135,
					"seconds":	1.0002579689025879,
					"bytes":	0,
					"bits_per_second":	0,
					"retransmits":	0,
					"snd_cwnd":	18824,
					"rtt":	325021,
					"rttvar":	20192,
					"pmtu":	1500,
					"omitted":	false,
					"sender":	true
				}],
			"sum":	{
				"start":	6.000877,
				"end":	7.001135,
				"seconds":	1.0002579689025879,
				"bytes":	0,
				"bits_per_second":	0,
				"retransmits":	0,
				"omitted":	false,
				"sender":	true
			}
		}, {
			"streams":	[{
					"socket":	7,
					"start":	7.001135,
					"end":	8.002156,
					"seconds":	1.0010210275650024,
					"bytes":	99912,
					"bits_per_second":	798480.72916539887,
					"retransmits":	0,
					"snd_cwnd":	18824,
					"rtt":	328729,
					"rttvar":	30836,
					"pmtu":	1500,
					"omitted":	false,
					"sender":	true
				}],
			"sum":	{
				"start":	7.001135,
				"end":	8.002156,
				"seconds":	1.0010210275650024,
				"bytes":	99912,
				"bits_per_second":	798480.72916539887,
				"retransmits":	0,
				"omitted":	false,
				"sender":	true
			}
		}, {
			"streams":	[{
					"socket":	7,
					"start":	8.002156,
					"end":	9.000941,
					"seconds":	0.99878501892089844,
					"bytes":	0,
					"bits_per_second":	0,
					"retransmits":	0,
					"snd_cwnd":	18824,
					"rtt":	330262,
					"rttvar":	30840,
					"pmtu":	1500,
					"omitted":	false,
					"sender":	true
				}],
			"sum":	{
				"start":	8.002156,
				"end":	9.000941,
				"seconds":	0.99878501892089844,
				"bytes":	0,
				"bits_per_second":	0,
				"retransmits":	0,
				"omitted":	false,
				"sender":	true
			}
		}, {
			"streams":	[{
					"socket":	7,
					"start":	9.000941,
					"end":	10.000235,
					"seconds":	0.9992939829826355,
					"bytes":	0,
					"bits_per_second":	0,
					"retransmits":	0,
					"snd_cwnd":	18824,
					"rtt":	325299,
					"rttvar":	24613,
					"pmtu":	1500,
					"omitted":	false,
					"sender":	true
				}],
			"sum":	{
				"start":	9.000941,
				"end":	10.000235,
				"seconds":	0.9992939829826355,
				"bytes":	0,
				"bits_per_second":	0,
				"retransmits":	0,
				"omitted":	false,
				"sender":	true
			}
		}, {
			"streams":	[{
					"socket":	7,
					"start":	10.000235,
					"end":	11.000249,
					"seconds":	1.0000139474868774,
					"bytes":	0,
					"bits_per_second":	0,
					"retransmits":	0,
					"snd_cwnd":	18824,
					"rtt":	312822,
					"rttvar":	9906,
					"pmtu":	1500,
					"omitted":	false,
					"sender":	true
				}],
			"sum":	{
				"start":	10.000235,
				"end":	11.000249,
				"seconds":	1.0000139474868774,
				"bytes":	0,
				"bits_per_second":	0,
				"retransmits":	0,
				"omitted":	false,
				"sender":	true
			}
		}, {
			"streams":	[{
					"socket":	7,
					"start":	11.000249,
					"end":	12.001263,
					"seconds":	1.0010139942169189,
					"bytes":	0,
					"bits_per_second":	0,
					"retransmits":	1,
					"snd_cwnd":	18824,
					"rtt":	328566,
					"rttvar":	16280,
					"pmtu":	1500,
					"omitted":	false,
					"sender":	true
				}],
			"sum":	{
				"start":	11.000249,
				"end":	12.001263,
				"seconds":	1.0010139942169189,
				"bytes":	0,
				"bits_per_second":	0,
				"retransmits":	1,
				"omitted":	false,
				"sender":	true
			}
		}, {
			"streams":	[{
					"socket":	7,
					"start":	12.001263,
					"end":	13.000065,
					"seconds":	0.99880200624465942,
					"bytes":	81088,
					"bits_per_second":	649482.07547061949,
					"retransmits":	0,
					"snd_cwnd":	18824,
					"rtt":	321289,
					"rttvar":	7841,
					"pmtu":	1500,
					"omitted":	false,
					"sender":	true
				}],
			"sum":	{
				"start":	12.001263,
				"end":	13.000065,
				"seconds":	0.99880200624465942,
				"bytes":	81088,
				"bits_per_second":	649482.07547061949,
				"retransmits":	0,
				"omitted":	false,
				"sender":	true
			}
		}, {
			"streams":	[{
					"socket":	7,
					"start":	13.000065,
					"end":	14.000078,