{
	"start":	{
		"connected":	[{
				"socket":	7,
				"local_host":	"192.168.42.7",
				"local_port":	41092,
				"remote_host":	"192.168.42.1",
				"remote_port":	5206
			}],
		"version":	"iperf 3.7",
		"system_info":	"Linux rathan-VirtualBox 5.4.0-177-generic #197-Ubuntu SMP Thu Mar 28 22:45:47 UTC 2024 x86_64",
		"timestamp":	{
			"time":	"Wed, 06 Nov 2024 09:27:46 GMT",
			"timesecs":	1730885266
		},
		"connecting_to":	{
			"host":	"192.168.42.1",
			"port":	5206
		},
		"cookie":	"evmqdddlv6phb57mel3xsp344dkhepkuezsh",
		"tcp_mss_default":	1448,
		"sock_bufsize":	0,
		"sndbuf_actual":	87380,
		"rcvbuf_actual":	87380,
		"test_start":	{
			"protocol":	"TCP",
			"num_streams":	1,
			"blksize":	131072,
			"omit":	0,
			"duration":	30,
			"bytes":	0,
			"blocks":	0,
			"reverse":	0,
			"tos":	0
		}
	},
	"intervals":	[{
			"streams":	[{
					"socket":	7,
					"start":	0,
					"end":	1.000851,
					"seconds":	1.000851035118103,
					"bytes":	95568,
					"bits_per_second":	763893.89946505055,
					"retransmits":	0,
					"snd_cwnd":	17376,
					"rtt":	140974,
					"rttvar":	48546,
					"pmtu":	1500,
					"omitted":	false,
					"sender":	true
				}],
			"sum":	{
				"start":	0,
				"end":	1.000851,
				"seconds":	1.000851035118103,
				"bytes":	95568,
				"bits_per_second":	763893.89946505055,
				"retransmits":	0,
				"omitted":	false,
				"sender":	true
			}
		}, {
			"streams":	[{
					"socket":	7,
					"start":	1.000851,
					"end":	2.001163,
					"seconds":	1.0003119707107544,
					"bytes":	43440,
					"bits_per_second":	347411.617750686,
					"retransmits":	0,
					"snd_cwnd":	17376,
					"rtt":	211707,
					"rttvar":	63215,
					"pmtu":	1500,
					"omitted":	false,
					"sender":	true
				}],
			"sum":	{
				"start":	1.000851,
				"end":	2.001163,
				"seconds":	1.0003119707107544,
				"bytes":	43440,
				"bits_per_second":	347411.617750686,
				"retransmits":	0,
				"omitted":	false,
				"sender":	true
			}
		}, {
			"streams":	[{
					"socket":	7,
					"start":	2.001163,
					"end":	3.000702,
					"seconds":	0.99953901767730713,
					"bytes":	0,
					"bits_per_second":	0,
					"retransmits":	0,
					"snd_cwnd":	17376,
					"rtt":	265837,
					"rttvar":	63183,
					"pmtu":	1500,
					"omitted":	false,
					"sender":	true
				}],
			"sum":	{
				"start":	2.001163,
				"end":	3.000702,
				"seconds":	0.99953901767730713,
				"bytes":	0,
				"bits_per_second":	0,
				"retransmits":	0,
				"omitted":	false,
				"sender":	true
			}
		}, {
			"streams":	[{
					"socket":	7,
					"start":	3.000702,
					"end":	4.001938,
					"seconds":	1.0012359619140625,
					"bytes":	43440,
					"bits_per_second":	347091.00873249309,
					"retransmits":	0,
					"snd_cwnd":	17376,
					"rtt":	303529,
					"rttvar":	52733,
					"pmtu":	1500,
					"omitted":	false,
					"sender":	true
				}],
			"sum":	{
				"start":	3.000702,
				"end":	4.001938,
				"seconds":	1.0012359619140625,
				"bytes":	43440,
				"bits_per_second":	347091.00873249309,
				"retransmits":	0,
				"omitted":	false,
				"sender":	true
			}
		}, {
			"streams":	[{
					"socket":	7,
					"start":	4.001938,
					"end":	5.000448,
					"seconds":	0.99851000308990479,
					"bytes":	43440,
					"bits_per_second":	348038.576403435,
					"retransmits":	0,
					"snd_cwnd":	20272,
					"rtt":	312088,
					"rttvar":	28178,
					"pmtu":	1500,
					"omitted":	false,
					"sender":	true
				}],
			"sum":	{
				"start":	4.001938,
				"end":	5.000448,
				"seconds":	0.99851000308990479,
				"bytes":	43440,
				"bits_per_second":	348038.576403435,
				"retransmits":	0,
				"omitted":	false,
				"sender":	true
			}
		}, {
			"streams":	[{
					"socket":	7,
					"start":	5.000448,
					"end":	6.00229,
					"seconds":	1.0018420219421387,
					"bytes":	0,
					"bits_per_second":	0,
					"retransmits":	0,
					"snd_cwnd":	20272,
					"rtt":	315710,
					"rttvar":	41701,
					"pmtu":	1500,
					"omitted":	false,
					"sender":	true
				}],
			"sum":	{
				"start":	5.000448,
				"end":	6.00229,
				"seconds":	1.0018420219421387,
				"bytes":	0,
				"bits_per_second":	0,
				"retransmits":	0,
				"omitted":	false,
				"sender":	true
			}
		}, {
			"streams":	[{
					"socket":	7,
					"start":	6.00229,
					"end":	7.001443,
					"seconds":	0.9991530179977417,
					"bytes":	0,
					"bits_per_second":	0,
					"retransmits":	0,
					"snd_cwnd":	20272,
					"rtt":	311811,
					"rttvar":	21285,
					"pmtu":	1500,
					"omitted":	false,
					"sender":	true
				}],
			"sum":	{
				"start":	6.00229,
				"end":	7.001443,
				"seconds":	0.9991530179977417,
				"bytes":	0,
				"bits_per_second":	0,
				"retransmits":	0,
				"omitted":	false,
				"sender":	true
			}
		}, {
			"streams":	[{
					"socket":	7,
					"start":	7.001443,
					"end":	8.00051,
					"seconds":	0.99906700849533081,
					"bytes":	43440,
					"bits_per_second":	347844.53599703085,
					"retransmits":	0,
					"snd_cwnd":	20272,
					"rtt":	308995,
					"rttvar":	22623,
					"pmtu":	1500,
					"omitted":	false,
					"sender":	true
				}],
			"sum":	{
				"start":	7.001443,
				"end":	8.00051,
				"seconds":	0.99906700849533081,
				"bytes":	43440,
				"bits_per_second":	347844.53599703085,
				"retransmits":	0,
				"omitted":	false,
				"sender":	true
			}
		}, {
			"streams":	[{
					"socket":	7,
					"start":	8.00051,
					"end":	9.002503,
					"seconds":	1.00199294090271,
					"bytes":	0,
					"bits_per_second":	0,
					"retransmits":	0,
					"snd_cwnd":	20272,
					"rtt":	321417,
					"rttvar":	23295,
					"pmtu":	1500,
					"omitted":	false,
					"sender":	true
				}],
			"sum":	{
				"start":	8.00051,
				"end":	9.002503,
				"seconds":	1.00199294090271,
				"bytes":	0,
				"bits_per_second":	0,
				"retransmits":	0,
				"omitted":	false,
				"sender":	true
			}
		}, {
			"streams":	[{
					"socket":	7,
					"start":	9.002503,
					"end":	10.000291,
					"seconds":	0.99778801202774048,
					"bytes":	43440,
					"bits_per_second":	348290.41420707933,
					"retransmits":	0,
					"snd_cwnd":	20272,
					"rtt":	310294,
					"rttvar":	13050,
					"pmtu":	1500,
					"omitted":	false,
					"sender":	true
				}],
			"sum":	{
				"start":	9.002503,
				"end":	10.000291,
				"seconds":	0.99778801202774048,
				"bytes":	43440,
				"bits_per_second":	348290.41420707933,
				"retransmits":	0,
				"omitted":	false,
				"sender":	true
			}
		}, {
			"streams":	[{
					"socket":	7,
					"start":	10.000291,
					"end":	11.000427,
					"seconds":	1.0001360177993774,
					"bytes":	65160,
					"bits_per_second":	521209.10628434771,
					"retransmits":	1,
					"snd_cwnd":	26064,
					"rtt":	329222,
					"rttvar":	35727,
					"pmtu":	1500,
					"omitted":	false,
					"sender":	true
				}],
			"sum":	{
				"start":	10.000291,
				"end":	11.000427,
				"seconds":	1.0001360177993774,
				"bytes":	65160,
				"bits_per_second":	521209.10628434771,
				"retransmits":	1,
				"omitted":	false,
				"sender":	true
			}
		}, {
			"streams":	[{
					"socket":	7,
					"start":	11.000427,
					"end":	12.000526,
					"seconds":	1.0000989437103271,
					"bytes":	0,
					"bits_per_second":	0,
					"retransmits":	0,
					"snd_cwnd":	26064,
					"rtt":	311273,
					"rttvar":	16697,
					"pmtu":	1500,
					"omitted":	false,
					"sender":	true
				}],
			"sum":	{
				"start":	11.000427,
				"end":	12.000526,
				"seconds":	1.0000989437103271,
				"bytes":	0,
				"bits_per_second":	0,
				"retransmits":	0,
				"omitted":	false,
				"sender":	true
			}
		}, {
			"streams":	[{
					"socket":	7,
					"start":	12.000526,
					"end":	13.000793,
					"seconds":	1.0002670288085938,
					"bytes":	0,
					"bits_per_second":	0,
					"retransmits":	0,
					"snd_cwnd":	26064,
					"rtt":	346443,
					"rttvar":	70611,
					"pmtu":	1500,
					"omitted":	false,
					"sender":	true
				}],
			"sum":	{
				"start":	12.000526,
				"end":	13.000793,
				"seconds":	1.0002670288085938,
				"bytes":	0,
				"bits_per_second":	0,
				"retransmits":	0,
				"omitted":	false,