{
	"start":	{
		"connected":	[{
				"socket":	7,
				"local_host":	"192.168.42.8",
				"local_port":	56174,
				"remote_host":	"192.168.42.1",
				"remote_port":	5207
			}],
		"version":	"iperf 3.7",
		"system_info":	"Linux rathan-VirtualBox 5.4.0-177-generic #197-Ubuntu SMP Thu Mar 28 22:45:47 UTC 2024 x86_64",
		"timestamp":	{
			"time":	"Wed, 06 Nov 2024 09:27:46 GMT",
			"timesecs":	1730885266
		},
		"connecting_to":	{
			"host":	"192.168.42.1",
			"port":	5207
		},
		"cookie":	"2s4ap7mrdbjq34qitkfwissmolixhh3nn7gm",
		"tcp_mss_default":	1448,
		"sock_bufsize":	0,
		"sndbuf_actual":	87380,
		"rcvbuf_actual":	87380,
		"test_start":	{
			"protocol":	"TCP",
			"num_streams":	1,
			"blksize":	131072,
			"omit":	0,
			"duration":	30,
			"bytes":	0,
			"blocks":	0,
			"reverse":	0,
			"tos":	0
		}
	},
	"intervals":	[{
			"streams":	[{
					"socket":	7,
					"start":	0,
					"end":	1.001346,
					"seconds":	1.0013459920883179,
					"bytes":	79640,
					"bits_per_second":	636263.59423607355,
					"retransmits":	10,
					"snd_cwnd":	7240,
					"rtt":	145580,
					"rttvar":	55292,
					"pmtu":	1500,
					"omitted":	false,
					"sender":	true
				}],
			"sum":	{
				"start":	0,
				"end":	1.001346,
				"seconds":	1.0013459920883179,
				"bytes":	79640,
				"bits_per_second":	636263.59423607355,
				"retransmits":	10,
				"omitted":	false,
				"sender":	true
			}
		}, {
			"streams":	[{
					"socket":	7,
					"start":	1.001346,
					"end":	2.000154,
					"seconds":	0.99880802631378174,
					"bytes":	43440,
					"bits_per_second":	347934.729041539,
					"retransmits":	0,
					"snd_cwnd":	11584,
					"rtt":	230209,
					"rttvar":	66372,
					"pmtu":	1500,
					"omitted":	false,
					"sender":	true
				}],
			"sum":	{
				"start":	1.001346,
				"end":	2.000154,
				"seconds":	0.99880802631378174,
				"bytes":	43440,
				"bits_per_second":	347934.729041539,
				"retransmits":	0,
				"omitted":	false,
				"sender":	true
			}
		}, {
			"streams":	[{
					"socket":	7,
					"start":	2.000154,
					"end":	3.000628,
					"seconds":	1.0004739761352539,
					"bytes":	0,
					"bits_per_second":	0,
					"retransmits":	1,
					"snd_cwnd":	8688,
					"rtt":	278143,
					"rttvar":	38332,
					"pmtu":	1500,
					"omitted":	false,
					"sender":	true
				}],
			"sum":	{
				"start":	2.000154,
				"end":	3.000628,
				"seconds":	1.0004739761352539,
				"bytes":	0,
				"bits_per_second":	0,
				"retransmits":	1,
				"omitted":	false,
				"sender":	true
			}
		}, {
			"streams":	[{
					"socket":	7,
					"start":	3.000628,
					"end":	4.00175,
					"seconds":	1.001121997833252,
					"bytes":	0,
					"bits_per_second":	0,
					"retransmits":	0,
					"snd_cwnd":	8688,
					"rtt":	313601,
					"rttvar":	41987,
					"pmtu":	1500,
					"omitted":	false,
					"sender":	true
				}],
			"sum":	{
				"start":	3.000628,
				"end":	4.00175,
				"seconds":	1.001121997833252,
				"bytes":	0,
				"bits_per_second":	0,
				"retransmits":	0,
				"omitted":	false,
				"sender":	true
			}
		}, {
			"streams":	[{
					"socket":	7,
					"start":	4.00175,
					"end":	5.000756,
					"seconds":	0.99900597333908081,
					"bytes":	43440,
					"bits_per_second":	347865.78786756203,
					"retransmits":	0,
					"snd_cwnd":	10136,
					"rtt":	310525,
					"rttvar":	13802,
					"pmtu":	1500,
					"omitted":	false,
					"sender":	true
				}],
			"sum":	{
				"start":	4.00175,
				"end":	5.000756,
				"seconds":	0.99900597333908081,
				"bytes":	43440,
				"bits_per_second":	347865.78786756203,
				"retransmits":	0,
				"omitted":	false,
				"sender":	true
			}
		}, {
			"streams":	[{
					"socket":	7,
					"start":	5.000756,
					"end":	6.002181,
					"seconds":	1.00142502784729,
					"bytes":	0,
					"bits_per_second":	0,
					"retransmits":	1,
					"snd_cwnd":	7240,
					"rtt":	347075,
					"rttvar":	42743,
					"pmtu":	1500,
					"omitted":	false,
					"sender":	true
				}],
			"sum":	{
				"start":	5.000756,
				"end":	6.002181,
				"seconds":	1.00142502784729,
				"bytes":	0,
				"bits_per_second":	0,
				"retransmits":	1,
				"omitted":	false,
				"sender":	true
			}
		}, {
			"streams":	[{
					"socket":	7,
					"start":	6.002181,
					"end":	7.001038,
					"seconds":	0.99885702133178711,
					"bytes":	43440,
					"bits_per_second":	347917.66246649367,
					"retransmits":	0,
					"snd_cwnd":	10136,
					"rtt":	327212,
					"rttvar":	20889,
					"pmtu":	1500,
					"omitted":	false,
					"sender":	true
				}],
			"sum":	{
				"start":	6.002181,
				"end":	7.001038,
				"seconds":	0.99885702133178711,
				"bytes":	43440,
				"bits_per_second":	347917.66246649367,
				"retransmits":	0,
				"omitted":	false,
				"sender":	true
			}
		}, {
			"streams":	[{
					"socket":	7,
					"start":	7.001038,
					"end":	8.000439,
					"seconds":	0.99940097332000732,
					"bytes":	0,
					"bits_per_second":	0,
					"retransmits":	0,
					"snd_cwnd":	10136,
					"rtt":	319055,
					"rttvar":	17286,
					"pmtu":	1500,
					"omitted":	false,
					"sender":	true
				}],
			"sum":	{
				"start":	7.001038,
				"end":	8.000439,
				"seconds":	0.99940097332000732,
				"bytes":	0,
				"bits_per_second":	0,
				"retransmits":	0,
				"omitted":	false,
				"sender":	true
			}
		}, {
			"streams":	[{
					"socket":	7,
					"start":	8.000439,
					"end":	9.00061,
					"seconds":	1.0001709461212158,
					"bytes":	43440,
					"bits_per_second":	347460.6029576491,
					"retransmits":	0,
					"snd_cwnd":	11584,
					"rtt":	330100,
					"rttvar":	27754,
					"pmtu":	1500,
					"omitted":	false,
					"sender":	true
				}],
			"sum":	{
				"start":	8.000439,
				"end":	9.00061,
				"seconds":	1.0001709461212158,
				"bytes":	43440,
				"bits_per_second":	347460.6029576491,
				"retransmits":	0,
				"omitted":	false,
				"sender":	true
			}
		}, {
			"streams":	[{
					"socket":	7,
					"start":	9.00061,
					"end":	10.000652,
					"seconds":	1.0000419616699219,
					"bytes":	0,
					"bits_per_second":	0,
					"retransmits":	0,
					"snd_cwnd":	11584,
					"rtt":	323802,
					"rttvar":	28430,
					"pmtu":	1500,
					"omitted":	false,
					"sender":	true
				}],
			"sum":	{
				"start":	9.00061,
				"end":	10.000652,
				"seconds":	1.0000419616699219,
				"bytes":	0,
				"bits_per_second":	0,
				"retransmits":	0,
				"omitted":	false,
				"sender":	true
			}
		}, {
			"streams":	[{
					"socket":	7,
					"start":	10.000652,
					"end":	11.000638,
					"seconds":	0.99998599290847778,
					"bytes":	43440,
					"bits_per_second":	347524.86781262967,
					"retransmits":	0,
					"snd_cwnd":	17376,
					"rtt":	322647,
					"rttvar":	26336,
					"pmtu":	1500,
					"omitted":	false,
					"sender":	true
				}],
			"sum":	{
				"start":	10.000652,
				"end":	11.000638,
				"seconds":	0.99998599290847778,
				"bytes":	43440,
				"bits_per_second":	347524.86781262967,
				"retransmits":	0,
				"omitted":	false,
				"sender":	true
			}
		}, {
			"streams":	[{
					"socket":	7,
					"start":	11.000638,
					"end":	12.000084,
					"seconds":	0.99944597482681274,
					"bytes":	0,
					"bits_per_second":	0,
					"retransmits":	0,
					"snd_cwnd":	17376,
					"rtt":	325382,
					"rttvar":	29772,
					"pmtu":	1500,
					"omitted":	false,
					"sender":	true
				}],
			"sum":	{
				"start":	11.000638,
				"end":	12.000084,
				"seconds":	0.99944597482681274,
				"bytes":	0,
				"bits_per_second":	0,
				"retransmits":	0,
				"omitted":	false,
				"sender":	true
			}
		}, {
			"streams":	[{
					"socket":	7,
					"start":	12.000084,
					"end":	13.000049,
					"seconds":	0.99996501207351685,
					"bytes":	43440,
					"bits_per_second":	347532.15942964464,
					"retransmits":	0,
					"snd_cwnd":	17376,
					"rtt":	311198,
					"rttvar":	35421,
					"pmtu":	1500,
					"omitted":	false,
					"sender":	true
				}],
			"sum":	{
				"start":	12.000084,
				"end":	13.000049,
				"seconds":	0.99996501207351685,
				"bytes":	43440,
				"bits_per_second":	347532.15942964464,
				"retransmits":	0,
				"omitted":	false,