{
	"start":	{
		"connected":	[{
				"socket":	7,
				"local_host":	"192.168.42.9",
				"local_port":	54034,
				"remote_host":	"192.168.42.1",
				"remote_port":	5208
			}],
		"version":	"iperf 3.7",
		"system_info":	"Linux rathan-VirtualBox 5.4.0-177-generic #197-Ubuntu SMP Thu Mar 28 22:45:47 UTC 2024 x86_64",
		"timestamp":	{
			"time":	"Wed, 06 Nov 2024 09:27:46 GMT",
			"timesecs":	1730885266
		},
		"connecting_to":	{
			"host":	"192.168.42.1",
			"port":	5208
		},
		"cookie":	"mh57mqgrjzkmtsr3z7qjlhuhcgvcrpyoobzl",
		"tcp_mss_default":	1448,
		"sock_bufsize":	0,
		"sndbuf_actual":	87380,
		"rcvbuf_actual":	87380,
		"test_start":	{
			"protocol":	"TCP",
			"num_streams":	1,
			"blksize":	131072,
			"omit":	0,
			"duration":	30,
			"bytes":	0,
			"blocks":	0,
			"reverse":	0,
			"tos":	0
		}
	},
	"intervals":	[{
			"streams":	[{
					"socket":	7,
					"start":	0,
					"end":	1.000072,
					"seconds":	1.0000720024108887,
					"bytes":	95568,
					"bits_per_second":	764488.95495214569,
					"retransmits":	0,
					"snd_cwnd":	17376,
					"rtt":	170282,
					"rttvar":	51389,
					"pmtu":	1500,
					"omitted":	false,
					"sender":	true
				}],
			"sum":	{
				"start":	0,
				"end":	1.000072,
				"seconds":	1.0000720024108887,
				"bytes":	95568,
				"bits_per_second":	764488.95495214569,
				"retransmits":	0,
				"omitted":	false,
				"sender":	true
			}
		}, {
			"streams":	[{
					"socket":	7,
					"start":	1.000072,
					"end":	2.000212,
					"seconds":	1.0001399517059326,
					"bytes":	60816,
					"bits_per_second":	486459.91910445347,
					"retransmits":	0,
					"snd_cwnd":	20272,
					"rtt":	247660,
					"rttvar":	21923,
					"pmtu":	1500,
					"omitted":	false,
					"sender":	true
				}],
			"sum":	{
				"start":	1.000072,
				"end":	2.000212,
				"seconds":	1.0001399517059326,
				"bytes":	60816,
				"bits_per_second":	486459.91910445347,
				"retransmits":	0,
				"omitted":	false,
				"sender":	true
			}
		}, {
			"streams":	[{
					"socket":	7,
					"start":	2.000212,
					"end":	3.006887,
					"seconds":	1.0066750049591064,
					"bytes":	0,
					"bits_per_second":	0,
					"retransmits":	0,
					"snd_cwnd":	20272,
					"rtt":	279374,
					"rttvar":	30278,
					"pmtu":	1500,
					"omitted":	false,
					"sender":	true
				}],
			"sum":	{
				"start":	2.000212,
				"end":	3.006887,
				"seconds":	1.0066750049591064,
				"bytes":	0,
				"bits_per_second":	0,
				"retransmits":	0,
				"omitted":	false,
				"sender":	true
			}
		}, {
			"streams":	[{
					"socket":	7,
					"start":	3.006887,
					"end":	4.001165,
					"seconds":	0.99427801370620728,
					"bytes":	0,
					"bits_per_second":	0,
					"retransmits":	0,
					"snd_cwnd":	20272,
					"rtt":	304666,
					"rttvar":	35376,
					"pmtu":	1500,
					"omitted":	false,
					"sender":	true
				}],
			"sum":	{
				"start":	3.006887,
				"end":	4.001165,
				"seconds":	0.99427801370620728,
				"bytes":	0,
				"bits_per_second":	0,
				"retransmits":	0,
				"omitted":	false,
				"sender":	true
			}
		}, {
			"streams":	[{
					"socket":	7,
					"start":	4.001165,
					"end":	5.000034,
					"seconds":	0.998869001865387,
					"bytes":	53576,
					"bits_per_second":	429093.30372608913,
					"retransmits":	0,
					"snd_cwnd":	20272,
					"rtt":	321643,
					"rttvar":	41394,
					"pmtu":	1500,
					"omitted":	false,
					"sender":	true
				}],
			"sum":	{
				"start":	4.001165,
				"end":	5.000034,
				"seconds":	0.998869001865387,
				"bytes":	53576,
				"bits_per_second":	429093.30372608913,
				"retransmits":	0,
				"omitted":	false,
				"sender":	true
			}
		}, {
			"streams":	[{
					"socket":	7,
					"start":	5.000034,
					"end":	6.01919,
					"seconds":	1.0191559791564941,
					"bytes":	0,
					"bits_per_second":	0,
					"retransmits":	0,
					"snd_cwnd":	20272,
					"rtt":	331256,
					"rttvar":	27551,
					"pmtu":	1500,
					"omitted":	false,
					"sender":	true
				}],
			"sum":	{
				"start":	5.000034,
				"end":	6.01919,
				"seconds":	1.0191559791564941,
				"bytes":	0,
				"bits_per_second":	0,
				"retransmits":	0,
				"omitted":	false,
				"sender":	true
			}
		}, {
			"streams":	[{
					"socket":	7,
					"start":	6.01919,
					"end":	7.000355,
					"seconds":	0.98116499185562134,
					"bytes":	0,
					"bits_per_second":	0,
					"retransmits":	0,
					"snd_cwnd":	20272,
					"rtt":	331839,
					"rttvar":	24841,
					"pmtu":	1500,
					"omitted":	false,
					"sender":	true
				}],
			"sum":	{
				"start":	6.01919,
				"end":	7.000355,
				"seconds":	0.98116499185562134,
				"bytes":	0,
				"bits_per_second":	0,
				"retransmits":	0,
				"omitted":	false,
				"sender":	true
			}
		}, {
			"streams":	[{
					"socket":	7,
					"start":	7.000355,
					"end":	8.00052,
					"seconds":	1.0001649856567383,
					"bytes":	81088,
					"bits_per_second":	648596.99079951446,
					"retransmits":	0,
					"snd_cwnd":	20272,
					"rtt":	311165,
					"rttvar":	17976,
					"pmtu":	1500,
					"omitted":	false,
					"sender":	true
				}],
			"sum":	{
				"start":	7.000355,
				"end":	8.00052,
				"seconds":	1.0001649856567383,
				"bytes":	81088,
				"bits_per_second":	648596.99079951446,
				"retransmits":	0,
				"omitted":	false,
				"sender":	true
			}
		}, {
			"streams":	[{
					"socket":	7,
					"start":	8.00052,
					"end":	9.000845,
					"seconds":	1.0003249645233154,
					"bytes":	0,
					"bits_per_second":	0,
					"retransmits":	0,
					"snd_cwnd":	20272,
					"rtt":	327052,
					"rttvar":	30339,
					"pmtu":	1500,
					"omitted":	false,
					"sender":	true
				}],
			"sum":	{
				"start":	8.00052,
				"end":	9.000845,
				"seconds":	1.0003249645233154,
				"bytes":	0,
				"bits_per_second":	0,
				"retransmits":	0,
				"omitted":	false,
				"sender":	true
			}
		}, {
			"streams":	[{
					"socket":	7,
					"start":	9.000845,
					"end":	10.000771,
					"seconds":	0.999925971031189,
					"bytes":	0,
					"bits_per_second":	0,
					"retransmits":	0,
					"snd_cwnd":	20272,
					"rtt":	318113,
					"rttvar":	23096,
					"pmtu":	1500,
					"omitted":	false,
					"sender":	true
				}],
			"sum":	{
				"start":	9.000845,
				"end":	10.000771,
				"seconds":	0.999925971031189,
				"bytes":	0,
				"bits_per_second":	0,
				"retransmits":	0,
				"omitted":	false,
				"sender":	true
			}
		}, {
			"streams":	[{
					"socket":	7,
					"start":	10.000771,
					"end":	11.001057,
					"seconds":	1.0002859830856323,
					"bytes":	0,
					"bits_per_second":	0,
					"retransmits":	1,
					"snd_cwnd":	20272,
					"rtt":	324755,
					"rttvar":	24765,
					"pmtu":	1500,
					"omitted":	false,
					"sender":	true
				}],
			"sum":	{
				"start":	10.000771,
				"end":	11.001057,
				"seconds":	1.0002859830856323,
				"bytes":	0,
				"bits_per_second":	0,
				"retransmits":	1,
				"omitted":	false,
				"sender":	true
			}
		}, {
			"streams":	[{
					"socket":	7,
					"start":	11.001057,
					"end":	12.002408,
					"seconds":	1.001350998878479,
					"bytes":	40544,
					"bits_per_second":	323914.39201965823,
					"retransmits":	0,
					"snd_cwnd":	20272,
					"rtt":	317177,
					"rttvar":	21263,
					"pmtu":	1500,
					"omitted":	false,
					"sender":	true
				}],
			"sum":	{
				"start":	11.001057,
				"end":	12.002408,
				"seconds":	1.001350998878479,
				"bytes":	40544,
				"bits_per_second":	323914.39201965823,
				"retransmits":	0,
				"omitted":	false,
				"sender":	true
			}
		}, {
			"streams":	[{
					"socket":	7,
					"start":	12.002408,
					"end":	13.000502,
					"seconds":	0.99809402227401733,
					"bytes":	0,
					"bits_per_second":	0,
					"retransmits":	0,
					"snd_cwnd":	20272,
					"rtt":	315754,
					"rttvar":	19979,
					"pmtu":	1500,
					"omitted":	false,
					"sender":	true
				}],
			"sum":	{
				"start":	12.002408,
				"end":	13.000502,
				"seconds":	0.99809402227401733,
				"bytes":	0,
				"bits_per_second":	0,
				"retransmits":	0,
				"omitted":	false,
				"sender":	true
			}
		}, {
			"streams":	[{
					"socket":	7,
					"start":	13.000502,
					"end":	14.001072,