{
	"start":	{
		"connected":	[{
				"socket":	7,
				"local_host":	"192.168.42.10",
				"local_port":	51674,
				"remote_host":	"192.168.42.1",
				"remote_port":	5209
			}],
		"version":	"iperf 3.7",
		"system_info":	"Linux rathan-VirtualBox 5.4.0-177-generic #197-Ubuntu SMP Thu Mar 28 22:45:47 UTC 2024 x86_64",
		"timestamp":	{
			"time":	"Wed, 06 Nov 2024 09:27:45 GMT",
			"timesecs":	1730885265
		},
		"connecting_to":	{
			"host":	"192.168.42.1",
			"port":	5209
		},
		"cookie":	"xrdn3gvqozl6tdx46c476kl5vhpmzza62eds",
		"tcp_mss_default":	1448,
		"sock_bufsize":	0,
		"sndbuf_actual":	87380,
		"rcvbuf_actual":	87380,
		"test_start":	{
			"protocol":	"TCP",
			"num_streams":	1,
			"blksize":	131072,
			"omit":	0,
			"duration":	30,
			"bytes":	0,
			"blocks":	0,
			"reverse":	0,
			"tos":	0
		}
	},
	"intervals":	[{
			"streams":	[{
					"socket":	7,
					"start":	0,
					"end":	1.000562,
					"seconds":	1.0005619525909424,
					"bytes":	253400,
					"bits_per_second":	2026061.4495190342,
					"retransmits":	0,
					"snd_cwnd":	34752,
					"rtt":	83748,
					"rttvar":	7372,
					"pmtu":	1500,
					"omitted":	false,
					"sender":	true
				}],
			"sum":	{
				"start":	0,
				"end":	1.000562,
				"seconds":	1.0005619525909424,
				"bytes":	253400,
				"bits_per_second":	2026061.4495190342,
				"retransmits":	0,
				"omitted":	false,
				"sender":	true
			}
		}, {
			"streams":	[{
					"socket":	7,
					"start":	1.000562,
					"end":	2.000387,
					"seconds":	0.99982500076293945,
					"bytes":	173760,
					"bits_per_second":	1390323.3055177331,
					"retransmits":	0,
					"snd_cwnd":	43440,
					"rtt":	112145,
					"rttvar":	13984,
					"pmtu":	1500,
					"omitted":	false,
					"sender":	true
				}],
			"sum":	{
				"start":	1.000562,
				"end":	2.000387,
				"seconds":	0.99982500076293945,
				"bytes":	173760,
				"bits_per_second":	1390323.3055177331,
				"retransmits":	0,
				"omitted":	false,
				"sender":	true
			}
		}, {
			"streams":	[{
					"socket":	7,
					"start":	2.000387,
					"end":	3.001071,
					"seconds":	1.0006840229034424,
					"bytes":	0,
					"bits_per_second":	0,
					"retransmits":	0,
					"snd_cwnd":	43440,
					"rtt":	213317,
					"rttvar":	44994,
					"pmtu":	1500,
					"omitted":	false,
					"sender":	true
				}],
			"sum":	{
				"start":	2.000387,
				"end":	3.001071,
				"seconds":	1.0006840229034424,
				"bytes":	0,
				"bits_per_second":	0,
				"retransmits":	0,
				"omitted":	false,
				"sender":	true
			}
		}, {
			"streams":	[{
					"socket":	7,
					"start":	3.001071,
					"end":	4.001023,
					"seconds":	0.99995201826095581,
					"bytes":	0,
					"bits_per_second":	0,
					"retransmits":	0,
					"snd_cwnd":	43440,
					"rtt":	251275,
					"rttvar":	38348,
					"pmtu":	1500,
					"omitted":	false,
					"sender":	true
				}],
			"sum":	{
				"start":	3.001071,
				"end":	4.001023,
				"seconds":	0.99995201826095581,
				"bytes":	0,
				"bits_per_second":	0,
				"retransmits":	0,
				"omitted":	false,
				"sender":	true
			}
		}, {
			"streams":	[{
					"socket":	7,
					"start":	4.001023,
					"end":	5.000251,
					"seconds":	0.99922800064086914,
					"bytes":	86880,
					"bits_per_second":	695576.98498663586,
					"retransmits":	0,
					"snd_cwnd":	43440,
					"rtt":	289917,
					"rttvar":	44303,
					"pmtu":	1500,
					"omitted":	false,
					"sender":	true
				}],
			"sum":	{
				"start":	4.001023,
				"end":	5.000251,
				"seconds":	0.99922800064086914,
				"bytes":	86880,
				"bits_per_second":	695576.98498663586,
				"retransmits":	0,
				"omitted":	false,
				"sender":	true
			}
		}, {
			"streams":	[{
					"socket":	7,
					"start":	5.000251,
					"end":	6.006064,
					"seconds":	1.0058130025863647,
					"bytes":	0,
					"bits_per_second":	0,
					"retransmits":	0,
					"snd_cwnd":	43440,
					"rtt":	311009,
					"rttvar":	27151,
					"pmtu":	1500,
					"omitted":	false,
					"sender":	true
				}],
			"sum":	{
				"start":	5.000251,
				"end":	6.006064,
				"seconds":	1.0058130025863647,
				"bytes":	0,
				"bits_per_second":	0,
				"retransmits":	0,
				"omitted":	false,
				"sender":	true
			}
		}, {
			"streams":	[{
					"socket":	7,
					"start":	6.006064,
					"end":	7.000978,
					"seconds":	0.99491399526596069,
					"bytes":	0,
					"bits_per_second":	0,
					"retransmits":	0,
					"snd_cwnd":	43440,
					"rtt":	317661,
					"rttvar":	32556,
					"pmtu":	1500,
					"omitted":	false,
					"sender":	true
				}],
			"sum":	{
				"start":	6.006064,
				"end":	7.000978,
				"seconds":	0.99491399526596069,
				"bytes":	0,
				"bits_per_second":	0,
				"retransmits":	0,
				"omitted":	false,
				"sender":	true
			}
		}, {
			"streams":	[{
					"socket":	7,
					"start":	7.000978,
					"end":	8.001254,
					"seconds":	1.00027596950531,
					"bytes":	0,
					"bits_per_second":	0,
					"retransmits":	0,
					"snd_cwnd":	43440,
					"rtt":	314751,
					"rttvar":	27067,
					"pmtu":	1500,
					"omitted":	false,
					"sender":	true
				}],
			"sum":	{
				"start":	7.000978,
				"end":	8.001254,
				"seconds":	1.00027596950531,
				"bytes":	0,
				"bits_per_second":	0,
				"retransmits":	0,
				"omitted":	false,
				"sender":	true
			}
		}, {
			"streams":	[{
					"socket":	7,
					"start":	8.001254,
					"end":	9.001846,
					"seconds":	1.0005919933319092,
					"bytes":	0,
					"bits_per_second":	0,
					"retransmits":	0,
					"snd_cwnd":	43440,
					"rtt":	315923,
					"rttvar":	18443,
					"pmtu":	1500,
					"omitted":	false,
					"sender":	true
				}],
			"sum":	{
				"start":	8.001254,
				"end":	9.001846,
				"seconds":	1.0005919933319092,
				"bytes":	0,
				"bits_per_second":	0,
				"retransmits":	0,
				"omitted":	false,
				"sender":	true
			}
		}, {
			"streams":	[{
					"socket":	7,
					"start":	9.001846,
					"end":	10.000593,
					"seconds":	0.99874699115753174,
					"bytes":	0,
					"bits_per_second":	0,
					"retransmits":	1,
					"snd_cwnd":	43440,
					"rtt":	353817,
					"rttvar":	77414,
					"pmtu":	1500,
					"omitted":	false,
					"sender":	true
				}],
			"sum":	{
				"start":	9.001846,
				"end":	10.000593,
				"seconds":	0.99874699115753174,
				"bytes":	0,
				"bits_per_second":	0,
				"retransmits":	1,
				"omitted":	false,
				"sender":	true
			}
		}, {
			"streams":	[{
					"socket":	7,
					"start":	10.000593,
					"end":	11.00111,
					"seconds":	1.0005170106887817,
					"bytes":	86880,
					"bits_per_second":	694680.84257909469,
					"retransmits":	0,
					"snd_cwnd":	43440,
					"rtt":	339226,
					"rttvar":	29410,
					"pmtu":	1500,
					"omitted":	false,
					"sender":	true
				}],
			"sum":	{
				"start":	10.000593,
				"end":	11.00111,
				"seconds":	1.0005170106887817,
				"bytes":	86880,
				"bits_per_second":	694680.84257909469,
				"retransmits":	0,
				"omitted":	false,
				"sender":	true
			}
		}, {
			"streams":	[{
					"socket":	7,
					"start":	11.00111,
					"end":	12.000791,
					"seconds":	0.99968099594116211,
					"bytes":	0,
					"bits_per_second":	0,
					"retransmits":	0,
					"snd_cwnd":	43440,
					"rtt":	330942,
					"rttvar":	37366,
					"pmtu":	1500,
					"omitted":	false,
					"sender":	true
				}],
			"sum":	{
				"start":	11.00111,
				"end":	12.000791,
				"seconds":	0.99968099594116211,
				"bytes":	0,
				"bits_per_second":	0,
				"retransmits":	0,
				"omitted":	false,
				"sender":	true
			}
		}, {
			"streams":	[{
					"socket":	7,
					"start":	12.000791,
					"end":	13.001885,
					"seconds":	1.0010939836502075,
					"bytes":	0,
					"bits_per_second":	0,
					"retransmits":	0,
					"snd_cwnd":	43440,
					"rtt":	325551,
					"rttvar":	30991,
					"pmtu":	1500,
					"omitted":	false,
					"sender":	true
				}],
			"sum":	{
				"start":	12.000791,
				"end":	13.001885,
				"seconds":	1.0010939836502075,
				"bytes":	0,
				"bits_per_second":	0,
				"retransmits":	0,
				"omitted":	false,
				"sender":	true
			}
		}, {
			"streams":	[{
					"socket":	7,
					"start":	13.001885,
					"end":	14.001326,
					"seconds":	0.99944102764129639,