{
	"start":	{
		"connected":	[{
				"socket":	7,
				"local_host":	"192.168.42.11",
				"local_port":	53742,
				"remote_host":	"192.168.42.1",
				"remote_port":	5210
			}],
		"version":	"iperf 3.7",
		"system_info":	"Linux rathan-VirtualBox 5.4.0-177-generic #197-Ubuntu SMP Thu Mar 28 22:45:47 UTC 2024 x86_64",
		"timestamp":	{
			"time":	"Wed, 06 Nov 2024 09:05:19 GMT",
			"timesecs":	1730883919
		},
		"connecting_to":	{
			"host":	"192.168.42.1",
			"port":	5210
		},
		"cookie":	"wshmo2dlpjiyvnvme7ynm4acood6lfhlubk4",
		"tcp_mss_default":	1448,
		"sock_bufsize":	0,
		"sndbuf_actual":	87380,
		"rcvbuf_actual":	87380,
		"test_start":	{
			"protocol":	"TCP",
			"num_streams":	1,
			"blksize":	131072,
			"omit":	0,
			"duration":	30,
			"bytes":	0,
			"blocks":	0,
			"reverse":	0,
			"tos":	0
		}
	},
	"intervals":	[{
			"streams":	[{
					"socket":	7,
					"start":	0,
					"end":	1.00017,
					"seconds":	1.0001699924468994,
					"bytes":	159280,
					"bits_per_second":	1274023.4256404683,
					"retransmits":	3,
					"snd_cwnd":	10136,
					"rtt":	50469,
					"rttvar":	9942,
					"pmtu":	1500,
					"omitted":	false,
					"sender":	true
				}],
			"sum":	{
				"start":	0,
				"end":	1.00017,
				"seconds":	1.0001699924468994,
				"bytes":	159280,
				"bits_per_second":	1274023.4256404683,
				"retransmits":	3,
				"omitted":	false,
				"sender":	true
			}
		}, {
			"streams":	[{
					"socket":	7,
					"start":	1.00017,
					"end":	2.00364,
					"seconds":	1.0034699440002441,
					"bytes":	105704,
					"bits_per_second":	842707.85094864212,
					"retransmits":	1,
					"snd_cwnd":	10136,
					"rtt":	71094,
					"rttvar":	32472,
					"pmtu":	1500,
					"omitted":	false,
					"sender":	true
				}],
			"sum":	{
				"start":	1.00017,
				"end":	2.00364,
				"seconds":	1.0034699440002441,
				"bytes":	105704,
				"bits_per_second":	842707.85094864212,
				"retransmits":	1,
				"omitted":	false,
				"sender":	true
			}
		}, {
			"streams":	[{
					"socket":	7,
					"start":	2.00364,
					"end":	3.000135,
					"seconds":	0.99649500846862793,
					"bytes":	98464,
					"bits_per_second":	790482.63494116545,
					"retransmits":	4,
					"snd_cwnd":	8688,
					"rtt":	44072,
					"rttvar":	15813,
					"pmtu":	1500,
					"omitted":	false,
					"sender":	true
				}],
			"sum":	{
				"start":	2.00364,
				"end":	3.000135,
				"seconds":	0.99649500846862793,
				"bytes":	98464,
				"bits_per_second":	790482.63494116545,
				"retransmits":	4,
				"omitted":	false,
				"sender":	true
			}
		}, {
			"streams":	[{
					"socket":	7,
					"start":	3.000135,
					"end":	4.000098,
					"seconds":	0.99996298551559448,
					"bytes":	49232,
					"bits_per_second":	393870.57891640108,
					"retransmits":	3,
					"snd_cwnd":	5792,
					"rtt":	123618,
					"rttvar":	77795,
					"pmtu":	1500,
					"omitted":	false,
					"sender":	true
				}],
			"sum":	{
				"start":	3.000135,
				"end":	4.000098,
				"seconds":	0.99996298551559448,
				"bytes":	49232,
				"bits_per_second":	393870.57891640108,
				"retransmits":	3,
				"omitted":	false,
				"sender":	true
			}
		}, {
			"streams":	[{
					"socket":	7,
					"start":	4.000098,
					"end":	5.002642,
					"seconds":	1.0025440454483032,
					"bytes":	147696,
					"bits_per_second":	1178569.6652077201,
					"retransmits":	0,
					"snd_cwnd":	13032,
					"rtt":	68476,
					"rttvar":	28593,
					"pmtu":	1500,
					"omitted":	false,
					"sender":	true
				}],
			"sum":	{
				"start":	4.000098,
				"end":	5.002642,
				"seconds":	1.0025440454483032,
				"bytes":	147696,
				"bits_per_second":	1178569.6652077201,
				"retransmits":	0,
				"omitted":	false,
				"sender":	true
			}
		}, {
			"streams":	[{
					"socket":	7,
					"start":	5.002642,
					"end":	6.001973,
					"seconds":	0.999330997467041,
					"bytes":	49232,
					"bits_per_second":	394119.6670555491,
					"retransmits":	1,
					"snd_cwnd":	8688,
					"rtt":	92601,
					"rttvar":	76283,
					"pmtu":	1500,
					"omitted":	false,
					"sender":	true
				}],
			"sum":	{
				"start":	5.002642,
				"end":	6.001973,
				"seconds":	0.999330997467041,
				"bytes":	49232,
				"bits_per_second":	394119.6670555491,
				"retransmits":	1,
				"omitted":	false,
				"sender":	true
			}
		}, {
			"streams":	[{
					"socket":	7,
					"start":	6.001973,
					"end":	7.001008,
					"seconds":	0.99903500080108643,
					"bytes":	98464,
					"bits_per_second":	788472.87569340924,
					"retransmits":	1,
					"snd_cwnd":	11584,
					"rtt":	46067,
					"rttvar":	10766,
					"pmtu":	1500,
					"omitted":	false,
					"sender":	true
				}],
			"sum":	{
				"start":	6.001973,
				"end":	7.001008,
				"seconds":	0.99903500080108643,
				"bytes":	98464,
				"bits_per_second":	788472.87569340924,
				"retransmits":	1,
				"omitted":	false,
				"sender":	true
			}
		}, {
			"streams":	[{
					"socket":	7,
					"start":	7.001008,
					"end":	8.000114,
					"seconds":	0.99910598993301392,
					"bytes":	147696,
					"bits_per_second":	1182625.2789048131,
					"retransmits":	1,
					"snd_cwnd":	11584,
					"rtt":	55007,
					"rttvar":	19393,
					"pmtu":	1500,
					"omitted":	false,
					"sender":	true
				}],
			"sum":	{
				"start":	7.001008,
				"end":	8.000114,
				"seconds":	0.99910598993301392,
				"bytes":	147696,
				"bits_per_second":	1182625.2789048131,
				"retransmits":	1,
				"omitted":	false,
				"sender":	true
			}
		}, {
			"streams":	[{
					"socket":	7,
					"start":	8.000114,
					"end":	9.001186,
					"seconds":	1.0010720491409302,
					"bytes":	49232,
					"bits_per_second":	393434.219183312,
					"retransmits":	2,
					"snd_cwnd":	7240,
					"rtt":	63063,
					"rttvar":	28593,
					"pmtu":	1500,
					"omitted":	false,
					"sender":	true
				}],
			"sum":	{
				"start":	8.000114,
				"end":	9.001186,
				"seconds":	1.0010720491409302,
				"bytes":	49232,
				"bits_per_second":	393434.219183312,
				"retransmits":	2,
				"omitted":	false,
				"sender":	true
			}
		}, {
			"streams":	[{
					"socket":	7,
					"start":	9.001186,
					"end":	10.001544,
					"seconds":	1.000357985496521,
					"bytes":	98464,
					"bits_per_second":	787430.11144058034,
					"retransmits":	1,
					"snd_cwnd":	11584,
					"rtt":	74052,
					"rttvar":	41371,
					"pmtu":	1500,
					"omitted":	false,
					"sender":	true
				}],
			"sum":	{
				"start":	9.001186,
				"end":	10.001544,
				"seconds":	1.000357985496521,
				"bytes":	98464,
				"bits_per_second":	787430.11144058034,
				"retransmits":	1,
				"omitted":	false,
				"sender":	true
			}
		}, {
			"streams":	[{
					"socket":	7,
					"start":	10.001544,
					"end":	11.001542,
					"seconds":	0.99999797344207764,
					"bytes":	98464,
					"bits_per_second":	787713.59634722921,
					"retransmits":	1,
					"snd_cwnd":	11584,
					"rtt":	53787,
					"rttvar":	13796,
					"pmtu":	1500,
					"omitted":	false,
					"sender":	true
				}],
			"sum":	{
				"start":	10.001544,
				"end":	11.001542,
				"seconds":	0.99999797344207764,
				"bytes":	98464,
				"bits_per_second":	787713.59634722921,
				"retransmits":	1,
				"omitted":	false,
				"sender":	true
			}
		}, {
			"streams":	[{
					"socket":	7,
					"start":	11.001542,
					"end":	12.002627,
					"seconds":	1.0010850429534912,
					"bytes":	49232,
					"bits_per_second":	393429.11251376866,
					"retransmits":	3,
					"snd_cwnd":	10136,
					"rtt":	64531,
					"rttvar":	19875,
					"pmtu":	1500,
					"omitted":	false,
					"sender":	true
				}],
			"sum":	{
				"start":	11.001542,
				"end":	12.002627,
				"seconds":	1.0010850429534912,
				"bytes":	49232,
				"bits_per_second":	393429.11251376866,
				"retransmits":	3,
				"omitted":	false,
				"sender":	true
			}
		}, {
			"streams":	[{
					"socket":	7,
					"start":	12.002627,
					"end":	13.006544,
					"seconds":	1.0039169788360596,
					"bytes":	98464,
					"bits_per_second":	784638.5872597479,
					"retransmits":	1,
					"snd_cwnd":	11584,
					"rtt":	74317,
					"rttvar":	21029,
					"pmtu":	1500,
					"omitted":	false,
					"sender":	true
				}],