{
	"start":	{
		"connected":	[{
				"socket":	7,
				"local_host":	"192.168.42.2",
				"local_port":	35428,
				"remote_host":	"192.168.42.1",
				"remote_port":	5201
			}],
		"version":	"iperf 3.7",
		"system_info":	"Linux rathan-VirtualBox 5.4.0-177-generic #197-Ubuntu SMP Thu Mar 28 22:45:47 UTC 2024 x86_64",
		"timestamp":	{
			"time":	"Wed, 06 Nov 2024 09:27:46 GMT",
			"timesecs":	1730885266
		},
		"connecting_to":	{
			"host":	"192.168.42.1",
			"port":	5201
		},
		"cookie":	"i2eafi4dkl6u5v6cdhqvn3xlknzqhdjukpvn",
		"tcp_mss_default":	1448,
		"sock_bufsize":	0,
		"sndbuf_actual":	87380,
		"rcvbuf_actual":	87380,
		"test_start":	{
			"protocol":	"TCP",
			"num_streams":	1,
			"blksize":	131072,
			"omit":	0,
			"duration":	30,
			"bytes":	0,
			"blocks":	0,
			"reverse":	0,
			"tos":	0
		}
	},
	"intervals":	[{
			"streams":	[{
					"socket":	7,
					"start":	0,
					"end":	2.3260680000000002,
					"seconds":	2.3260679244995117,
					"bytes":	95568,
					"bits_per_second":	328685.156588668,
					"retransmits":	0,
					"snd_cwnd":	14480,
					"rtt":	65612,
					"rttvar":	31643,
					"pmtu":	1500,
					"omitted":	false,
					"sender":	true
				}],
			"sum":	{
				"start":	0,
				"end":	2.3260680000000002,
				"seconds":	2.3260679244995117,
				"bytes":	95568,
				"bits_per_second":	328685.156588668,
				"retransmits":	0,
				"omitted":	false,
				"sender":	true
			}
		}, {
			"streams":	[{
					"socket":	7,
					"start":	2.326083,
					"end":	3.000093,
					"seconds":	0.67400997877120972,
					"bytes":	0,
					"bits_per_second":	0,
					"retransmits":	1,
					"snd_cwnd":	20272,
					"rtt":	225890,
					"rttvar":	152161,
					"pmtu":	1500,
					"omitted":	false,
					"sender":	true
				}],
			"sum":	{
				"start":	2.326083,
				"end":	3.000093,
				"seconds":	0.67400997877120972,
				"bytes":	0,
				"bits_per_second":	0,
				"retransmits":	1,
				"omitted":	false,
				"sender":	true
			}
		}, {
			"streams":	[{
					"socket":	7,
					"start":	3.000093,
					"end":	4.000293,
					"seconds":	1.0002000331878662,
					"bytes":	43440,
					"bits_per_second":	347450.49836918549,
					"retransmits":	0,
					"snd_cwnd":	20272,
					"rtt":	310314,
					"rttvar":	71254,
					"pmtu":	1500,
					"omitted":	false,
					"sender":	true
				}],
			"sum":	{
				"start":	3.000093,
				"end":	4.000293,
				"seconds":	1.0002000331878662,
				"bytes":	43440,
				"bits_per_second":	347450.49836918549,
				"retransmits":	0,
				"omitted":	false,
				"sender":	true
			}
		}, {
			"streams":	[{
					"socket":	7,
					"start":	4.000293,
					"end":	5.001385,
					"seconds":	1.0010919570922852,
					"bytes":	53576,
					"bits_per_second":	428140.48895658943,
					"retransmits":	0,
					"snd_cwnd":	26064,
					"rtt":	315902,
					"rttvar":	31108,
					"pmtu":	1500,
					"omitted":	false,
					"sender":	true
				}],
			"sum":	{
				"start":	4.000293,
				"end":	5.001385,
				"seconds":	1.0010919570922852,
				"bytes":	53576,
				"bits_per_second":	428140.48895658943,
				"retransmits":	0,
				"omitted":	false,
				"sender":	true
			}
		}, {
			"streams":	[{
					"socket":	7,
					"start":	5.001385,
					"end":	6.000589,
					"seconds":	0.99920397996902466,
					"bytes":	0,
					"bits_per_second":	0,
					"retransmits":	0,
					"snd_cwnd":	26064,
					"rtt":	316029,
					"rttvar":	23959,
					"pmtu":	1500,
					"omitted":	false,
					"sender":	true
				}],
			"sum":	{
				"start":	5.001385,
				"end":	6.000589,
				"seconds":	0.99920397996902466,
				"bytes":	0,
				"bits_per_second":	0,
				"retransmits":	0,
				"omitted":	false,
				"sender":	true
			}
		}, {
			"streams":	[{
					"socket":	7,
					"start":	6.000589,
					"end":	7.000433,
					"seconds":	0.9998440146446228,
					"bytes":	0,
					"bits_per_second":	0,
					"retransmits":	0,
					"snd_cwnd":	26064,
					"rtt":	318945,
					"rttvar":	26037,
					"pmtu":	1500,
					"omitted":	false,
					"sender":	true
				}],
			"sum":	{
				"start":	6.000589,
				"end":	7.000433,
				"seconds":	0.9998440146446228,
				"bytes":	0,
				"bits_per_second":	0,
				"retransmits":	0,
				"omitted":	false,
				"sender":	true
			}
		}, {
			"streams":	[{
					"socket":	7,
					"start":	7.000433,
					"end":	8.000045,
					"seconds":	0.99961197376251221,
					"bytes":	92672,
					"bits_per_second":	741663.78500797763,
					"retransmits":	0,
					"snd_cwnd":	26064,
					"rtt":	321962,
					"rttvar":	27362,
					"pmtu":	1500,
					"omitted":	false,
					"sender":	true
				}],
			"sum":	{
				"start":	7.000433,
				"end":	8.000045,
				"seconds":	0.99961197376251221,
				"bytes":	92672,
				"bits_per_second":	741663.78500797763,
				"retransmits":	0,
				"omitted":	false,
				"sender":	true
			}
		}, {
			"streams":	[{
					"socket":	7,
					"start":	8.000045,
					"end":	9.001014,
					"seconds":	1.0009690523147583,
					"bytes":	0,
					"bits_per_second":	0,
					"retransmits":	0,
					"snd_cwnd":	26064,
					"rtt":	345762,
					"rttvar":	43357,
					"pmtu":	1500,
					"omitted":	false,
					"sender":	true
				}],
			"sum":	{
				"start":	8.000045,
				"end":	9.001014,
				"seconds":	1.0009690523147583,
				"bytes":	0,
				"bits_per_second":	0,
				"retransmits":	0,
				"omitted":	false,
				"sender":	true
			}
		}, {
			"streams":	[{
					"socket":	7,
					"start":	9.001014,
					"end":	10.000368,
					"seconds":	0.99935400485992432,
					"bytes":	0,
					"bits_per_second":	0,
					"retransmits":	0,
					"snd_cwnd":	26064,
					"rtt":	327107,
					"rttvar":	26483,
					"pmtu":	1500,
					"omitted":	false,
					"sender":	true
				}],
			"sum":	{
				"start":	9.001014,
				"end":	10.000368,
				"seconds":	0.99935400485992432,
				"bytes":	0,
				"bits_per_second":	0,
				"retransmits":	0,
				"omitted":	false,
				"sender":	true
			}
		}, {
			"streams":	[{
					"socket":	7,
					"start":	10.000368,
					"end":	11.000655,
					"seconds":	1.0002870559692383,
					"bytes":	0,
					"bits_per_second":	0,
					"retransmits":	0,
					"snd_cwnd":	26064,
					"rtt":	322990,
					"rttvar":	25720,
					"pmtu":	1500,
					"omitted":	false,
					"sender":	true
				}],
			"sum":	{
				"start":	10.000368,
				"end":	11.000655,
				"seconds":	1.0002870559692383,
				"bytes":	0,
				"bits_per_second":	0,
				"retransmits":	0,
				"omitted":	false,
				"sender":	true
			}
		}, {
			"streams":	[{
					"socket":	7,
					"start":	11.000655,
					"end":	12.000438,
					"seconds":	0.9997829794883728,
					"bytes":	0,
					"bits_per_second":	0,
					"retransmits":	0,
					"snd_cwnd":	26064,
					"rtt":	317690,
					"rttvar":	15559,
					"pmtu":	1500,
					"omitted":	false,
					"sender":	true
				}],
			"sum":	{
				"start":	11.000655,
				"end":	12.000438,
				"seconds":	0.9997829794883728,
				"bytes":	0,
				"bits_per_second":	0,
				"retransmits":	0,
				"omitted":	false,
				"sender":	true
			}
		}, {
			"streams":	[{
					"socket":	7,
					"start":	12.000438,
					"end":	13.002912,
					"seconds":	1.0024739503860474,
					"bytes":	65160,
					"bits_per_second":	519993.56172722281,
					"retransmits":	0,
					"snd_cwnd":	26064,
					"rtt":	313031,
					"rttvar":	17179,
					"pmtu":	1500,
					"omitted":	false,
					"sender":	true
				}],
			"sum":	{
				"start":	12.000438,
				"end":	13.002912,
				"seconds":	1.0024739503860474,
				"bytes":	65160,
				"bits_per_second":	519993.56172722281,
				"retransmits":	0,
				"omitted":	false,
				"sender":	true
			}
		}, {
			"streams":	[{
					"socket":	7,
					"start":	13.002912,
					"end":	14.000295,
					"seconds":	0.9973829984664917,
					"bytes":	0,
					"bits_per_second":	0,
					"retransmits":	0,
					"snd_cwnd":	26064,
					"rtt":	311862,
					"rttvar":	18023,
					"pmtu":	1500,
					"omitted":	false,
					"sender":	true
				}],
			"sum":	{
				"start":	13.002912,
				"end":	14.000295,
				"seconds":	0.9973829984664917,
				"bytes":	0,
				"bits_per_second":	0,
				"retransmits":	0,
				"omitted":	false,
				"sender":	true
			}
		}, {
			"streams":	[{
					"socket":	7,
					"start":	14.000295,