{
	"start":	{
		"connected":	[{
				"socket":	7,
				"local_host":	"192.168.42.4",
				"local_port":	38128,
				"remote_host":	"192.168.42.1",
				"remote_port":	5203
			}],
		"version":	"iperf 3.7",
		"system_info":	"Linux rathan-VirtualBox 5.4.0-177-generic #197-Ubuntu SMP Thu Mar 28 22:45:47 UTC 2024 x86_64",
		"timestamp":	{
			"time":	"Wed, 06 Nov 2024 09:05:18 GMT",
			"timesecs":	1730883918
		},
		"connecting_to":	{
			"host":	"192.168.42.1",
			"port":	5203
		},
		"cookie":	"y4fv5jxvaub6j6oxm2vlmflpj7ffrpwznar6",
		"tcp_mss_default":	1448,
		"sock_bufsize":	0,
		"sndbuf_actual":	87380,
		"rcvbuf_actual":	87380,
		"test_start":	{
			"protocol":	"TCP",
			"num_streams":	1,
			"blksize":	131072,
			"omit":	0,
			"duration":	30,
			"bytes":	0,
			"blocks":	0,
			"reverse":	0,
			"tos":	0
		}
	},
	"intervals":	[{
			"streams":	[{
					"socket":	7,
					"start":	0,
					"end":	1.001371,
					"seconds":	1.0013710260391235,
					"bytes":	605264,
					"bits_per_second":	4835482.4276799262,
					"retransmits":	7,
					"snd_cwnd":	23168,
					"rtt":	53506,
					"rttvar":	39455,
					"pmtu":	1500,
					"omitted":	false,
					"sender":	true
				}],
			"sum":	{
				"start":	0,
				"end":	1.001371,
				"seconds":	1.0013710260391235,
				"bytes":	605264,
				"bits_per_second":	4835482.4276799262,
				"retransmits":	7,
				"omitted":	false,
				"sender":	true
			}
		}, {
			"streams":	[{
					"socket":	7,
					"start":	1.001371,
					"end":	2.000068,
					"seconds":	0.99869698286056519,
					"bytes":	0,
					"bits_per_second":	0,
					"retransmits":	11,
					"snd_cwnd":	15928,
					"rtt":	56839,
					"rttvar":	8156,
					"pmtu":	1500,
					"omitted":	false,
					"sender":	true
				}],
			"sum":	{
				"start":	1.001371,
				"end":	2.000068,
				"seconds":	0.99869698286056519,
				"bytes":	0,
				"bits_per_second":	0,
				"retransmits":	11,
				"omitted":	false,
				"sender":	true
			}
		}, {
			"streams":	[{
					"socket":	7,
					"start":	2.000068,
					"end":	3.000098,
					"seconds":	1.0000300407409668,
					"bytes":	260640,
					"bits_per_second":	2085057.3633318471,
					"retransmits":	0,
					"snd_cwnd":	21720,
					"rtt":	43927,
					"rttvar":	13209,
					"pmtu":	1500,
					"omitted":	false,
					"sender":	true
				}],
			"sum":	{
				"start":	2.000068,
				"end":	3.000098,
				"seconds":	1.0000300407409668,
				"bytes":	260640,
				"bits_per_second":	2085057.3633318471,
				"retransmits":	0,
				"omitted":	false,
				"sender":	true
			}
		}, {
			"streams":	[{
					"socket":	7,
					"start":	3.000098,
					"end":	4.001206,
					"seconds":	1.0011080503463745,
					"bytes":	260640,
					"bits_per_second":	2082812.1392876294,
					"retransmits":	1,
					"snd_cwnd":	18824,
					"rtt":	42339,
					"rttvar":	20571,
					"pmtu":	1500,
					"omitted":	false,
					"sender":	true
				}],
			"sum":	{
				"start":	3.000098,
				"end":	4.001206,
				"seconds":	1.0011080503463745,
				"bytes":	260640,
				"bits_per_second":	2082812.1392876294,
				"retransmits":	1,
				"omitted":	false,
				"sender":	true
			}
		}, {
			"streams":	[{
					"socket":	7,
					"start":	4.001206,
					"end":	5.000566,
					"seconds":	0.99936002492904663,
					"bytes":	130320,
					"bits_per_second":	1043227.6396827265,
					"retransmits":	0,
					"snd_cwnd":	20272,
					"rtt":	46298,
					"rttvar":	33747,
					"pmtu":	1500,
					"omitted":	false,
					"sender":	true
				}],
			"sum":	{
				"start":	4.001206,
				"end":	5.000566,
				"seconds":	0.99936002492904663,
				"bytes":	130320,
				"bits_per_second":	1043227.6396827265,
				"retransmits":	0,
				"omitted":	false,
				"sender":	true
			}
		}, {
			"streams":	[{
					"socket":	7,
					"start":	5.000566,
					"end":	6.000755,
					"seconds":	1.000188946723938,
					"bytes":	260640,
					"bits_per_second":	2084726.0978335063,
					"retransmits":	2,
					"snd_cwnd":	15928,
					"rtt":	41744,
					"rttvar":	9689,
					"pmtu":	1500,
					"omitted":	false,
					"sender":	true
				}],
			"sum":	{
				"start":	5.000566,
				"end":	6.000755,
				"seconds":	1.000188946723938,
				"bytes":	260640,
				"bits_per_second":	2084726.0978335063,
				"retransmits":	2,
				"omitted":	false,
				"sender":	true
			}
		}, {
			"streams":	[{
					"socket":	7,
					"start":	6.000755,
					"end":	7.000112,
					"seconds":	0.99935698509216309,
					"bytes":	130320,
					"bits_per_second":	1043230.8129650514,
					"retransmits":	0,
					"snd_cwnd":	20272,
					"rtt":	31784,
					"rttvar":	16190,
					"pmtu":	1500,
					"omitted":	false,
					"sender":	true
				}],
			"sum":	{
				"start":	6.000755,
				"end":	7.000112,
				"seconds":	0.99935698509216309,
				"bytes":	130320,
				"bits_per_second":	1043230.8129650514,
				"retransmits":	0,
				"omitted":	false,
				"sender":	true
			}
		}, {
			"streams":	[{
					"socket":	7,
					"start":	7.000112,
					"end":	8.000675,
					"seconds":	1.0005630254745483,
					"bytes":	260640,
					"bits_per_second":	2083946.6849287846,
					"retransmits":	0,
					"snd_cwnd":	23168,
					"rtt":	49993,
					"rttvar":	11111,
					"pmtu":	1500,
					"omitted":	false,
					"sender":	true
				}],
			"sum":	{
				"start":	7.000112,
				"end":	8.000675,
				"seconds":	1.0005630254745483,
				"bytes":	260640,
				"bits_per_second":	2083946.6849287846,
				"retransmits":	0,
				"omitted":	false,
				"sender":	true
			}
		}, {
			"streams":	[{
					"socket":	7,
					"start":	8.000675,
					"end":	9.00108,
					"seconds":	1.000404953956604,
					"bytes":	0,
					"bits_per_second":	0,
					"retransmits":	12,
					"snd_cwnd":	17376,
					"rtt":	50638,
					"rttvar":	12338,
					"pmtu":	1500,
					"omitted":	false,
					"sender":	true
				}],
			"sum":	{
				"start":	8.000675,
				"end":	9.00108,
				"seconds":	1.000404953956604,
				"bytes":	0,
				"bits_per_second":	0,
				"retransmits":	12,
				"omitted":	false,
				"sender":	true
			}
		}, {
			"streams":	[{
					"socket":	7,
					"start":	9.00108,
					"end":	10.000144,
					"seconds":	0.999064028263092,
					"bytes":	260640,
					"bits_per_second":	2087073.4417543332,
					"retransmits":	0,
					"snd_cwnd":	17376,
					"rtt":	37647,
					"rttvar":	17544,
					"pmtu":	1500,
					"omitted":	false,
					"sender":	true
				}],
			"sum":	{
				"start":	9.00108,
				"end":	10.000144,
				"seconds":	0.999064028263092,
				"bytes":	260640,
				"bits_per_second":	2087073.4417543332,
				"retransmits":	0,
				"omitted":	false,
				"sender":	true
			}
		}, {
			"streams":	[{
					"socket":	7,
					"start":	10.000144,
					"end":	11.00018,
					"seconds":	1.0000360012054443,
					"bytes":	130320,
					"bits_per_second":	1042522.4679344515,
					"retransmits":	0,
					"snd_cwnd":	20272,
					"rtt":	31184,
					"rttvar":	12575,
					"pmtu":	1500,
					"omitted":	false,
					"sender":	true
				}],
			"sum":	{
				"start":	10.000144,
				"end":	11.00018,
				"seconds":	1.0000360012054443,
				"bytes":	130320,
				"bits_per_second":	1042522.4679344515,
				"retransmits":	0,
				"omitted":	false,
				"sender":	true
			}
		}, {
			"streams":	[{
					"socket":	7,
					"start":	11.00018,
					"end":	12.002997,
					"seconds":	1.0028170347213745,
					"bytes":	130320,
					"bits_per_second":	1039631.3224671815,
					"retransmits":	0,
					"snd_cwnd":	21720,
					"rtt":	67112,
					"rttvar":	15474,
					"pmtu":	1500,
					"omitted":	false,
					"sender":	true
				}],
			"sum":	{
				"start":	11.00018,
				"end":	12.002997,
				"seconds":	1.0028170347213745,
				"bytes":	130320,
				"bits_per_second":	1039631.3224671815,
				"retransmits":	0,
				"omitted":	false,
				"sender":	true
			}
		}, {
			"streams":	[{
					"socket":	7,
					"start":	12.002997,
					"end":	13.00151,
					"seconds":	0.99851298332214355,
					"bytes":	130320,
					"bits_per_second":	1044112.6128688963,
					"retransmits":	0,
					"snd_cwnd":	26064,
					"rtt":	65364,
					"rttvar":	26425,
					"pmtu":	1500,
					"omitted":	false,
					"sender":	true
				}],
			"sum":	{
				"start":	12.002997,
				"end":	13.00151,