{
	"start":	{
		"connected":	[{
				"socket":	7,
				"local_host":	"192.168.42.9",
				"local_port":	55734,
				"remote_host":	"192.168.42.1",
				"remote_port":	5208
			}],
		"version":	"iperf 3.7",
		"system_info":	"Linux rathan-VirtualBox 5.4.0-177-generic #197-Ubuntu SMP Thu Mar 28 22:45:47 UTC 2024 x86_64",
		"timestamp":	{
			"time":	"Wed, 06 Nov 2024 09:05:17 GMT",
			"timesecs":	1730883917
		},
		"connecting_to":	{
			"host":	"192.168.42.1",
			"port":	5208
		},
		"cookie":	"lsr6cloydt5ucxndk5htizlpefcfswfjyhl3",
		"tcp_mss_default":	1448,
		"sock_bufsize":	0,
		"sndbuf_actual":	87380,
		"rcvbuf_actual":	87380,
		"test_start":	{
			"protocol":	"TCP",
			"num_streams":	1,
			"blksize":	131072,
			"omit":	0,
			"duration":	30,
			"bytes":	0,
			"blocks":	0,
			"reverse":	0,
			"tos":	0
		}
	},
	"intervals":	[{
			"streams":	[{
					"socket":	7,
					"start":	0,
					"end":	1.000072,
					"seconds":	1.0000720024108887,
					"bytes":	395304,
					"bits_per_second":	3162204.3136656936,
					"retransmits":	4,
					"snd_cwnd":	15928,
					"rtt":	19053,
					"rttvar":	2592,
					"pmtu":	1500,
					"omitted":	false,
					"sender":	true
				}],
			"sum":	{
				"start":	0,
				"end":	1.000072,
				"seconds":	1.0000720024108887,
				"bytes":	395304,
				"bits_per_second":	3162204.3136656936,
				"retransmits":	4,
				"omitted":	false,
				"sender":	true
			}
		}, {
			"streams":	[{
					"socket":	7,
					"start":	1.000072,
					"end":	2.002807,
					"seconds":	1.0027350187301636,
					"bytes":	65160,
					"bits_per_second":	519858.17814574268,
					"retransmits":	3,
					"snd_cwnd":	11584,
					"rtt":	31548,
					"rttvar":	12476,
					"pmtu":	1500,
					"omitted":	false,
					"sender":	true
				}],
			"sum":	{
				"start":	1.000072,
				"end":	2.002807,
				"seconds":	1.0027350187301636,
				"bytes":	65160,
				"bits_per_second":	519858.17814574268,
				"retransmits":	3,
				"omitted":	false,
				"sender":	true
			}
		}, {
			"streams":	[{
					"socket":	7,
					"start":	2.002807,
					"end":	3.000352,
					"seconds":	0.99754500389099121,
					"bytes":	130320,
					"bits_per_second":	1045125.7797226439,
					"retransmits":	2,
					"snd_cwnd":	11584,
					"rtt":	46307,
					"rttvar":	28258,
					"pmtu":	1500,
					"omitted":	false,
					"sender":	true
				}],
			"sum":	{
				"start":	2.002807,
				"end":	3.000352,
				"seconds":	0.99754500389099121,
				"bytes":	130320,
				"bits_per_second":	1045125.7797226439,
				"retransmits":	2,
				"omitted":	false,
				"sender":	true
			}
		}, {
			"streams":	[{
					"socket":	7,
					"start":	3.000352,
					"end":	4.000759,
					"seconds":	1.0004069805145264,
					"bytes":	195480,
					"bits_per_second":	1563203.8065105167,
					"retransmits":	3,
					"snd_cwnd":	8688,
					"rtt":	57126,
					"rttvar":	13996,
					"pmtu":	1500,
					"omitted":	false,
					"sender":	true
				}],
			"sum":	{
				"start":	3.000352,
				"end":	4.000759,
				"seconds":	1.0004069805145264,
				"bytes":	195480,
				"bits_per_second":	1563203.8065105167,
				"retransmits":	3,
				"omitted":	false,
				"sender":	true
			}
		}, {
			"streams":	[{
					"socket":	7,
					"start":	4.000759,
					"end":	5.001813,
					"seconds":	1.001054048538208,
					"bytes":	0,
					"bits_per_second":	0,
					"retransmits":	3,
					"snd_cwnd":	4344,
					"rtt":	78630,
					"rttvar":	73743,
					"pmtu":	1500,
					"omitted":	false,
					"sender":	true
				}],
			"sum":	{
				"start":	4.000759,
				"end":	5.001813,
				"seconds":	1.001054048538208,
				"bytes":	0,
				"bits_per_second":	0,
				"retransmits":	3,
				"omitted":	false,
				"sender":	true
			}
		}, {
			"streams":	[{
					"socket":	7,
					"start":	5.001813,
					"end":	6.003216,
					"seconds":	1.0014029741287231,
					"bytes":	0,
					"bits_per_second":	0,
					"retransmits":	3,
					"snd_cwnd":	1448,
					"rtt":	123795,
					"rttvar":	48223,
					"pmtu":	1500,
					"omitted":	false,
					"sender":	true
				}],
			"sum":	{
				"start":	5.001813,
				"end":	6.003216,
				"seconds":	1.0014029741287231,
				"bytes":	0,
				"bits_per_second":	0,
				"retransmits":	3,
				"omitted":	false,
				"sender":	true
			}
		}, {
			"streams":	[{
					"socket":	7,
					"start":	6.003216,
					"end":	7.000381,
					"seconds":	0.9971650242805481,
					"bytes":	65160,
					"bits_per_second":	522762.01762702432,
					"retransmits":	2,
					"snd_cwnd":	7240,
					"rtt":	55184,
					"rttvar":	14033,
					"pmtu":	1500,
					"omitted":	false,
					"sender":	true
				}],
			"sum":	{
				"start":	6.003216,
				"end":	7.000381,
				"seconds":	0.9971650242805481,
				"bytes":	65160,
				"bits_per_second":	522762.01762702432,
				"retransmits":	2,
				"omitted":	false,
				"sender":	true
			}
		}, {
			"streams":	[{
					"socket":	7,
					"start":	7.000381,
					"end":	8.00033,
					"seconds":	0.99994897842407227,
					"bytes":	130320,
					"bits_per_second":	1042613.1957683312,
					"retransmits":	2,
					"snd_cwnd":	7240,
					"rtt":	38260,
					"rttvar":	28034,
					"pmtu":	1500,
					"omitted":	false,
					"sender":	true
				}],
			"sum":	{
				"start":	7.000381,
				"end":	8.00033,
				"seconds":	0.99994897842407227,
				"bytes":	130320,
				"bits_per_second":	1042613.1957683312,
				"retransmits":	2,
				"omitted":	false,
				"sender":	true
			}
		}, {
			"streams":	[{
					"socket":	7,
					"start":	8.00033,
					"end":	9.021508,
					"seconds":	1.0211780071258545,
					"bytes":	65160,
					"bits_per_second":	510469.27799313166,
					"retransmits":	4,
					"snd_cwnd":	5792,
					"rtt":	52809,
					"rttvar":	33703,
					"pmtu":	1500,
					"omitted":	false,
					"sender":	true
				}],
			"sum":	{
				"start":	8.00033,
				"end":	9.021508,
				"seconds":	1.0211780071258545,
				"bytes":	65160,
				"bits_per_second":	510469.27799313166,
				"retransmits":	4,
				"omitted":	false,
				"sender":	true
			}
		}, {
			"streams":	[{
					"socket":	7,
					"start":	9.021508,
					"end":	10.000113,
					"seconds":	0.97860497236251831,
					"bytes":	130320,
					"bits_per_second":	1065353.2624947566,
					"retransmits":	3,
					"snd_cwnd":	8688,
					"rtt":	46533,
					"rttvar":	12289,
					"pmtu":	1500,
					"omitted":	false,
					"sender":	true
				}],
			"sum":	{
				"start":	9.021508,
				"end":	10.000113,
				"seconds":	0.97860497236251831,
				"bytes":	130320,
				"bits_per_second":	1065353.2624947566,
				"retransmits":	3,
				"omitted":	false,
				"sender":	true
			}
		}, {
			"streams":	[{
					"socket":	7,
					"start":	10.000113,
					"end":	11.000889,
					"seconds":	1.0007760524749756,
					"bytes":	65160,
					"bits_per_second":	520875.77306715643,
					"retransmits":	1,
					"snd_cwnd":	8688,
					"rtt":	78030,
					"rttvar":	57800,
					"pmtu":	1500,
					"omitted":	false,
					"sender":	true
				}],
			"sum":	{
				"start":	10.000113,
				"end":	11.000889,
				"seconds":	1.0007760524749756,
				"bytes":	65160,
				"bits_per_second":	520875.77306715643,
				"retransmits":	1,
				"omitted":	false,
				"sender":	true
			}
		}, {
			"streams":	[{
					"socket":	7,
					"start":	11.000889,
					"end":	12.000822,
					"seconds":	0.99993300437927246,
					"bytes":	65160,
					"bits_per_second":	521314.92581704963,
					"retransmits":	3,
					"snd_cwnd":	4344,
					"rtt":	91025,
					"rttvar":	53768,
					"pmtu":	1500,
					"omitted":	false,
					"sender":	true
				}],
			"sum":	{
				"start":	11.000889,
				"end":	12.000822,
				"seconds":	0.99993300437927246,
				"bytes":	65160,
				"bits_per_second":	521314.92581704963,
				"retransmits":	3,
				"omitted":	false,
				"sender":	true
			}
		}, {
			"streams":	[{
					"socket":	7,
					"start":	12.000822,
					"end":	13.017026,
					"seconds":	1.0162039995193481,
					"bytes":	65160,
					"bits_per_second":	512967.86889892083,
					"retransmits":	3,
					"snd_cwnd":	1448,
					"rtt":	118865,
					"rttvar":	41003,
					"pmtu":	1500,
					"omitted":	false,
					"sender":	true
				}],
			"sum":	{
				"start":	12.000822,
				"end":	13.017026,