{
	"start":	{
		"connected":	[{
				"socket":	7,
				"local_host":	"192.168.42.2",
				"local_port":	53433,
				"remote_host":	"192.168.42.1",
				"remote_port":	5201
			}],
		"version":	"iperf 3.7",
		"system_info":	"Linux rathan-VirtualBox 5.4.0-177-generic #197-Ubuntu SMP Thu Mar 28 22:45:47 UTC 2024 x86_64",
		"timestamp":	{
			"time":	"Thu, 07 Nov 2024 09:00:50 GMT",
			"timesecs":	1730970050
		},
		"connecting_to":	{
			"host":	"192.168.42.1",
			"port":	5201
		},
		"cookie":	"gmfdx6iriryegvntz7pihaio3j46xlsouum7",
		"sock_bufsize":	0,
		"sndbuf_actual":	212992,
		"rcvbuf_actual":	212992,
		"test_start":	{
			"protocol":	"UDP",
			"num_streams":	1,
			"blksize":	1448,
			"omit":	0,
			"duration":	30,
			"bytes":	0,
			"blocks":	0,
			"reverse":	0,
			"tos":	0
		}
	},
	"intervals":	[{
			"streams":	[{
					"socket":	7,
					"start":	0,
					"end":	3.869034,
					"seconds":	3.8690340518951416,
					"bytes":	1448,
					"bits_per_second":	2994.0289603617966,
					"packets":	1,
					"omitted":	false,
					"sender":	true
				}],
			"sum":	{
				"start":	0,
				"end":	3.869034,
				"seconds":	3.8690340518951416,
				"bytes":	1448,
				"bits_per_second":	2994.0289603617966,
				"packets":	1,
				"omitted":	false,
				"sender":	true
			}
		}, {
			"streams":	[{
					"socket":	7,
					"start":	3.869045,
					"end":	4.000062,
					"seconds":	0.13101699948310852,
					"bytes":	183896,
					"bits_per_second":	11228832.943847654,
					"packets":	127,
					"omitted":	false,
					"sender":	true
				}],
			"sum":	{
				"start":	3.869045,
				"end":	4.000062,
				"seconds":	0.13101699948310852,
				"bytes":	183896,
				"bits_per_second":	11228832.943847654,
				"packets":	127,
				"omitted":	false,
				"sender":	true
			}
		}, {
			"streams":	[{
					"socket":	7,
					"start":	4.000062,
					"end":	5.000138,
					"seconds":	1.0000760555267334,
					"bytes":	0,
					"bits_per_second":	0,
					"packets":	0,
					"omitted":	false,
					"sender":	true
				}],
			"sum":	{
				"start":	4.000062,
				"end":	5.000138,
				"seconds":	1.0000760555267334,
				"bytes":	0,
				"bits_per_second":	0,
				"packets":	0,
				"omitted":	false,
				"sender":	true
			}
		}, {
			"streams":	[{
					"socket":	7,
					"start":	5.000138,
					"end":	6.000101,
					"seconds":	0.99996298551559448,
					"bytes":	68056,
					"bits_per_second":	544468.15320796624,
					"packets":	47,
					"omitted":	false,
					"sender":	true
				}],
			"sum":	{
				"start":	5.000138,
				"end":	6.000101,
				"seconds":	0.99996298551559448,
				"bytes":	68056,
				"bits_per_second":	544468.15320796624,
				"packets":	47,
				"omitted":	false,
				"sender":	true
			}
		}, {
			"streams":	[{
					"socket":	7,
					"start":	6.000101,
					"end":	7.000042,
					"seconds":	0.99994099140167236,
					"bytes":	0,
					"bits_per_second":	0,
					"packets":	0,
					"omitted":	false,
					"sender":	true
				}],
			"sum":	{
				"start":	6.000101,
				"end":	7.000042,
				"seconds":	0.99994099140167236,
				"bytes":	0,
				"bits_per_second":	0,
				"packets":	0,
				"omitted":	false,
				"sender":	true
			}
		}, {
			"streams":	[{
					"socket":	7,
					"start":	7.000042,
					"end":	8.000069,
					"seconds":	1.0000269412994385,
					"bytes":	68056,
					"bits_per_second":	544433.33225857129,
					"packets":	47,
					"omitted":	false,
					"sender":	true
				}],
			"sum":	{
				"start":	7.000042,
				"end":	8.000069,
				"seconds":	1.0000269412994385,
				"bytes":	68056,
				"bits_per_second":	544433.33225857129,
				"packets":	47,
				"omitted":	false,
				"sender":	true
			}
		}, {
			"streams":	[{
					"socket":	7,
					"start":	8.000069,
					"end":	9.00012,
					"seconds":	1.0000510215759277,
					"bytes":	0,
					"bits_per_second":	0,
					"packets":	0,
					"omitted":	false,
					"sender":	true
				}],
			"sum":	{
				"start":	8.000069,
				"end":	9.00012,
				"seconds":	1.0000510215759277,
				"bytes":	0,
				"bits_per_second":	0,
				"packets":	0,
				"omitted":	false,
				"sender":	true
			}
		}, {
			"streams":	[{
					"socket":	7,
					"start":	9.00012,
					"end":	10.000113,
					"seconds":	0.99999302625656128,
					"bytes":	68056,
					"bits_per_second":	544451.79686714616,
					"packets":	47,
					"omitted":	false,
					"sender":	true
				}],
			"sum":	{
				"start":	9.00012,
				"end":	10.000113,
				"seconds":	0.99999302625656128,
				"bytes":	68056,
				"bits_per_second":	544451.79686714616,
				"packets":	47,
				"omitted":	false,
				"sender":	true
			}
		}, {
			"streams":	[{
					"socket":	7,
					"start":	10.000113,
					"end":	11.000117,
					"seconds":	1.0000040531158447,
					"bytes":	0,
					"bits_per_second":	0,
					"packets":	0,
					"omitted":	false,
					"sender":	true
				}],
			"sum":	{
				"start":	10.000113,
				"end":	11.000117,
				"seconds":	1.0000040531158447,
				"bytes":	0,
				"bits_per_second":	0,
				"packets":	0,
				"omitted":	false,
				"sender":	true
			}
		}, {
			"streams":	[{
					"socket":	7,
					"start":	11.000117,
					"end":	12.000155,
					"seconds":	1.0000380277633667,
					"bytes":	68056,
					"bits_per_second":	544427.29664759268,
					"packets":	47,
					"omitted":	false,
					"sender":	true
				}],
			"sum":	{
				"start":	11.000117,
				"end":	12.000155,
				"seconds":	1.0000380277633667,
				"bytes":	68056,
				"bits_per_second":	544427.29664759268,
				"packets":	47,
				"omitted":	false,
				"sender":	true
			}
		}, {
			"streams":	[{
					"socket":	7,
					"start":	12.000155,
					"end":	13.000125,
					"seconds":	0.999970018863678,
					"bytes":	0,
					"bits_per_second":	0,
					"packets":	0,
					"omitted":	false,
					"sender":	true
				}],
			"sum":	{
				"start":	12.000155,
				"end":	13.000125,
				"seconds":	0.999970018863678,
				"bytes":	0,
				"bits_per_second":	0,
				"packets":	0,
				"omitted":	false,
				"sender":	true
			}
		}, {
			"streams":	[{
					"socket":	7,
					"start":	13.000125,
					"end":	14.000076,
					"seconds":	0.99995100498199463,
					"bytes":	68056,
					"bits_per_second":	544474.67654658086,
					"packets":	47,
					"omitted":	false,
					"sender":	true
				}],
			"sum":	{
				"start":	13.000125,
				"end":	14.000076,
				"seconds":	0.99995100498199463,
				"bytes":	68056,
				"bits_per_second":	544474.67654658086,
				"packets":	47,
				"omitted":	false,
				"sender":	true
			}
		}, {
			"streams":	[{
					"socket":	7,
					"start":	14.000076,
					"end":	15.000307,
					"seconds":	1.0002310276031494,
					"bytes":	0,
					"bits_per_second":	0,
					"packets":	0,
					"omitted":	false,
					"sender":	true
				}],
			"sum":	{
				"start":	14.000076,
				"end":	15.000307,
				"seconds":	1.0002310276031494,
				"bytes":	0,
				"bits_per_second":	0,
				"packets":	0,
				"omitted":	false,
				"sender":	true
			}
		}, {
			"streams":	[{
					"socket":	7,
					"start":	15.000307,
					"end":	16.0001,
					"seconds":	0.99979299306869507,
					"bytes":	68056,
					"bits_per_second":	544560.72784518043,
					"packets":	47,
					"omitted":	false,
					"sender":	true
				}],
			"sum":	{
				"start":	15.000307,
				"end":	16.0001,
				"seconds":	0.99979299306869507,
				"bytes":	68056,
				"bits_per_second":	544560.72784518043,
				"packets":	47,
				"omitted":	false,
				"sender":	true
			}
		}, {
			"streams":	[{
					"socket":	7,
					"start":	16.0001,
					"end":	17.000107,
					"seconds":	1.0000070333480835,
					"bytes":	0,
					"bits_per_second":	0,
					"packets":	0,
					"omitted":	false,
					"sender":	true
				}],
			"sum":	{
				"start":	16.0001,
				"end":	17.000107,
				"seconds":	1.0000070333480835,
				"bytes":	0,
				"bits_per_second":	0,
				"packets":	0,
				"omitted":	false,
				"sender":	true
			}
		}, {
			"streams":	[{
					"socket":	7,
					"start":	17.000107,
					"end":	18.000893,
					"seconds":	1.0007859468460083,
					"bytes":	68056,
					"bits_per_second":	544020.42885977356,
					"packets":	47,
					"omitted":	false,
					"sender":	true
				}],
			"sum":	{
				"start":	17.000107,