{
	"start":	{
		"connected":	[{
				"socket":	7,
				"local_host":	"192.168.42.3",
				"local_port":	38591,
				"remote_host":	"192.168.42.1",
				"remote_port":	5202
			}],
		"version":	"iperf 3.7",
		"system_info":	"Linux rathan-VirtualBox 5.4.0-177-generic #197-Ubuntu SMP Thu Mar 28 22:45:47 UTC 2024 x86_64",
		"timestamp":	{
			"time":	"Thu, 07 Nov 2024 09:00:46 GMT",
			"timesecs":	1730970046
		},
		"connecting_to":	{
			"host":	"192.168.42.1",
			"port":	5202
		},
		"cookie":	"3xz2qasc2ugbpfyiewaesfguxz6r2hym2s4h",
		"sock_bufsize":	0,
		"sndbuf_actual":	212992,
		"rcvbuf_actual":	212992,
		"test_start":	{
			"protocol":	"UDP",
			"num_streams":	1,
			"blksize":	1448,
			"omit":	0,
			"duration":	30,
			"bytes":	0,
			"blocks":	0,
			"reverse":	0,
			"tos":	0
		}
	},
	"intervals":	[{
			"streams":	[{
					"socket":	7,
					"start":	0,
					"end":	1.000132,
					"seconds":	1.0001319646835327,
					"bytes":	108600,
					"bits_per_second":	868685.36421082239,
					"packets":	75,
					"omitted":	false,
					"sender":	true
				}],
			"sum":	{
				"start":	0,
				"end":	1.000132,
				"seconds":	1.0001319646835327,
				"bytes":	108600,
				"bits_per_second":	868685.36421082239,
				"packets":	75,
				"omitted":	false,
				"sender":	true
			}
		}, {
			"streams":	[{
					"socket":	7,
					"start":	1.000132,
					"end":	2.00012,
					"seconds":	0.99998801946640015,
					"bytes":	33304,
					"bits_per_second":	266435.19203577039,
					"packets":	23,
					"omitted":	false,
					"sender":	true
				}],
			"sum":	{
				"start":	1.000132,
				"end":	2.00012,
				"seconds":	0.99998801946640015,
				"bytes":	33304,
				"bits_per_second":	266435.19203577039,
				"packets":	23,
				"omitted":	false,
				"sender":	true
			}
		}, {
			"streams":	[{
					"socket":	7,
					"start":	2.00012,
					"end":	3.000111,
					"seconds":	0.99999099969863892,
					"bytes":	36200,
					"bits_per_second":	289602.60651073355,
					"packets":	25,
					"omitted":	false,
					"sender":	true
				}],
			"sum":	{
				"start":	2.00012,
				"end":	3.000111,
				"seconds":	0.99999099969863892,
				"bytes":	36200,
				"bits_per_second":	289602.60651073355,
				"packets":	25,
				"omitted":	false,
				"sender":	true
			}
		}, {
			"streams":	[{
					"socket":	7,
					"start":	3.000111,
					"end":	4.000072,
					"seconds":	0.99996101856231689,
					"bytes":	34752,
					"bits_per_second":	278026.83788585529,
					"packets":	24,
					"omitted":	false,
					"sender":	true
				}],
			"sum":	{
				"start":	3.000111,
				"end":	4.000072,
				"seconds":	0.99996101856231689,
				"bytes":	34752,
				"bits_per_second":	278026.83788585529,
				"packets":	24,
				"omitted":	false,
				"sender":	true
			}
		}, {
			"streams":	[{
					"socket":	7,
					"start":	4.000072,
					"end":	5.000078,
					"seconds":	1.0000059604644775,
					"bytes":	36200,
					"bits_per_second":	289598.27385977592,
					"packets":	25,
					"omitted":	false,
					"sender":	true
				}],
			"sum":	{
				"start":	4.000072,
				"end":	5.000078,
				"seconds":	1.0000059604644775,
				"bytes":	36200,
				"bits_per_second":	289598.27385977592,
				"packets":	25,
				"omitted":	false,
				"sender":	true
			}
		}, {
			"streams":	[{
					"socket":	7,
					"start":	5.000078,
					"end":	6.000023,
					"seconds":	0.99994498491287231,
					"bytes":	34752,
					"bits_per_second":	278031.29591596907,
					"packets":	24,
					"omitted":	false,
					"sender":	true
				}],
			"sum":	{
				"start":	5.000078,
				"end":	6.000023,
				"seconds":	0.99994498491287231,
				"bytes":	34752,
				"bits_per_second":	278031.29591596907,
				"packets":	24,
				"omitted":	false,
				"sender":	true
			}
		}, {
			"streams":	[{
					"socket":	7,
					"start":	6.000023,
					"end":	7.000113,
					"seconds":	1.0000900030136108,
					"bytes":	36200,
					"bits_per_second":	289573.93747296429,
					"packets":	25,
					"omitted":	false,
					"sender":	true
				}],
			"sum":	{
				"start":	6.000023,
				"end":	7.000113,
				"seconds":	1.0000900030136108,
				"bytes":	36200,
				"bits_per_second":	289573.93747296429,
				"packets":	25,
				"omitted":	false,
				"sender":	true
			}
		}, {
			"streams":	[{
					"socket":	7,
					"start":	7.000113,
					"end":	8.000121,
					"seconds":	1.0000079870224,
					"bytes":	33304,
					"bits_per_second":	266429.87201864418,
					"packets":	23,
					"omitted":	false,
					"sender":	true
				}],
			"sum":	{
				"start":	7.000113,
				"end":	8.000121,
				"seconds":	1.0000079870224,
				"bytes":	33304,
				"bits_per_second":	266429.87201864418,
				"packets":	23,
				"omitted":	false,
				"sender":	true
			}
		}, {
			"streams":	[{
					"socket":	7,
					"start":	8.000121,
					"end":	9.000083,
					"seconds":	0.9999619722366333,
					"bytes":	37648,
					"bits_per_second":	301195.45378944383,
					"packets":	26,
					"omitted":	false,
					"sender":	true
				}],
			"sum":	{
				"start":	8.000121,
				"end":	9.000083,
				"seconds":	0.9999619722366333,
				"bytes":	37648,
				"bits_per_second":	301195.45378944383,
				"packets":	26,
				"omitted":	false,
				"sender":	true
			}
		}, {
			"streams":	[{
					"socket":	7,
					"start":	9.000083,
					"end":	10.000165,
					"seconds":	1.0000820159912109,
					"bytes":	31856,
					"bits_per_second":	254827.10010279767,
					"packets":	22,
					"omitted":	false,
					"sender":	true
				}],
			"sum":	{
				"start":	9.000083,
				"end":	10.000165,
				"seconds":	1.0000820159912109,
				"bytes":	31856,
				"bits_per_second":	254827.10010279767,
				"packets":	22,
				"omitted":	false,
				"sender":	true
			}
		}, {
			"streams":	[{
					"socket":	7,
					"start":	10.000165,
					"end":	11.000116,
					"seconds":	0.99995100498199463,
					"bytes":	36200,
					"bits_per_second":	289614.18965243665,
					"packets":	25,
					"omitted":	false,
					"sender":	true
				}],
			"sum":	{
				"start":	10.000165,
				"end":	11.000116,
				"seconds":	0.99995100498199463,
				"bytes":	36200,
				"bits_per_second":	289614.18965243665,
				"packets":	25,
				"omitted":	false,
				"sender":	true
			}
		}, {
			"streams":	[{
					"socket":	7,
					"start":	11.000116,
					"end":	12.00013,
					"seconds":	1.0000139474868774,
					"bytes":	31856,
					"bits_per_second":	254844.44556043975,
					"packets":	22,
					"omitted":	false,
					"sender":	true
				}],
			"sum":	{
				"start":	11.000116,
				"end":	12.00013,
				"seconds":	1.0000139474868774,
				"bytes":	31856,
				"bits_per_second":	254844.44556043975,
				"packets":	22,
				"omitted":	false,
				"sender":	true
			}
		}, {
			"streams":	[{
					"socket":	7,
					"start":	12.00013,
					"end":	13.000074,
					"seconds":	0.99994397163391113,
					"bytes":	39096,
					"bits_per_second":	312785.52486189426,
					"packets":	27,
					"omitted":	false,
					"sender":	true
				}],
			"sum":	{
				"start":	12.00013,
				"end":	13.000074,
				"seconds":	0.99994397163391113,
				"bytes":	39096,
				"bits_per_second":	312785.52486189426,
				"packets":	27,
				"omitted":	false,
				"sender":	true
			}
		}, {
			"streams":	[{
					"socket":	7,
					"start":	13.000074,
					"end":	14.000122,
					"seconds":	1.000048041343689,
					"bytes":	33304,
					"bits_per_second":	266419.20086360595,
					"packets":	23,
					"omitted":	false,
					"sender":	true
				}],
			"sum":	{
				"start":	13.000074,
				"end":	14.000122,
				"seconds":	1.000048041343689,
				"bytes":	33304,
				"bits_per_second":	266419.20086360595,
				"packets":	23,
				"omitted":	false,
				"sender":	true
			}
		}, {
			"streams":	[{
					"socket":	7,
					"start":	14.000122,
					"end":	15.000067,
					"seconds":	0.99994498491287231,
					"bytes":	37648,
					"bits_per_second":	301200.57057563314,
					"packets":	26,
					"omitted":	false,
					"sender":	true
				}],
			"sum":	{
				"start":	14.000122,
				"end":	15.000067,
				"seconds":	0.99994498491287231,
				"bytes":	37648,
				"bits_per_second":	301200.57057563314,
				"packets":	26,
				"omitted":	false,