{
	"start":	{
		"connected":	[{
				"socket":	7,
				"local_host":	"192.168.42.4",
				"local_port":	56488,
				"remote_host":	"192.168.42.1",
				"remote_port":	5203
			}],
		"version":	"iperf 3.7",
		"system_info":	"Linux rathan-VirtualBox 5.4.0-177-generic #197-Ubuntu SMP Thu Mar 28 22:45:47 UTC 2024 x86_64",
		"timestamp":	{
			"time":	"Thu, 07 Nov 2024 09:00:46 GMT",
			"timesecs":	1730970046
		},
		"connecting_to":	{
			"host":	"192.168.42.1",
			"port":	5203
		},
		"cookie":	"rlzgp5devz7qjcyxwgkijda4vtccm7clwhaq",
		"sock_bufsize":	0,
		"sndbuf_actual":	212992,
		"rcvbuf_actual":	212992,
		"test_start":	{
			"protocol":	"UDP",
			"num_streams":	1,
			"blksize":	1448,
			"omit":	0,
			"duration":	30,
			"bytes":	0,
			"blocks":	0,
			"reverse":	0,
			"tos":	0
		}
	},
	"intervals":	[{
			"streams":	[{
					"socket":	7,
					"start":	0,
					"end":	1.1716199999999999,
					"seconds":	1.1716200113296509,
					"bytes":	1448,
					"bits_per_second":	9887.164684779942,
					"packets":	1,
					"omitted":	false,
					"sender":	true
				}],
			"sum":	{
				"start":	0,
				"end":	1.1716199999999999,
				"seconds":	1.1716200113296509,
				"bytes":	1448,
				"bits_per_second":	9887.164684779942,
				"packets":	1,
				"omitted":	false,
				"sender":	true
			}
		}, {
			"streams":	[{
					"socket":	7,
					"start":	1.1716199999999999,
					"end":	2.000114,
					"seconds":	0.82849401235580444,
					"bytes":	108600,
					"bits_per_second":	1048649.7030070096,
					"packets":	75,
					"omitted":	false,
					"sender":	true
				}],
			"sum":	{
				"start":	1.1716199999999999,
				"end":	2.000114,
				"seconds":	0.82849401235580444,
				"bytes":	108600,
				"bits_per_second":	1048649.7030070096,
				"packets":	75,
				"omitted":	false,
				"sender":	true
			}
		}, {
			"streams":	[{
					"socket":	7,
					"start":	2.000114,
					"end":	3.000099,
					"seconds":	0.9999849796295166,
					"bytes":	0,
					"bits_per_second":	0,
					"packets":	0,
					"omitted":	false,
					"sender":	true
				}],
			"sum":	{
				"start":	2.000114,
				"end":	3.000099,
				"seconds":	0.9999849796295166,
				"bytes":	0,
				"bits_per_second":	0,
				"packets":	0,
				"omitted":	false,
				"sender":	true
			}
		}, {
			"streams":	[{
					"socket":	7,
					"start":	3.000099,
					"end":	4.000093,
					"seconds":	0.99999397993087769,
					"bytes":	68056,
					"bits_per_second":	544451.27763432509,
					"packets":	47,
					"omitted":	false,
					"sender":	true
				}],
			"sum":	{
				"start":	3.000099,
				"end":	4.000093,
				"seconds":	0.99999397993087769,
				"bytes":	68056,
				"bits_per_second":	544451.27763432509,
				"packets":	47,
				"omitted":	false,
				"sender":	true
			}
		}, {
			"streams":	[{
					"socket":	7,
					"start":	4.000093,
					"end":	5.000097,
					"seconds":	1.0000040531158447,
					"bytes":	0,
					"bits_per_second":	0,
					"packets":	0,
					"omitted":	false,
					"sender":	true
				}],
			"sum":	{
				"start":	4.000093,
				"end":	5.000097,
				"seconds":	1.0000040531158447,
				"bytes":	0,
				"bits_per_second":	0,
				"packets":	0,
				"omitted":	false,
				"sender":	true
			}
		}, {
			"streams":	[{
					"socket":	7,
					"start":	5.000097,
					"end":	6.00011,
					"seconds":	1.000012993812561,
					"bytes":	68056,
					"bits_per_second":	544440.9256366617,
					"packets":	47,
					"omitted":	false,
					"sender":	true
				}],
			"sum":	{
				"start":	5.000097,
				"end":	6.00011,
				"seconds":	1.000012993812561,
				"bytes":	68056,
				"bits_per_second":	544440.9256366617,
				"packets":	47,
				"omitted":	false,
				"sender":	true
			}
		}, {
			"streams":	[{
					"socket":	7,
					"start":	6.00011,
					"end":	7.000387,
					"seconds":	1.000277042388916,
					"bytes":	0,
					"bits_per_second":	0,
					"packets":	0,
					"omitted":	false,
					"sender":	true
				}],
			"sum":	{
				"start":	6.00011,
				"end":	7.000387,
				"seconds":	1.000277042388916,
				"bytes":	0,
				"bits_per_second":	0,
				"packets":	0,
				"omitted":	false,
				"sender":	true
			}
		}, {
			"streams":	[{
					"socket":	7,
					"start":	7.000387,
					"end":	8.000051,
					"seconds":	0.99966400861740112,
					"bytes":	68056,
					"bits_per_second":	544630.99131977977,
					"packets":	47,
					"omitted":	false,
					"sender":	true
				}],
			"sum":	{
				"start":	7.000387,
				"end":	8.000051,
				"seconds":	0.99966400861740112,
				"bytes":	68056,
				"bits_per_second":	544630.99131977977,
				"packets":	47,
				"omitted":	false,
				"sender":	true
			}
		}, {
			"streams":	[{
					"socket":	7,
					"start":	8.000051,
					"end":	9.000265,
					"seconds":	1.0002139806747437,
					"bytes":	144800,
					"bits_per_second":	1158152.1778155351,
					"packets":	100,
					"omitted":	false,
					"sender":	true
				}],
			"sum":	{
				"start":	8.000051,
				"end":	9.000265,
				"seconds":	1.0002139806747437,
				"bytes":	144800,
				"bits_per_second":	1158152.1778155351,
				"packets":	100,
				"omitted":	false,
				"sender":	true
			}
		}, {
			"streams":	[{
					"socket":	7,
					"start":	9.000265,
					"end":	10.000204,
					"seconds":	0.99993902444839478,
					"bytes":	0,
					"bits_per_second":	0,
					"packets":	0,
					"omitted":	false,
					"sender":	true
				}],
			"sum":	{
				"start":	9.000265,
				"end":	10.000204,
				"seconds":	0.99993902444839478,
				"bytes":	0,
				"bits_per_second":	0,
				"packets":	0,
				"omitted":	false,
				"sender":	true
			}
		}, {
			"streams":	[{
					"socket":	7,
					"start":	10.000204,
					"end":	11.000252,
					"seconds":	1.000048041343689,
					"bytes":	68056,
					"bits_per_second":	544421.84524302091,
					"packets":	47,
					"omitted":	false,
					"sender":	true
				}],
			"sum":	{
				"start":	10.000204,
				"end":	11.000252,
				"seconds":	1.000048041343689,
				"bytes":	68056,
				"bits_per_second":	544421.84524302091,
				"packets":	47,
				"omitted":	false,
				"sender":	true
			}
		}, {
			"streams":	[{
					"socket":	7,
					"start":	11.000252,
					"end":	12.000092,
					"seconds":	0.99984002113342285,
					"bytes":	0,
					"bits_per_second":	0,
					"packets":	0,
					"omitted":	false,
					"sender":	true
				}],
			"sum":	{
				"start":	11.000252,
				"end":	12.000092,
				"seconds":	0.99984002113342285,
				"bytes":	0,
				"bits_per_second":	0,
				"packets":	0,
				"omitted":	false,
				"sender":	true
			}
		}, {
			"streams":	[{
					"socket":	7,
					"start":	12.000092,
					"end":	13.0001,
					"seconds":	1.0000079870224,
					"bytes":	68056,
					"bits_per_second":	544443.65151635988,
					"packets":	47,
					"omitted":	false,
					"sender":	true
				}],
			"sum":	{
				"start":	12.000092,
				"end":	13.0001,
				"seconds":	1.0000079870224,
				"bytes":	68056,
				"bits_per_second":	544443.65151635988,
				"packets":	47,
				"omitted":	false,
				"sender":	true
			}
		}, {
			"streams":	[{
					"socket":	7,
					"start":	13.0001,
					"end":	14.000106,
					"seconds":	1.0000059604644775,
					"bytes":	0,
					"bits_per_second":	0,
					"packets":	0,
					"omitted":	false,
					"sender":	true
				}],
			"sum":	{
				"start":	13.0001,
				"end":	14.000106,
				"seconds":	1.0000059604644775,
				"bytes":	0,
				"bits_per_second":	0,
				"packets":	0,
				"omitted":	false,
				"sender":	true
			}
		}, {
			"streams":	[{
					"socket":	7,
					"start":	14.000106,
					"end":	15.000133,
					"seconds":	1.0000269412994385,
					"bytes":	68056,
					"bits_per_second":	544433.33225857129,
					"packets":	47,
					"omitted":	false,
					"sender":	true
				}],
			"sum":	{
				"start":	14.000106,
				"end":	15.000133,
				"seconds":	1.0000269412994385,
				"bytes":	68056,
				"bits_per_second":	544433.33225857129,
				"packets":	47,
				"omitted":	false,
				"sender":	true
			}
		}, {
			"streams":	[{
					"socket":	7,
					"start":	15.000133,
					"end":	16.000111,
					"seconds":	0.99997800588607788,
					"bytes":	0,
					"bits_per_second":	0,
					"packets":	0,
					"omitted":	false,
					"sender":	true
				}],