{
	"start":	{
		"connected":	[{
				"socket":	7,
				"local_host":	"192.168.42.5",
				"local_port":	57899,
				"remote_host":	"192.168.42.1",
				"remote_port":	5204
			}],
		"version":	"iperf 3.7",
		"system_info":	"Linux rathan-VirtualBox 5.4.0-177-generic #197-Ubuntu SMP Thu Mar 28 22:45:47 UTC 2024 x86_64",
		"timestamp":	{
			"time":	"Thu, 07 Nov 2024 09:00:46 GMT",
			"timesecs":	1730970046
		},
		"connecting_to":	{
			"host":	"192.168.42.1",
			"port":	5204
		},
		"cookie":	"y6g2ko5m3einbwdjfnxlsy4f2dohzmagykqc",
		"sock_bufsize":	0,
		"sndbuf_actual":	212992,
		"rcvbuf_actual":	212992,
		"test_start":	{
			"protocol":	"UDP",
			"num_streams":	1,
			"blksize":	1448,
			"omit":	0,
			"duration":	30,
			"bytes":	0,
			"blocks":	0,
			"reverse":	0,
			"tos":	0
		}
	},
	"intervals":	[{
			"streams":	[{
					"socket":	7,
					"start":	0,
					"end":	1.00008,
					"seconds":	1.0000799894332886,
					"bytes":	105704,
					"bits_per_second":	845564.36378573172,
					"packets":	73,
					"omitted":	false,
					"sender":	true
				}],
			"sum":	{
				"start":	0,
				"end":	1.00008,
				"seconds":	1.0000799894332886,
				"bytes":	105704,
				"bits_per_second":	845564.36378573172,
				"packets":	73,
				"omitted":	false,
				"sender":	true
			}
		}, {
			"streams":	[{
					"socket":	7,
					"start":	1.00008,
					"end":	2.0001,
					"seconds":	1.0000200271606445,
					"bytes":	34752,
					"bits_per_second":	278010.43224041269,
					"packets":	24,
					"omitted":	false,
					"sender":	true
				}],
			"sum":	{
				"start":	1.00008,
				"end":	2.0001,
				"seconds":	1.0000200271606445,
				"bytes":	34752,
				"bits_per_second":	278010.43224041269,
				"packets":	24,
				"omitted":	false,
				"sender":	true
			}
		}, {
			"streams":	[{
					"socket":	7,
					"start":	2.0001,
					"end":	3.000094,
					"seconds":	0.99999397993087769,
					"bytes":	34752,
					"bits_per_second":	278017.6736856128,
					"packets":	24,
					"omitted":	false,
					"sender":	true
				}],
			"sum":	{
				"start":	2.0001,
				"end":	3.000094,
				"seconds":	0.99999397993087769,
				"bytes":	34752,
				"bits_per_second":	278017.6736856128,
				"packets":	24,
				"omitted":	false,
				"sender":	true
			}
		}, {
			"streams":	[{
					"socket":	7,
					"start":	3.000094,
					"end":	4.000057,
					"seconds":	0.99996298551559448,
					"bytes":	34752,
					"bits_per_second":	278026.29099981254,
					"packets":	24,
					"omitted":	false,
					"sender":	true
				}],
			"sum":	{
				"start":	3.000094,
				"end":	4.000057,
				"seconds":	0.99996298551559448,
				"bytes":	34752,
				"bits_per_second":	278026.29099981254,
				"packets":	24,
				"omitted":	false,
				"sender":	true
			}
		}, {
			"streams":	[{
					"socket":	7,
					"start":	4.000057,
					"end":	5.000095,
					"seconds":	1.0000380277633667,
					"bytes":	36200,
					"bits_per_second":	289588.98757850676,
					"packets":	25,
					"omitted":	false,
					"sender":	true
				}],
			"sum":	{
				"start":	4.000057,
				"end":	5.000095,
				"seconds":	1.0000380277633667,
				"bytes":	36200,
				"bits_per_second":	289588.98757850676,
				"packets":	25,
				"omitted":	false,
				"sender":	true
			}
		}, {
			"streams":	[{
					"socket":	7,
					"start":	5.000095,
					"end":	6.000102,
					"seconds":	1.0000070333480835,
					"bytes":	34752,
					"bits_per_second":	278014.044630452,
					"packets":	24,
					"omitted":	false,
					"sender":	true
				}],
			"sum":	{
				"start":	5.000095,
				"end":	6.000102,
				"seconds":	1.0000070333480835,
				"bytes":	34752,
				"bits_per_second":	278014.044630452,
				"packets":	24,
				"omitted":	false,
				"sender":	true
			}
		}, {
			"streams":	[{
					"socket":	7,
					"start":	6.000102,
					"end":	7.000103,
					"seconds":	1.0000009536743164,
					"bytes":	36200,
					"bits_per_second":	289599.72381618136,
					"packets":	25,
					"omitted":	false,
					"sender":	true
				}],
			"sum":	{
				"start":	6.000102,
				"end":	7.000103,
				"seconds":	1.0000009536743164,
				"bytes":	36200,
				"bits_per_second":	289599.72381618136,
				"packets":	25,
				"omitted":	false,
				"sender":	true
			}
		}, {
			"streams":	[{
					"socket":	7,
					"start":	7.000103,
					"end":	8.000023,
					"seconds":	0.99992001056671143,
					"bytes":	34752,
					"bits_per_second":	278038.24012125988,
					"packets":	24,
					"omitted":	false,
					"sender":	true
				}],
			"sum":	{
				"start":	7.000103,
				"end":	8.000023,
				"seconds":	0.99992001056671143,
				"bytes":	34752,
				"bits_per_second":	278038.24012125988,
				"packets":	24,
				"omitted":	false,
				"sender":	true
			}
		}, {
			"streams":	[{
					"socket":	7,
					"start":	8.000023,
					"end":	9.000099,
					"seconds":	1.0000760555267334,
					"bytes":	34752,
					"bits_per_second":	277994.85695472511,
					"packets":	24,
					"omitted":	false,
					"sender":	true
				}],
			"sum":	{
				"start":	8.000023,
				"end":	9.000099,
				"seconds":	1.0000760555267334,
				"bytes":	34752,
				"bits_per_second":	277994.85695472511,
				"packets":	24,
				"omitted":	false,
				"sender":	true
			}
		}, {
			"streams":	[{
					"socket":	7,
					"start":	9.000099,
					"end":	10.000089,
					"seconds":	0.99998998641967773,
					"bytes":	34752,
					"bits_per_second":	278018.78396342433,
					"packets":	24,
					"omitted":	false,
					"sender":	true
				}],
			"sum":	{
				"start":	9.000099,
				"end":	10.000089,
				"seconds":	0.99998998641967773,
				"bytes":	34752,
				"bits_per_second":	278018.78396342433,
				"packets":	24,
				"omitted":	false,
				"sender":	true
			}
		}, {
			"streams":	[{
					"socket":	7,
					"start":	10.000089,
					"end":	11.000125,
					"seconds":	1.0000360012054443,
					"bytes":	34752,
					"bits_per_second":	278005.9914491871,
					"packets":	24,
					"omitted":	false,
					"sender":	true
				}],
			"sum":	{
				"start":	10.000089,
				"end":	11.000125,
				"seconds":	1.0000360012054443,
				"bytes":	34752,
				"bits_per_second":	278005.9914491871,
				"packets":	24,
				"omitted":	false,
				"sender":	true
			}
		}, {
			"streams":	[{
					"socket":	7,
					"start":	11.000125,
					"end":	12.00011,
					"seconds":	0.9999849796295166,
					"bytes":	34752,
					"bits_per_second":	278020.17596604489,
					"packets":	24,
					"omitted":	false,
					"sender":	true
				}],
			"sum":	{
				"start":	11.000125,
				"end":	12.00011,
				"seconds":	0.9999849796295166,
				"bytes":	34752,
				"bits_per_second":	278020.17596604489,
				"packets":	24,
				"omitted":	false,
				"sender":	true
			}
		}, {
			"streams":	[{
					"socket":	7,
					"start":	12.00011,
					"end":	13.000115,
					"seconds":	1.0000050067901611,
					"bytes":	36200,
					"bits_per_second":	289598.550040829,
					"packets":	25,
					"omitted":	false,
					"sender":	true
				}],
			"sum":	{
				"start":	12.00011,
				"end":	13.000115,
				"seconds":	1.0000050067901611,
				"bytes":	36200,
				"bits_per_second":	289598.550040829,
				"packets":	25,
				"omitted":	false,
				"sender":	true
			}
		}, {
			"streams":	[{
					"socket":	7,
					"start":	13.000115,
					"end":	14.000136,
					"seconds":	1.0000209808349609,
					"bytes":	33304,
					"bits_per_second":	266426.41015145939,
					"packets":	23,
					"omitted":	false,
					"sender":	true
				}],
			"sum":	{
				"start":	13.000115,
				"end":	14.000136,
				"seconds":	1.0000209808349609,
				"bytes":	33304,
				"bits_per_second":	266426.41015145939,
				"packets":	23,
				"omitted":	false,
				"sender":	true
			}
		}, {
			"streams":	[{
					"socket":	7,
					"start":	14.000136,
					"end":	15.000163,
					"seconds":	1.0000269412994385,
					"bytes":	36200,
					"bits_per_second":	289592.1980098784,
					"packets":	25,
					"omitted":	false,
					"sender":	true
				}],
			"sum":	{
				"start":	14.000136,
				"end":	15.000163,
				"seconds":	1.0000269412994385,
				"bytes":	36200,
				"bits_per_second":	289592.1980098784,
				"packets":	25,
				"omitted":	false,