{
	"start":	{
		"connected":	[{
				"socket":	7,
				"local_host":	"192.168.42.6",
				"local_port":	36702,
				"remote_host":	"192.168.42.1",
				"remote_port":	5205
			}],
		"version":	"iperf 3.7",
		"system_info":	"Linux rathan-VirtualBox 5.4.0-177-generic #197-Ubuntu SMP Thu Mar 28 22:45:47 UTC 2024 x86_64",
		"timestamp":	{
			"time":	"Thu, 07 Nov 2024 09:00:46 GMT",
			"timesecs":	1730970046
		},
		"connecting_to":	{
			"host":	"192.168.42.1",
			"port":	5205
		},
		"cookie":	"siyzy6ng7cjzx2ofvpyv7f6orwmoh5hqssqt",
		"sock_bufsize":	0,
		"sndbuf_actual":	212992,
		"rcvbuf_actual":	212992,
		"test_start":	{
			"protocol":	"UDP",
			"num_streams":	1,
			"blksize":	1448,
			"omit":	0,
			"duration":	30,
			"bytes":	0,
			"blocks":	0,
			"reverse":	0,
			"tos":	0
		}
	},
	"intervals":	[{
			"streams":	[{
					"socket":	7,
					"start":	0,
					"end":	1.000095,
					"seconds":	1.000095009803772,
					"bytes":	99912,
					"bits_per_second":	799220.06625833421,
					"packets":	69,
					"omitted":	false,
					"sender":	true
				}],
			"sum":	{
				"start":	0,
				"end":	1.000095,
				"seconds":	1.000095009803772,
				"bytes":	99912,
				"bits_per_second":	799220.06625833421,
				"packets":	69,
				"omitted":	false,
				"sender":	true
			}
		}, {
			"streams":	[{
					"socket":	7,
					"start":	1.000095,
					"end":	2.00006,
					"seconds":	0.99996501207351685,
					"bytes":	39096,
					"bits_per_second":	312778.94348668022,
					"packets":	27,
					"omitted":	false,
					"sender":	true
				}],
			"sum":	{
				"start":	1.000095,
				"end":	2.00006,
				"seconds":	0.99996501207351685,
				"bytes":	39096,
				"bits_per_second":	312778.94348668022,
				"packets":	27,
				"omitted":	false,
				"sender":	true
			}
		}, {
			"streams":	[{
					"socket":	7,
					"start":	2.00006,
					"end":	3.00003,
					"seconds":	0.999970018863678,
					"bytes":	28960,
					"bits_per_second":	231686.94623791918,
					"packets":	20,
					"omitted":	false,
					"sender":	true
				}],
			"sum":	{
				"start":	2.00006,
				"end":	3.00003,
				"seconds":	0.999970018863678,
				"bytes":	28960,
				"bits_per_second":	231686.94623791918,
				"packets":	20,
				"omitted":	false,
				"sender":	true
			}
		}, {
			"streams":	[{
					"socket":	7,
					"start":	3.00003,
					"end":	4.00008,
					"seconds":	1.0000499486923218,
					"bytes":	41992,
					"bits_per_second":	335919.22127417161,
					"packets":	29,
					"omitted":	false,
					"sender":	true
				}],
			"sum":	{
				"start":	3.00003,
				"end":	4.00008,
				"seconds":	1.0000499486923218,
				"bytes":	41992,
				"bits_per_second":	335919.22127417161,
				"packets":	29,
				"omitted":	false,
				"sender":	true
			}
		}, {
			"streams":	[{
					"socket":	7,
					"start":	4.00008,
					"end":	5.000077,
					"seconds":	0.99999701976776123,
					"bytes":	26064,
					"bits_per_second":	208512.62141603653,
					"packets":	18,
					"omitted":	false,
					"sender":	true
				}],
			"sum":	{
				"start":	4.00008,
				"end":	5.000077,
				"seconds":	0.99999701976776123,
				"bytes":	26064,
				"bits_per_second":	208512.62141603653,
				"packets":	18,
				"omitted":	false,
				"sender":	true
			}
		}, {
			"streams":	[{
					"socket":	7,
					"start":	5.000077,
					"end":	6.000155,
					"seconds":	1.0000779628753662,
					"bytes":	44888,
					"bits_per_second":	359076.00540214381,
					"packets":	31,
					"omitted":	false,
					"sender":	true
				}],
			"sum":	{
				"start":	5.000077,
				"end":	6.000155,
				"seconds":	1.0000779628753662,
				"bytes":	44888,
				"bits_per_second":	359076.00540214381,
				"packets":	31,
				"omitted":	false,
				"sender":	true
			}
		}, {
			"streams":	[{
					"socket":	7,
					"start":	6.000155,
					"end":	7.000105,
					"seconds":	0.99994999170303345,
					"bytes":	23168,
					"bits_per_second":	185353.26920132994,
					"packets":	16,
					"omitted":	false,
					"sender":	true
				}],
			"sum":	{
				"start":	6.000155,
				"end":	7.000105,
				"seconds":	0.99994999170303345,
				"bytes":	23168,
				"bits_per_second":	185353.26920132994,
				"packets":	16,
				"omitted":	false,
				"sender":	true
			}
		}, {
			"streams":	[{
					"socket":	7,
					"start":	7.000105,
					"end":	8.000066,
					"seconds":	0.99996101856231689,
					"bytes":	46336,
					"bits_per_second":	370702.45051447372,
					"packets":	32,
					"omitted":	false,
					"sender":	true
				}],
			"sum":	{
				"start":	7.000105,
				"end":	8.000066,
				"seconds":	0.99996101856231689,
				"bytes":	46336,
				"bits_per_second":	370702.45051447372,
				"packets":	32,
				"omitted":	false,
				"sender":	true
			}
		}, {
			"streams":	[{
					"socket":	7,
					"start":	8.000066,
					"end":	9.000103,
					"seconds":	1.0000369548797607,
					"bytes":	21720,
					"bits_per_second":	173753.57895738163,
					"packets":	15,
					"omitted":	false,
					"sender":	true
				}],
			"sum":	{
				"start":	8.000066,
				"end":	9.000103,
				"seconds":	1.0000369548797607,
				"bytes":	21720,
				"bits_per_second":	173753.57895738163,
				"packets":	15,
				"omitted":	false,
				"sender":	true
			}
		}, {
			"streams":	[{
					"socket":	7,
					"start":	9.000103,
					"end":	10.000112,
					"seconds":	1.0000089406967163,
					"bytes":	47784,
					"bits_per_second":	382268.58225254191,
					"packets":	33,
					"omitted":	false,
					"sender":	true
				}],
			"sum":	{
				"start":	9.000103,
				"end":	10.000112,
				"seconds":	1.0000089406967163,
				"bytes":	47784,
				"bits_per_second":	382268.58225254191,
				"packets":	33,
				"omitted":	false,
				"sender":	true
			}
		}, {
			"streams":	[{
					"socket":	7,
					"start":	10.000112,
					"end":	11.000096,
					"seconds":	0.9999840259552002,
					"bytes":	20272,
					"bits_per_second":	162178.59064807257,
					"packets":	14,
					"omitted":	false,
					"sender":	true
				}],
			"sum":	{
				"start":	10.000112,
				"end":	11.000096,
				"seconds":	0.9999840259552002,
				"bytes":	20272,
				"bits_per_second":	162178.59064807257,
				"packets":	14,
				"omitted":	false,
				"sender":	true
			}
		}, {
			"streams":	[{
					"socket":	7,
					"start":	11.000096,
					"end":	12.000038,
					"seconds":	0.99994200468063354,
					"bytes":	49232,
					"bits_per_second":	393878.843129299,
					"packets":	34,
					"omitted":	false,
					"sender":	true
				}],
			"sum":	{
				"start":	11.000096,
				"end":	12.000038,
				"seconds":	0.99994200468063354,
				"bytes":	49232,
				"bits_per_second":	393878.843129299,
				"packets":	34,
				"omitted":	false,
				"sender":	true
			}
		}, {
			"streams":	[{
					"socket":	7,
					"start":	12.000038,
					"end":	13.000105,
					"seconds":	1.0000669956207275,
					"bytes":	18824,
					"bits_per_second":	150581.91167135723,
					"packets":	13,
					"omitted":	false,
					"sender":	true
				}],
			"sum":	{
				"start":	12.000038,
				"end":	13.000105,
				"seconds":	1.0000669956207275,
				"bytes":	18824,
				"bits_per_second":	150581.91167135723,
				"packets":	13,
				"omitted":	false,
				"sender":	true
			}
		}, {
			"streams":	[{
					"socket":	7,
					"start":	13.000105,
					"end":	14.00018,
					"seconds":	1.0000749826431274,
					"bytes":	52128,
					"bits_per_second":	416992.732782731,
					"packets":	36,
					"omitted":	false,
					"sender":	true
				}],
			"sum":	{
				"start":	13.000105,
				"end":	14.00018,
				"seconds":	1.0000749826431274,
				"bytes":	52128,
				"bits_per_second":	416992.732782731,
				"packets":	36,
				"omitted":	false,
				"sender":	true
			}
		}, {
			"streams":	[{
					"socket":	7,
					"start":	14.00018,
					"end":	15.000097,
					"seconds":	0.99991697072982788,
					"bytes":	15928,
					"bits_per_second":	127434.58080023853,
					"packets":	11,
					"omitted":	false,
					"sender":	true
				}],
			"sum":	{
				"start":	14.00018,
				"end":	15.000097,
				"seconds":	0.99991697072982788,
				"bytes":	15928,
				"bits_per_second":	127434.58080023853,
				"packets":	11,
				"omitted":	false,