{
	"start":	{
		"connected":	[{
				"socket":	7,
				"local_host":	"192.168.42.7",
				"local_port":	33601,
				"remote_host":	"192.168.42.1",
				"remote_port":	5206
			}],
		"version":	"iperf 3.7",
		"system_info":	"Linux rathan-VirtualBox 5.4.0-177-generic #197-Ubuntu SMP Thu Mar 28 22:45:47 UTC 2024 x86_64",
		"timestamp":	{
			"time":	"Thu, 07 Nov 2024 09:00:46 GMT",
			"timesecs":	1730970046
		},
		"connecting_to":	{
			"host":	"192.168.42.1",
			"port":	5206
		},
		"cookie":	"joubbweoymvpwxceaih67dp4zeryebfjtxja",
		"sock_bufsize":	0,
		"sndbuf_actual":	212992,
		"rcvbuf_actual":	212992,
		"test_start":	{
			"protocol":	"UDP",
			"num_streams":	1,
			"blksize":	1448,
			"omit":	0,
			"duration":	30,
			"bytes":	0,
			"blocks":	0,
			"reverse":	0,
			"tos":	0
		}
	},
	"intervals":	[{
			"streams":	[{
					"socket":	7,
					"start":	0,
					"end":	1.00045,
					"seconds":	1.0004500150680542,
					"bytes":	101360,
					"bits_per_second":	810515.2559219473,
					"packets":	70,
					"omitted":	false,
					"sender":	true
				}],
			"sum":	{
				"start":	0,
				"end":	1.00045,
				"seconds":	1.0004500150680542,
				"bytes":	101360,
				"bits_per_second":	810515.2559219473,
				"packets":	70,
				"omitted":	false,
				"sender":	true
			}
		}, {
			"streams":	[{
					"socket":	7,
					"start":	1.00045,
					"end":	2.000074,
					"seconds":	0.99962401390075684,
					"bytes":	34752,
					"bits_per_second":	278120.56946803356,
					"packets":	24,
					"omitted":	false,
					"sender":	true
				}],
			"sum":	{
				"start":	1.00045,
				"end":	2.000074,
				"seconds":	0.99962401390075684,
				"bytes":	34752,
				"bits_per_second":	278120.56946803356,
				"packets":	24,
				"omitted":	false,
				"sender":	true
			}
		}, {
			"streams":	[{
					"socket":	7,
					"start":	2.000074,
					"end":	3.000093,
					"seconds":	1.0000189542770386,
					"bytes":	36200,
					"bits_per_second":	289594.5109454107,
					"packets":	25,
					"omitted":	false,
					"sender":	true
				}],
			"sum":	{
				"start":	2.000074,
				"end":	3.000093,
				"seconds":	1.0000189542770386,
				"bytes":	36200,
				"bits_per_second":	289594.5109454107,
				"packets":	25,
				"omitted":	false,
				"sender":	true
			}
		}, {
			"streams":	[{
					"socket":	7,
					"start":	3.000093,
					"end":	4.000035,
					"seconds":	0.99994200468063354,
					"bytes":	34752,
					"bits_per_second":	278032.12456185807,
					"packets":	24,
					"omitted":	false,
					"sender":	true
				}],
			"sum":	{
				"start":	3.000093,
				"end":	4.000035,
				"seconds":	0.99994200468063354,
				"bytes":	34752,
				"bits_per_second":	278032.12456185807,
				"packets":	24,
				"omitted":	false,
				"sender":	true
			}
		}, {
			"streams":	[{
					"socket":	7,
					"start":	4.000035,
					"end":	5.00009,
					"seconds":	1.0000549554824829,
					"bytes":	36200,
					"bits_per_second":	289584.0857668473,
					"packets":	25,
					"omitted":	false,
					"sender":	true
				}],
			"sum":	{
				"start":	4.000035,
				"end":	5.00009,
				"seconds":	1.0000549554824829,
				"bytes":	36200,
				"bits_per_second":	289584.0857668473,
				"packets":	25,
				"omitted":	false,
				"sender":	true
			}
		}, {
			"streams":	[{
					"socket":	7,
					"start":	5.00009,
					"end":	6.000299,
					"seconds":	1.0002089738845825,
					"bytes":	34752,
					"bits_per_second":	277957.91405494948,
					"packets":	24,
					"omitted":	false,
					"sender":	true
				}],
			"sum":	{
				"start":	5.00009,
				"end":	6.000299,
				"seconds":	1.0002089738845825,
				"bytes":	34752,
				"bits_per_second":	277957.91405494948,
				"packets":	24,
				"omitted":	false,
				"sender":	true
			}
		}, {
			"streams":	[{
					"socket":	7,
					"start":	6.000299,
					"end":	7.000079,
					"seconds":	0.999779999256134,
					"bytes":	36200,
					"bits_per_second":	289663.72623524274,
					"packets":	25,
					"omitted":	false,
					"sender":	true
				}],
			"sum":	{
				"start":	6.000299,
				"end":	7.000079,
				"seconds":	0.999779999256134,
				"bytes":	36200,
				"bits_per_second":	289663.72623524274,
				"packets":	25,
				"omitted":	false,
				"sender":	true
			}
		}, {
			"streams":	[{
					"socket":	7,
					"start":	7.000079,
					"end":	8.000097,
					"seconds":	1.0000180006027222,
					"bytes":	34752,
					"bits_per_second":	278010.99563451519,
					"packets":	24,
					"omitted":	false,
					"sender":	true
				}],
			"sum":	{
				"start":	7.000079,
				"end":	8.000097,
				"seconds":	1.0000180006027222,
				"bytes":	34752,
				"bits_per_second":	278010.99563451519,
				"packets":	24,
				"omitted":	false,
				"sender":	true
			}
		}, {
			"streams":	[{
					"socket":	7,
					"start":	8.000097,
					"end":	9.000094,
					"seconds":	0.99999701976776123,
					"bytes":	34752,
					"bits_per_second":	278016.82855471538,
					"packets":	24,
					"omitted":	false,
					"sender":	true
				}],
			"sum":	{
				"start":	8.000097,
				"end":	9.000094,
				"seconds":	0.99999701976776123,
				"bytes":	34752,
				"bits_per_second":	278016.82855471538,
				"packets":	24,
				"omitted":	false,
				"sender":	true
			}
		}, {
			"streams":	[{
					"socket":	7,
					"start":	9.000094,
					"end":	10.000098,
					"seconds":	1.0000040531158447,
					"bytes":	34752,
					"bits_per_second":	278014.87317351246,
					"packets":	24,
					"omitted":	false,
					"sender":	true
				}],
			"sum":	{
				"start":	9.000094,
				"end":	10.000098,
				"seconds":	1.0000040531158447,
				"bytes":	34752,
				"bits_per_second":	278014.87317351246,
				"packets":	24,
				"omitted":	false,
				"sender":	true
			}
		}, {
			"streams":	[{
					"socket":	7,
					"start":	10.000098,
					"end":	11.000093,
					"seconds":	0.99999499320983887,
					"bytes":	34752,
					"bits_per_second":	278017.39197474276,
					"packets":	24,
					"omitted":	false,
					"sender":	true
				}],
			"sum":	{
				"start":	10.000098,
				"end":	11.000093,
				"seconds":	0.99999499320983887,
				"bytes":	34752,
				"bits_per_second":	278017.39197474276,
				"packets":	24,
				"omitted":	false,
				"sender":	true
			}
		}, {
			"streams":	[{
					"socket":	7,
					"start":	11.000093,
					"end":	12.0001,
					"seconds":	1.0000070333480835,
					"bytes":	33304,
					"bits_per_second":	266430.1261041832,
					"packets":	23,
					"omitted":	false,
					"sender":	true
				}],
			"sum":	{
				"start":	11.000093,
				"end":	12.0001,
				"seconds":	1.0000070333480835,
				"bytes":	33304,
				"bits_per_second":	266430.1261041832,
				"packets":	23,
				"omitted":	false,
				"sender":	true
			}
		}, {
			"streams":	[{
					"socket":	7,
					"start":	12.0001,
					"end":	13.000121,
					"seconds":	1.0000209808349609,
					"bytes":	36200,
					"bits_per_second":	289593.92407767323,
					"packets":	25,
					"omitted":	false,
					"sender":	true
				}],
			"sum":	{
				"start":	12.0001,
				"end":	13.000121,
				"seconds":	1.0000209808349609,
				"bytes":	36200,
				"bits_per_second":	289593.92407767323,
				"packets":	25,
				"omitted":	false,
				"sender":	true
			}
		}, {
			"streams":	[{
					"socket":	7,
					"start":	13.000121,
					"end":	14.000049,
					"seconds":	0.99992799758911133,
					"bytes":	34752,
					"bits_per_second":	278036.01926370087,
					"packets":	24,
					"omitted":	false,
					"sender":	true
				}],
			"sum":	{
				"start":	13.000121,
				"end":	14.000049,
				"seconds":	0.99992799758911133,
				"bytes":	34752,
				"bits_per_second":	278036.01926370087,
				"packets":	24,
				"omitted":	false,
				"sender":	true
			}
		}, {
			"streams":	[{
					"socket":	7,
					"start":	14.000049,
					"end":	15.0001,
					"seconds":	1.0000510215759277,
					"bytes":	36200,
					"bits_per_second":	289585.22490545991,
					"packets":	25,
					"omitted":	false,
					"sender":	true
				}],
			"sum":	{
				"start":	14.000049,
				"end":	15.0001,
				"seconds":	1.0000510215759277,
				"bytes":	36200,
				"bits_per_second":	289585.22490545991,
				"packets":	25,
				"omitted":	false,