{
	"start":	{
		"connected":	[{
				"socket":	7,
				"local_host":	"192.168.42.8",
				"local_port":	54590,
				"remote_host":	"192.168.42.1",
				"remote_port":	5207
			}],
		"version":	"iperf 3.7",
		"system_info":	"Linux rathan-VirtualBox 5.4.0-177-generic #197-Ubuntu SMP Thu Mar 28 22:45:47 UTC 2024 x86_64",
		"timestamp":	{
			"time":	"Thu, 07 Nov 2024 09:00:46 GMT",
			"timesecs":	1730970046
		},
		"connecting_to":	{
			"host":	"192.168.42.1",
			"port":	5207
		},
		"cookie":	"vxffzqd3ilmv47fcfar44tpm4i2kqt2kgsau",
		"sock_bufsize":	0,
		"sndbuf_actual":	212992,
		"rcvbuf_actual":	212992,
		"test_start":	{
			"protocol":	"UDP",
			"num_streams":	1,
			"blksize":	1448,
			"omit":	0,
			"duration":	30,
			"bytes":	0,
			"blocks":	0,
			"reverse":	0,
			"tos":	0
		}
	},
	"intervals":	[{
			"streams":	[{
					"socket":	7,
					"start":	0,
					"end":	1.000085,
					"seconds":	1.0000849962234497,
					"bytes":	104256,
					"bits_per_second":	833977.11509477347,
					"packets":	72,
					"omitted":	false,
					"sender":	true
				}],
			"sum":	{
				"start":	0,
				"end":	1.000085,
				"seconds":	1.0000849962234497,
				"bytes":	104256,
				"bits_per_second":	833977.11509477347,
				"packets":	72,
				"omitted":	false,
				"sender":	true
			}
		}, {
			"streams":	[{
					"socket":	7,
					"start":	1.000085,
					"end":	2.000067,
					"seconds":	0.99998199939727783,
					"bytes":	34752,
					"bits_per_second":	278021.00454565126,
					"packets":	24,
					"omitted":	false,
					"sender":	true
				}],
			"sum":	{
				"start":	1.000085,
				"end":	2.000067,
				"seconds":	0.99998199939727783,
				"bytes":	34752,
				"bits_per_second":	278021.00454565126,
				"packets":	24,
				"omitted":	false,
				"sender":	true
			}
		}, {
			"streams":	[{
					"socket":	7,
					"start":	2.000067,
					"end":	3.000084,
					"seconds":	1.0000170469284058,
					"bytes":	34752,
					"bits_per_second":	278011.26076194178,
					"packets":	24,
					"omitted":	false,
					"sender":	true
				}],
			"sum":	{
				"start":	2.000067,
				"end":	3.000084,
				"seconds":	1.0000170469284058,
				"bytes":	34752,
				"bits_per_second":	278011.26076194178,
				"packets":	24,
				"omitted":	false,
				"sender":	true
			}
		}, {
			"streams":	[{
					"socket":	7,
					"start":	3.000084,
					"end":	4.000096,
					"seconds":	1.0000120401382446,
					"bytes":	36200,
					"bits_per_second":	289596.5132179457,
					"packets":	25,
					"omitted":	false,
					"sender":	true
				}],
			"sum":	{
				"start":	3.000084,
				"end":	4.000096,
				"seconds":	1.0000120401382446,
				"bytes":	36200,
				"bits_per_second":	289596.5132179457,
				"packets":	25,
				"omitted":	false,
				"sender":	true
			}
		}, {
			"streams":	[{
					"socket":	7,
					"start":	4.000096,
					"end":	5.000071,
					"seconds":	0.99997502565383911,
					"bytes":	34752,
					"bits_per_second":	278022.94344123016,
					"packets":	24,
					"omitted":	false,
					"sender":	true
				}],
			"sum":	{
				"start":	4.000096,
				"end":	5.000071,
				"seconds":	0.99997502565383911,
				"bytes":	34752,
				"bits_per_second":	278022.94344123016,
				"packets":	24,
				"omitted":	false,
				"sender":	true
			}
		}, {
			"streams":	[{
					"socket":	7,
					"start":	5.000071,
					"end":	6.000017,
					"seconds":	0.9999459981918335,
					"bytes":	34752,
					"bits_per_second":	278031.01417749195,
					"packets":	24,
					"omitted":	false,
					"sender":	true
				}],
			"sum":	{
				"start":	5.000071,
				"end":	6.000017,
				"seconds":	0.9999459981918335,
				"bytes":	34752,
				"bits_per_second":	278031.01417749195,
				"packets":	24,
				"omitted":	false,
				"sender":	true
			}
		}, {
			"streams":	[{
					"socket":	7,
					"start":	6.000017,
					"end":	7.000099,
					"seconds":	1.0000820159912109,
					"bytes":	36200,
					"bits_per_second":	289576.2501168155,
					"packets":	25,
					"omitted":	false,
					"sender":	true
				}],
			"sum":	{
				"start":	6.000017,
				"end":	7.000099,
				"seconds":	1.0000820159912109,
				"bytes":	36200,
				"bits_per_second":	289576.2501168155,
				"packets":	25,
				"omitted":	false,
				"sender":	true
			}
		}, {
			"streams":	[{
					"socket":	7,
					"start":	7.000099,
					"end":	8.000098,
					"seconds":	0.99999898672103882,
					"bytes":	34752,
					"bits_per_second":	278016.28170804912,
					"packets":	24,
					"omitted":	false,
					"sender":	true
				}],
			"sum":	{
				"start":	7.000099,
				"end":	8.000098,
				"seconds":	0.99999898672103882,
				"bytes":	34752,
				"bits_per_second":	278016.28170804912,
				"packets":	24,
				"omitted":	false,
				"sender":	true
			}
		}, {
			"streams":	[{
					"socket":	7,
					"start":	8.000098,
					"end":	9.00009,
					"seconds":	0.9999920129776001,
					"bytes":	34752,
					"bits_per_second":	278018.220537755,
					"packets":	24,
					"omitted":	false,
					"sender":	true
				}],
			"sum":	{
				"start":	8.000098,
				"end":	9.00009,
				"seconds":	0.9999920129776001,
				"bytes":	34752,
				"bits_per_second":	278018.220537755,
				"packets":	24,
				"omitted":	false,
				"sender":	true
			}
		}, {
			"streams":	[{
					"socket":	7,
					"start":	9.00009,
					"end":	10.000104,
					"seconds":	1.0000139474868774,
					"bytes":	33304,
					"bits_per_second":	266428.28399500519,
					"packets":	23,
					"omitted":	false,
					"sender":	true
				}],
			"sum":	{
				"start":	9.00009,
				"end":	10.000104,
				"seconds":	1.0000139474868774,
				"bytes":	33304,
				"bits_per_second":	266428.28399500519,
				"packets":	23,
				"omitted":	false,
				"sender":	true
			}
		}, {
			"streams":	[{
					"socket":	7,
					"start":	10.000104,
					"end":	11.000093,
					"seconds":	0.99998897314071655,
					"bytes":	36200,
					"bits_per_second":	289603.19341366179,
					"packets":	25,
					"omitted":	false,
					"sender":	true
				}],
			"sum":	{
				"start":	10.000104,
				"end":	11.000093,
				"seconds":	0.99998897314071655,
				"bytes":	36200,
				"bits_per_second":	289603.19341366179,
				"packets":	25,
				"omitted":	false,
				"sender":	true
			}
		}, {
			"streams":	[{
					"socket":	7,
					"start":	11.000093,
					"end":	12.000049,
					"seconds":	0.99995601177215576,
					"bytes":	34752,
					"bits_per_second":	278028.229969127,
					"packets":	24,
					"omitted":	false,
					"sender":	true
				}],
			"sum":	{
				"start":	11.000093,
				"end":	12.000049,
				"seconds":	0.99995601177215576,
				"bytes":	34752,
				"bits_per_second":	278028.229969127,
				"packets":	24,
				"omitted":	false,
				"sender":	true
			}
		}, {
			"streams":	[{
					"socket":	7,
					"start":	12.000049,
					"end":	13.000051,
					"seconds":	1.0000020265579224,
					"bytes":	34752,
					"bits_per_second":	278015.43658561446,
					"packets":	24,
					"omitted":	false,
					"sender":	true
				}],
			"sum":	{
				"start":	12.000049,
				"end":	13.000051,
				"seconds":	1.0000020265579224,
				"bytes":	34752,
				"bits_per_second":	278015.43658561446,
				"packets":	24,
				"omitted":	false,
				"sender":	true
			}
		}, {
			"streams":	[{
					"socket":	7,
					"start":	13.000051,
					"end":	14.000258,
					"seconds":	1.0002069473266602,
					"bytes":	36200,
					"bits_per_second":	289540.080454389,
					"packets":	25,
					"omitted":	false,
					"sender":	true
				}],
			"sum":	{
				"start":	13.000051,
				"end":	14.000258,
				"seconds":	1.0002069473266602,
				"bytes":	36200,
				"bits_per_second":	289540.080454389,
				"packets":	25,
				"omitted":	false,
				"sender":	true
			}
		}, {
			"streams":	[{
					"socket":	7,
					"start":	14.000258,
					"end":	15.000118,
					"seconds":	0.99985998868942261,
					"bytes":	34752,
					"bits_per_second":	278054.93083527876,
					"packets":	24,
					"omitted":	false,
					"sender":	true
				}],
			"sum":	{
				"start":	14.000258,
				"end":	15.000118,
				"seconds":	0.99985998868942261,
				"bytes":	34752,
				"bits_per_second":	278054.93083527876,
				"packets":	24,
				"omitted":	false,