{
	"start":	{
		"connected":	[{
				"socket":	7,
				"local_host":	"192.168.42.9",
				"local_port":	54011,
				"remote_host":	"192.168.42.1",
				"remote_port":	5208
			}],
		"version":	"iperf 3.7",
		"system_info":	"Linux rathan-VirtualBox 5.4.0-177-generic #197-Ubuntu SMP Thu Mar 28 22:45:47 UTC 2024 x86_64",
		"timestamp":	{
			"time":	"Thu, 07 Nov 2024 09:00:46 GMT",
			"timesecs":	1730970046
		},
		"connecting_to":	{
			"host":	"192.168.42.1",
			"port":	5208
		},
		"cookie":	"odw3mwu7wh5zrd23xj7dsgowey5ayykggpob",
		"sock_bufsize":	0,
		"sndbuf_actual":	212992,
		"rcvbuf_actual":	212992,
		"test_start":	{
			"protocol":	"UDP",
			"num_streams":	1,
			"blksize":	1448,
			"omit":	0,
			"duration":	30,
			"bytes":	0,
			"blocks":	0,
			"reverse":	0,
			"tos":	0
		}
	},
	"intervals":	[{
			"streams":	[{
					"socket":	7,
					"start":	0,
					"end":	1.000155,
					"seconds":	1.000154972076416,
					"bytes":	102808,
					"bits_per_second":	822336.56079566071,
					"packets":	71,
					"omitted":	false,
					"sender":	true
				}],
			"sum":	{
				"start":	0,
				"end":	1.000155,
				"seconds":	1.000154972076416,
				"bytes":	102808,
				"bits_per_second":	822336.56079566071,
				"packets":	71,
				"omitted":	false,
				"sender":	true
			}
		}, {
			"streams":	[{
					"socket":	7,
					"start":	1.000155,
					"end":	2.00039,
					"seconds":	1.0002349615097046,
					"bytes":	34752,
					"bits_per_second":	277950.69228571712,
					"packets":	24,
					"omitted":	false,
					"sender":	true
				}],
			"sum":	{
				"start":	1.000155,
				"end":	2.00039,
				"seconds":	1.0002349615097046,
				"bytes":	34752,
				"bits_per_second":	277950.69228571712,
				"packets":	24,
				"omitted":	false,
				"sender":	true
			}
		}, {
			"streams":	[{
					"socket":	7,
					"start":	2.00039,
					"end":	3.000173,
					"seconds":	0.9997829794883728,
					"bytes":	36200,
					"bits_per_second":	289662.86278268049,
					"packets":	25,
					"omitted":	false,
					"sender":	true
				}],
			"sum":	{
				"start":	2.00039,
				"end":	3.000173,
				"seconds":	0.9997829794883728,
				"bytes":	36200,
				"bits_per_second":	289662.86278268049,
				"packets":	25,
				"omitted":	false,
				"sender":	true
			}
		}, {
			"streams":	[{
					"socket":	7,
					"start":	3.000173,
					"end":	4.000085,
					"seconds":	0.99991202354431152,
					"bytes":	34752,
					"bits_per_second":	278040.461014298,
					"packets":	24,
					"omitted":	false,
					"sender":	true
				}],
			"sum":	{
				"start":	3.000173,
				"end":	4.000085,
				"seconds":	0.99991202354431152,
				"bytes":	34752,
				"bits_per_second":	278040.461014298,
				"packets":	24,
				"omitted":	false,
				"sender":	true
			}
		}, {
			"streams":	[{
					"socket":	7,
					"start":	4.000085,
					"end":	5.000067,
					"seconds":	0.99998199939727783,
					"bytes":	36200,
					"bits_per_second":	289605.21306838671,
					"packets":	25,
					"omitted":	false,
					"sender":	true
				}],
			"sum":	{
				"start":	4.000085,
				"end":	5.000067,
				"seconds":	0.99998199939727783,
				"bytes":	36200,
				"bits_per_second":	289605.21306838671,
				"packets":	25,
				"omitted":	false,
				"sender":	true
			}
		}, {
			"streams":	[{
					"socket":	7,
					"start":	5.000067,
					"end":	6.000206,
					"seconds":	1.0001389980316162,
					"bytes":	34752,
					"bits_per_second":	277977.36169389071,
					"packets":	24,
					"omitted":	false,
					"sender":	true
				}],
			"sum":	{
				"start":	5.000067,
				"end":	6.000206,
				"seconds":	1.0001389980316162,
				"bytes":	34752,
				"bits_per_second":	277977.36169389071,
				"packets":	24,
				"omitted":	false,
				"sender":	true
			}
		}, {
			"streams":	[{
					"socket":	7,
					"start":	6.000206,
					"end":	7.000078,
					"seconds":	0.99987202882766724,
					"bytes":	36200,
					"bits_per_second":	289637.065194784,
					"packets":	25,
					"omitted":	false,
					"sender":	true
				}],
			"sum":	{
				"start":	6.000206,
				"end":	7.000078,
				"seconds":	0.99987202882766724,
				"bytes":	36200,
				"bits_per_second":	289637.065194784,
				"packets":	25,
				"omitted":	false,
				"sender":	true
			}
		}, {
			"streams":	[{
					"socket":	7,
					"start":	7.000078,
					"end":	8.000284,
					"seconds":	1.0002059936523438,
					"bytes":	34752,
					"bits_per_second":	277958.74226348026,
					"packets":	24,
					"omitted":	false,
					"sender":	true
				}],
			"sum":	{
				"start":	7.000078,
				"end":	8.000284,
				"seconds":	1.0002059936523438,
				"bytes":	34752,
				"bits_per_second":	277958.74226348026,
				"packets":	24,
				"omitted":	false,
				"sender":	true
			}
		}, {
			"streams":	[{
					"socket":	7,
					"start":	8.000284,
					"end":	9.002754,
					"seconds":	1.0024700164794922,
					"bytes":	34752,
					"bits_per_second":	277330.98788963875,
					"packets":	24,
					"omitted":	false,
					"sender":	true
				}],
			"sum":	{
				"start":	8.000284,
				"end":	9.002754,
				"seconds":	1.0024700164794922,
				"bytes":	34752,
				"bits_per_second":	277330.98788963875,
				"packets":	24,
				"omitted":	false,
				"sender":	true
			}
		}, {
			"streams":	[{
					"socket":	7,
					"start":	9.002754,
					"end":	10.000129,
					"seconds":	0.9973750114440918,
					"bytes":	33304,
					"bits_per_second":	267133.22164973343,
					"packets":	23,
					"omitted":	false,
					"sender":	true
				}],
			"sum":	{
				"start":	9.002754,
				"end":	10.000129,
				"seconds":	0.9973750114440918,
				"bytes":	33304,
				"bits_per_second":	267133.22164973343,
				"packets":	23,
				"omitted":	false,
				"sender":	true
			}
		}, {
			"streams":	[{
					"socket":	7,
					"start":	10.000129,
					"end":	11.000096,
					"seconds":	0.99996697902679443,
					"bytes":	36200,
					"bits_per_second":	289609.56318962615,
					"packets":	25,
					"omitted":	false,
					"sender":	true
				}],
			"sum":	{
				"start":	10.000129,
				"end":	11.000096,
				"seconds":	0.99996697902679443,
				"bytes":	36200,
				"bits_per_second":	289609.56318962615,
				"packets":	25,
				"omitted":	false,
				"sender":	true
			}
		}, {
			"streams":	[{
					"socket":	7,
					"start":	11.000096,
					"end":	12.000032,
					"seconds":	0.99993598461151123,
					"bytes":	33304,
					"bits_per_second":	266449.05683988606,
					"packets":	23,
					"omitted":	false,
					"sender":	true
				}],
			"sum":	{
				"start":	11.000096,
				"end":	12.000032,
				"seconds":	0.99993598461151123,
				"bytes":	33304,
				"bits_per_second":	266449.05683988606,
				"packets":	23,
				"omitted":	false,
				"sender":	true
			}
		}, {
			"streams":	[{
					"socket":	7,
					"start":	12.000032,
					"end":	13.000047,
					"seconds":	1.0000150203704834,
					"bytes":	36200,
					"bits_per_second":	289595.65016604413,
					"packets":	25,
					"omitted":	false,
					"sender":	true
				}],
			"sum":	{
				"start":	12.000032,
				"end":	13.000047,
				"seconds":	1.0000150203704834,
				"bytes":	36200,
				"bits_per_second":	289595.65016604413,
				"packets":	25,
				"omitted":	false,
				"sender":	true
			}
		}, {
			"streams":	[{
					"socket":	7,
					"start":	13.000047,
					"end":	14.000127,
					"seconds":	1.0000799894332886,
					"bytes":	34752,
					"bits_per_second":	277993.763436405,
					"packets":	24,
					"omitted":	false,
					"sender":	true
				}],
			"sum":	{
				"start":	13.000047,
				"end":	14.000127,
				"seconds":	1.0000799894332886,
				"bytes":	34752,
				"bits_per_second":	277993.763436405,
				"packets":	24,
				"omitted":	false,
				"sender":	true
			}
		}, {
			"streams":	[{
					"socket":	7,
					"start":	14.000127,
					"end":	15.000059,
					"seconds":	0.99993199110031128,
					"bytes":	36200,
					"bits_per_second":	289619.6967169019,
					"packets":	25,
					"omitted":	false,
					"sender":	true
				}],
			"sum":	{
				"start":	14.000127,
				"end":	15.000059,
				"seconds":	0.99993199110031128,
				"bytes":	36200,
				"bits_per_second":	289619.6967169019,
				"packets":	25,
				"omitted":	false,