{
	"start":	{
		"connected":	[{
				"socket":	7,
				"local_host":	"192.168.42.10",
				"local_port":	37777,
				"remote_host":	"192.168.42.1",
				"remote_port":	5209
			}],
		"version":	"iperf 3.7",
		"system_info":	"Linux rathan-VirtualBox 5.4.0-177-generic #197-Ubuntu SMP Thu Mar 28 22:45:47 UTC 2024 x86_64",
		"timestamp":	{
			"time":	"Thu, 07 Nov 2024 09:00:46 GMT",
			"timesecs":	1730970046
		},
		"connecting_to":	{
			"host":	"192.168.42.1",
			"port":	5209
		},
		"cookie":	"vwzwuvmxk3jg47aigotif43elltwg5kvzgwn",
		"sock_bufsize":	0,
		"sndbuf_actual":	212992,
		"rcvbuf_actual":	212992,
		"test_start":	{
			"protocol":	"UDP",
			"num_streams":	1,
			"blksize":	1448,
			"omit":	0,
			"duration":	30,
			"bytes":	0,
			"blocks":	0,
			"reverse":	0,
			"tos":	0
		}
	},
	"intervals":	[{
			"streams":	[{
					"socket":	7,
					"start":	0,
					"end":	1.000489,
					"seconds":	1.0004889965057373,
					"bytes":	102808,
					"bits_per_second":	822062.01454738691,
					"packets":	71,
					"omitted":	false,
					"sender":	true
				}],
			"sum":	{
				"start":	0,
				"end":	1.000489,
				"seconds":	1.0004889965057373,
				"bytes":	102808,
				"bits_per_second":	822062.01454738691,
				"packets":	71,
				"omitted":	false,
				"sender":	true
			}
		}, {
			"streams":	[{
					"socket":	7,
					"start":	1.000489,
					"end":	2.000107,
					"seconds":	0.99961799383163452,
					"bytes":	34752,
					"bits_per_second":	278122.24441292539,
					"packets":	24,
					"omitted":	false,
					"sender":	true
				}],
			"sum":	{
				"start":	1.000489,
				"end":	2.000107,
				"seconds":	0.99961799383163452,
				"bytes":	34752,
				"bits_per_second":	278122.24441292539,
				"packets":	24,
				"omitted":	false,
				"sender":	true
			}
		}, {
			"streams":	[{
					"socket":	7,
					"start":	2.000107,
					"end":	3.000507,
					"seconds":	1.0003999471664429,
					"bytes":	36200,
					"bits_per_second":	289484.2216058388,
					"packets":	25,
					"omitted":	false,
					"sender":	true
				}],
			"sum":	{
				"start":	2.000107,
				"end":	3.000507,
				"seconds":	1.0003999471664429,
				"bytes":	36200,
				"bits_per_second":	289484.2216058388,
				"packets":	25,
				"omitted":	false,
				"sender":	true
			}
		}, {
			"streams":	[{
					"socket":	7,
					"start":	3.000507,
					"end":	4.000098,
					"seconds":	0.99959099292755127,
					"bytes":	34752,
					"bits_per_second":	278129.75703768688,
					"packets":	24,
					"omitted":	false,
					"sender":	true
				}],
			"sum":	{
				"start":	3.000507,
				"end":	4.000098,
				"seconds":	0.99959099292755127,
				"bytes":	34752,
				"bits_per_second":	278129.75703768688,
				"packets":	24,
				"omitted":	false,
				"sender":	true
			}
		}, {
			"streams":	[{
					"socket":	7,
					"start":	4.000098,
					"end":	5.000077,
					"seconds":	0.99997901916503906,
					"bytes":	36200,
					"bits_per_second":	289606.07617728796,
					"packets":	25,
					"omitted":	false,
					"sender":	true
				}],
			"sum":	{
				"start":	4.000098,
				"end":	5.000077,
				"seconds":	0.99997901916503906,
				"bytes":	36200,
				"bits_per_second":	289606.07617728796,
				"packets":	25,
				"omitted":	false,
				"sender":	true
			}
		}, {
			"streams":	[{
					"socket":	7,
					"start":	5.000077,
					"end":	6.000023,
					"seconds":	0.9999459981918335,
					"bytes":	34752,
					"bits_per_second":	278031.01417749195,
					"packets":	24,
					"omitted":	false,
					"sender":	true
				}],
			"sum":	{
				"start":	5.000077,
				"end":	6.000023,
				"seconds":	0.9999459981918335,
				"bytes":	34752,
				"bits_per_second":	278031.01417749195,
				"packets":	24,
				"omitted":	false,
				"sender":	true
			}
		}, {
			"streams":	[{
					"socket":	7,
					"start":	6.000023,
					"end":	7.000097,
					"seconds":	1.000074028968811,
					"bytes":	34752,
					"bits_per_second":	277995.42028570204,
					"packets":	24,
					"omitted":	false,
					"sender":	true
				}],
			"sum":	{
				"start":	6.000023,
				"end":	7.000097,
				"seconds":	1.000074028968811,
				"bytes":	34752,
				"bits_per_second":	277995.42028570204,
				"packets":	24,
				"omitted":	false,
				"sender":	true
			}
		}, {
			"streams":	[{
					"socket":	7,
					"start":	7.000097,
					"end":	8.000131,
					"seconds":	1.000033974647522,
					"bytes":	36200,
					"bits_per_second":	289590.16127634479,
					"packets":	25,
					"omitted":	false,
					"sender":	true
				}],
			"sum":	{
				"start":	7.000097,
				"end":	8.000131,
				"seconds":	1.000033974647522,
				"bytes":	36200,
				"bits_per_second":	289590.16127634479,
				"packets":	25,
				"omitted":	false,
				"sender":	true
			}
		}, {
			"streams":	[{
					"socket":	7,
					"start":	8.000131,
					"end":	9.001749,
					"seconds":	1.0016180276870728,
					"bytes":	34752,
					"bits_per_second":	277566.88908844028,
					"packets":	24,
					"omitted":	false,
					"sender":	true
				}],
			"sum":	{
				"start":	8.000131,
				"end":	9.001749,
				"seconds":	1.0016180276870728,
				"bytes":	34752,
				"bits_per_second":	277566.88908844028,
				"packets":	24,
				"omitted":	false,
				"sender":	true
			}
		}, {
			"streams":	[{
					"socket":	7,
					"start":	9.001749,
					"end":	10.000094,
					"seconds":	0.9983450174331665,
					"bytes":	34752,
					"bits_per_second":	278476.8743723525,
					"packets":	24,
					"omitted":	false,
					"sender":	true
				}],
			"sum":	{
				"start":	9.001749,
				"end":	10.000094,
				"seconds":	0.9983450174331665,
				"bytes":	34752,
				"bits_per_second":	278476.8743723525,
				"packets":	24,
				"omitted":	false,
				"sender":	true
			}
		}, {
			"streams":	[{
					"socket":	7,
					"start":	10.000094,
					"end":	11.000097,
					"seconds":	1.0000029802322388,
					"bytes":	33304,
					"bits_per_second":	266431.20597313053,
					"packets":	23,
					"omitted":	false,
					"sender":	true
				}],
			"sum":	{
				"start":	10.000094,
				"end":	11.000097,
				"seconds":	1.0000029802322388,
				"bytes":	33304,
				"bits_per_second":	266431.20597313053,
				"packets":	23,
				"omitted":	false,
				"sender":	true
			}
		}, {
			"streams":	[{
					"socket":	7,
					"start":	11.000097,
					"end":	12.000033,
					"seconds":	0.99993598461151123,
					"bytes":	34752,
					"bits_per_second":	278033.79844162025,
					"packets":	24,
					"omitted":	false,
					"sender":	true
				}],
			"sum":	{
				"start":	11.000097,
				"end":	12.000033,
				"seconds":	0.99993598461151123,
				"bytes":	34752,
				"bits_per_second":	278033.79844162025,
				"packets":	24,
				"omitted":	false,
				"sender":	true
			}
		}, {
			"streams":	[{
					"socket":	7,
					"start":	12.000033,
					"end":	13.000097,
					"seconds":	1.0000640153884888,
					"bytes":	36200,
					"bits_per_second":	289581.46233018977,
					"packets":	25,
					"omitted":	false,
					"sender":	true
				}],
			"sum":	{
				"start":	12.000033,
				"end":	13.000097,
				"seconds":	1.0000640153884888,
				"bytes":	36200,
				"bits_per_second":	289581.46233018977,
				"packets":	25,
				"omitted":	false,
				"sender":	true
			}
		}, {
			"streams":	[{
					"socket":	7,
					"start":	13.000097,
					"end":	14.000135,
					"seconds":	1.0000380277633667,
					"bytes":	34752,
					"bits_per_second":	278005.42807536648,
					"packets":	24,
					"omitted":	false,
					"sender":	true
				}],
			"sum":	{
				"start":	13.000097,
				"end":	14.000135,
				"seconds":	1.0000380277633667,
				"bytes":	34752,
				"bits_per_second":	278005.42807536648,
				"packets":	24,
				"omitted":	false,
				"sender":	true
			}
		}, {
			"streams":	[{
					"socket":	7,
					"start":	14.000135,
					"end":	15.000115,
					"seconds":	0.99997997283935547,
					"bytes":	36200,
					"bits_per_second":	289605.79998187983,
					"packets":	25,
					"omitted":	false,
					"sender":	true
				}],
			"sum":	{
				"start":	14.000135,
				"end":	15.000115,
				"seconds":	0.99997997283935547,
				"bytes":	36200,
				"bits_per_second":	289605.79998187983,
				"packets":	25,
				"omitted":	false,