{
	"start":	{
		"connected":	[{
				"socket":	7,
				"local_host":	"192.168.42.2",
				"local_port":	38336,
				"remote_host":	"192.168.42.1",
				"remote_port":	5201
			}],
		"version":	"iperf 3.7",
		"system_info":	"Linux rathan-VirtualBox 5.4.0-177-generic #197-Ubuntu SMP Thu Mar 28 22:45:47 UTC 2024 x86_64",
		"timestamp":	{
			"time":	"Wed, 06 Nov 2024 09:17:04 GMT",
			"timesecs":	1730884624
		},
		"connecting_to":	{
			"host":	"192.168.42.1",
			"port":	5201
		},
		"cookie":	"c3h6re3c7kpz6iuwhraemee7pxb7pqivsg36",
		"tcp_mss_default":	1448,
		"sock_bufsize":	0,
		"sndbuf_actual":	87380,
		"rcvbuf_actual":	87380,
		"test_start":	{
			"protocol":	"TCP",
			"num_streams":	1,
			"blksize":	131072,
			"omit":	0,
			"duration":	30,
			"bytes":	0,
			"blocks":	0,
			"reverse":	0,
			"tos":	0
		}
	},
	"intervals":	[{
			"streams":	[{
					"socket":	7,
					"start":	0,
					"end":	1.002504,
					"seconds":	1.0025039911270142,
					"bytes":	157832,
					"bits_per_second":	1259502.2176226182,
					"retransmits":	10,
					"snd_cwnd":	13032,
					"rtt":	59830,
					"rttvar":	23669,
					"pmtu":	1500,
					"omitted":	false,
					"sender":	true
				}],
			"sum":	{
				"start":	0,
				"end":	1.002504,
				"seconds":	1.0025039911270142,
				"bytes":	157832,
				"bits_per_second":	1259502.2176226182,
				"retransmits":	10,
				"omitted":	false,
				"sender":	true
			}
		}, {
			"streams":	[{
					"socket":	7,
					"start":	1.002504,
					"end":	2.000656,
					"seconds":	0.99815201759338379,
					"bytes":	91224,
					"bits_per_second":	731143.13965880766,
					"retransmits":	4,
					"snd_cwnd":	14480,
					"rtt":	69297,
					"rttvar":	50245,
					"pmtu":	1500,
					"omitted":	false,
					"sender":	true
				}],
			"sum":	{
				"start":	1.002504,
				"end":	2.000656,
				"seconds":	0.99815201759338379,
				"bytes":	91224,
				"bits_per_second":	731143.13965880766,
				"retransmits":	4,
				"omitted":	false,
				"sender":	true
			}
		}, {
			"streams":	[{
					"socket":	7,
					"start":	2.000656,
					"end":	3.002325,
					"seconds":	1.0016690492630005,
					"bytes":	0,
					"bits_per_second":	0,
					"retransmits":	4,
					"snd_cwnd":	1448,
					"rtt":	97831,
					"rttvar":	104898,
					"pmtu":	1500,
					"omitted":	false,
					"sender":	true
				}],
			"sum":	{
				"start":	2.000656,
				"end":	3.002325,
				"seconds":	1.0016690492630005,
				"bytes":	0,
				"bits_per_second":	0,
				"retransmits":	4,
				"omitted":	false,
				"sender":	true
			}
		}, {
			"streams":	[{
					"socket":	7,
					"start":	3.002325,
					"end":	4.000093,
					"seconds":	0.997767984867096,
					"bytes":	181000,
					"bits_per_second":	1451239.187828697,
					"retransmits":	5,
					"snd_cwnd":	14480,
					"rtt":	69833,
					"rttvar":	38534,
					"pmtu":	1500,
					"omitted":	false,
					"sender":	true
				}],
			"sum":	{
				"start":	3.002325,
				"end":	4.000093,
				"seconds":	0.997767984867096,
				"bytes":	181000,
				"bits_per_second":	1451239.187828697,
				"retransmits":	5,
				"omitted":	false,
				"sender":	true
			}
		}, {
			"streams":	[{
					"socket":	7,
					"start":	4.000093,
					"end":	5.001127,
					"seconds":	1.0010340213775635,
					"bytes":	175208,
					"bits_per_second":	1400216.1465712357,
					"retransmits":	0,
					"snd_cwnd":	17376,
					"rtt":	13855,
					"rttvar":	3031,
					"pmtu":	1500,
					"omitted":	false,
					"sender":	true
				}],
			"sum":	{
				"start":	4.000093,
				"end":	5.001127,
				"seconds":	1.0010340213775635,
				"bytes":	175208,
				"bits_per_second":	1400216.1465712357,
				"retransmits":	0,
				"omitted":	false,
				"sender":	true
			}
		}, {
			"streams":	[{
					"socket":	7,
					"start":	5.001127,
					"end":	6.000994,
					"seconds":	0.9998670220375061,
					"bytes":	231680,
					"bits_per_second":	1853686.4994537998,
					"retransmits":	4,
					"snd_cwnd":	17376,
					"rtt":	22927,
					"rttvar":	5293,
					"pmtu":	1500,
					"omitted":	false,
					"sender":	true
				}],
			"sum":	{
				"start":	5.001127,
				"end":	6.000994,
				"seconds":	0.9998670220375061,
				"bytes":	231680,
				"bits_per_second":	1853686.4994537998,
				"retransmits":	4,
				"omitted":	false,
				"sender":	true
			}
		}, {
			"streams":	[{
					"socket":	7,
					"start":	6.000994,
					"end":	7.003295,
					"seconds":	1.0023009777069092,
					"bytes":	0,
					"bits_per_second":	0,
					"retransmits":	9,
					"snd_cwnd":	1448,
					"rtt":	72672,
					"rttvar":	46377,
					"pmtu":	1500,
					"omitted":	false,
					"sender":	true
				}],
			"sum":	{
				"start":	6.000994,
				"end":	7.003295,
				"seconds":	1.0023009777069092,
				"bytes":	0,
				"bits_per_second":	0,
				"retransmits":	9,
				"omitted":	false,
				"sender":	true
			}
		}, {
			"streams":	[{
					"socket":	7,
					"start":	7.003295,
					"end":	8.002599,
					"seconds":	0.99930399656295776,
					"bytes":	0,
					"bits_per_second":	0,
					"retransmits":	3,
					"snd_cwnd":	5792,
					"rtt":	159338,
					"rttvar":	208115,
					"pmtu":	1500,
					"omitted":	false,
					"sender":	true
				}],
			"sum":	{
				"start":	7.003295,
				"end":	8.002599,
				"seconds":	0.99930399656295776,
				"bytes":	0,
				"bits_per_second":	0,
				"retransmits":	3,
				"omitted":	false,
				"sender":	true
			}
		}, {
			"streams":	[{
					"socket":	7,
					"start":	8.002599,
					"end":	9.002467,
					"seconds":	0.99986797571182251,
					"bytes":	65160,
					"bits_per_second":	521348.83070826641,
					"retransmits":	4,
					"snd_cwnd":	10136,
					"rtt":	29954,
					"rttvar":	8810,
					"pmtu":	1500,
					"omitted":	false,
					"sender":	true
				}],
			"sum":	{
				"start":	8.002599,
				"end":	9.002467,
				"seconds":	0.99986797571182251,
				"bytes":	65160,
				"bits_per_second":	521348.83070826641,
				"retransmits":	4,
				"omitted":	false,
				"sender":	true
			}
		}, {
			"streams":	[{
					"socket":	7,
					"start":	9.002467,
					"end":	10.000247,
					"seconds":	0.99778002500534058,
					"bytes":	149144,
					"bits_per_second":	1195806.6608856132,
					"retransmits":	6,
					"snd_cwnd":	11584,
					"rtt":	42310,
					"rttvar":	9152,
					"pmtu":	1500,
					"omitted":	false,
					"sender":	true
				}],
			"sum":	{
				"start":	9.002467,
				"end":	10.000247,
				"seconds":	0.99778002500534058,
				"bytes":	149144,
				"bits_per_second":	1195806.6608856132,
				"retransmits":	6,
				"omitted":	false,
				"sender":	true
			}
		}, {
			"streams":	[{
					"socket":	7,
					"start":	10.000247,
					"end":	11.003116,
					"seconds":	1.0028690099716187,
					"bytes":	68056,
					"bits_per_second":	542890.44190866756,
					"retransmits":	6,
					"snd_cwnd":	8688,
					"rtt":	61853,
					"rttvar":	13878,
					"pmtu":	1500,
					"omitted":	false,
					"sender":	true
				}],
			"sum":	{
				"start":	10.000247,
				"end":	11.003116,
				"seconds":	1.0028690099716187,
				"bytes":	68056,
				"bits_per_second":	542890.44190866756,
				"retransmits":	6,
				"omitted":	false,
				"sender":	true
			}
		}, {
			"streams":	[{
					"socket":	7,
					"start":	11.003116,
					"end":	12.000077,
					"seconds":	0.99696099758148193,
					"bytes":	68056,
					"bits_per_second":	546107.62238519976,
					"retransmits":	4,
					"snd_cwnd":	10136,
					"rtt":	23803,
					"rttvar":	9979,
					"pmtu":	1500,
					"omitted":	false,
					"sender":	true
				}],
			"sum":	{
				"start":	11.003116,
				"end":	12.000077,
				"seconds":	0.99696099758148193,
				"bytes":	68056,
				"bits_per_second":	546107.62238519976,
				"retransmits":	4,
				"omitted":	false,
				"sender":	true
			}
		}, {
			"streams":	[{
					"socket":	7,
					"start":	12.000077,
					"end":	13.002115,
					"seconds":	1.0020380020141602,
					"bytes":	73848,
					"bits_per_second":	589582.42982051231,
					"retransmits":	6,
					"snd_cwnd":	5792,
					"rtt":	97933,
					"rttvar":	70723,
					"pmtu":	1500,
					"omitted":	false,
					"sender":	true
				}],
			"sum":	{
				"start":	12.000077,
				"end":	13.002115,
				"seconds":	1.0020380020141602,
				"bytes":	73848,