{
	"start":	{
		"connected":	[{
				"socket":	7,
				"local_host":	"192.168.42.3",
				"local_port":	59476,
				"remote_host":	"192.168.42.1",
				"remote_port":	5202
			}],
		"version":	"iperf 3.7",
		"system_info":	"Linux rathan-VirtualBox 5.4.0-177-generic #197-Ubuntu SMP Thu Mar 28 22:45:47 UTC 2024 x86_64",
		"timestamp":	{
			"time":	"Wed, 06 Nov 2024 09:17:04 GMT",
			"timesecs":	1730884624
		},
		"connecting_to":	{
			"host":	"192.168.42.1",
			"port":	5202
		},
		"cookie":	"xi5rfrws7zsr5dtokyrzmnwhs3o3th3rmros",
		"tcp_mss_default":	1448,
		"sock_bufsize":	0,
		"sndbuf_actual":	87380,
		"rcvbuf_actual":	87380,
		"test_start":	{
			"protocol":	"TCP",
			"num_streams":	1,
			"blksize":	131072,
			"omit":	0,
			"duration":	30,
			"bytes":	0,
			"blocks":	0,
			"reverse":	0,
			"tos":	0
		}
	},
	"intervals":	[{
			"streams":	[{
					"socket":	7,
					"start":	0,
					"end":	1.000433,
					"seconds":	1.0004329681396484,
					"bytes":	231680,
					"bits_per_second":	1852637.8668293566,
					"retransmits":	19,
					"snd_cwnd":	13032,
					"rtt":	68095,
					"rttvar":	45186,
					"pmtu":	1500,
					"omitted":	false,
					"sender":	true
				}],
			"sum":	{
				"start":	0,
				"end":	1.000433,
				"seconds":	1.0004329681396484,
				"bytes":	231680,
				"bits_per_second":	1852637.8668293566,
				"retransmits":	19,
				"omitted":	false,
				"sender":	true
			}
		}, {
			"streams":	[{
					"socket":	7,
					"start":	1.000433,
					"end":	2.003825,
					"seconds":	1.0033919811248779,
					"bytes":	108600,
					"bits_per_second":	865863.00901668542,
					"retransmits":	8,
					"snd_cwnd":	14480,
					"rtt":	79635,
					"rttvar":	51144,
					"pmtu":	1500,
					"omitted":	false,
					"sender":	true
				}],
			"sum":	{
				"start":	1.000433,
				"end":	2.003825,
				"seconds":	1.0033919811248779,
				"bytes":	108600,
				"bits_per_second":	865863.00901668542,
				"retransmits":	8,
				"omitted":	false,
				"sender":	true
			}
		}, {
			"streams":	[{
					"socket":	7,
					"start":	2.003825,
					"end":	3.002448,
					"seconds":	0.99862301349639893,
					"bytes":	65160,
					"bits_per_second":	521998.78528222977,
					"retransmits":	8,
					"snd_cwnd":	11584,
					"rtt":	25847,
					"rttvar":	14282,
					"pmtu":	1500,
					"omitted":	false,
					"sender":	true
				}],
			"sum":	{
				"start":	2.003825,
				"end":	3.002448,
				"seconds":	0.99862301349639893,
				"bytes":	65160,
				"bits_per_second":	521998.78528222977,
				"retransmits":	8,
				"omitted":	false,
				"sender":	true
			}
		}, {
			"streams":	[{
					"socket":	7,
					"start":	3.002448,
					"end":	4.003517,
					"seconds":	1.0010689496994019,
					"bytes":	65160,
					"bits_per_second":	520723.3729070595,
					"retransmits":	0,
					"snd_cwnd":	13032,
					"rtt":	105977,
					"rttvar":	39605,
					"pmtu":	1500,
					"omitted":	false,
					"sender":	true
				}],
			"sum":	{
				"start":	3.002448,
				"end":	4.003517,
				"seconds":	1.0010689496994019,
				"bytes":	65160,
				"bits_per_second":	520723.3729070595,
				"retransmits":	0,
				"omitted":	false,
				"sender":	true
			}
		}, {
			"streams":	[{
					"socket":	7,
					"start":	4.003517,
					"end":	5.000895,
					"seconds":	0.99737799167633057,
					"bytes":	195480,
					"bits_per_second":	1567951.1810478147,
					"retransmits":	0,
					"snd_cwnd":	14480,
					"rtt":	37917,
					"rttvar":	18106,
					"pmtu":	1500,
					"omitted":	false,
					"sender":	true
				}],
			"sum":	{
				"start":	4.003517,
				"end":	5.000895,
				"seconds":	0.99737799167633057,
				"bytes":	195480,
				"bits_per_second":	1567951.1810478147,
				"retransmits":	0,
				"omitted":	false,
				"sender":	true
			}
		}, {
			"streams":	[{
					"socket":	7,
					"start":	5.000895,
					"end":	6.000264,
					"seconds":	0.99936902523040771,
					"bytes":	65160,
					"bits_per_second":	521609.12219569465,
					"retransmits":	12,
					"snd_cwnd":	5792,
					"rtt":	93947,
					"rttvar":	36406,
					"pmtu":	1500,
					"omitted":	false,
					"sender":	true
				}],
			"sum":	{
				"start":	5.000895,
				"end":	6.000264,
				"seconds":	0.99936902523040771,
				"bytes":	65160,
				"bits_per_second":	521609.12219569465,
				"retransmits":	12,
				"omitted":	false,
				"sender":	true
			}
		}, {
			"streams":	[{
					"socket":	7,
					"start":	6.000264,
					"end":	7.000506,
					"seconds":	1.0002419948577881,
					"bytes":	65160,
					"bits_per_second":	521153.88344009122,
					"retransmits":	3,
					"snd_cwnd":	5792,
					"rtt":	77198,
					"rttvar":	34684,
					"pmtu":	1500,
					"omitted":	false,
					"sender":	true
				}],
			"sum":	{
				"start":	6.000264,
				"end":	7.000506,
				"seconds":	1.0002419948577881,
				"bytes":	65160,
				"bits_per_second":	521153.88344009122,
				"retransmits":	3,
				"omitted":	false,
				"sender":	true
			}
		}, {
			"streams":	[{
					"socket":	7,
					"start":	7.000506,
					"end":	8.00104,
					"seconds":	1.0005340576171875,
					"bytes":	65160,
					"bits_per_second":	521001.75504415063,
					"retransmits":	5,
					"snd_cwnd":	10136,
					"rtt":	43771,
					"rttvar":	10005,
					"pmtu":	1500,
					"omitted":	false,
					"sender":	true
				}],
			"sum":	{
				"start":	7.000506,
				"end":	8.00104,
				"seconds":	1.0005340576171875,
				"bytes":	65160,
				"bits_per_second":	521001.75504415063,
				"retransmits":	5,
				"omitted":	false,
				"sender":	true
			}
		}, {
			"streams":	[{
					"socket":	7,
					"start":	8.00104,
					"end":	9.001377,
					"seconds":	1.00033700466156,
					"bytes":	0,
					"bits_per_second":	0,
					"retransmits":	6,
					"snd_cwnd":	5792,
					"rtt":	130264,
					"rttvar":	170687,
					"pmtu":	1500,
					"omitted":	false,
					"sender":	true
				}],
			"sum":	{
				"start":	8.00104,
				"end":	9.001377,
				"seconds":	1.00033700466156,
				"bytes":	0,
				"bits_per_second":	0,
				"retransmits":	6,
				"omitted":	false,
				"sender":	true
			}
		}, {
			"streams":	[{
					"socket":	7,
					"start":	9.001377,
					"end":	10.003498,
					"seconds":	1.0021209716796875,
					"bytes":	130320,
					"bits_per_second":	1040353.439817282,
					"retransmits":	1,
					"snd_cwnd":	11584,
					"rtt":	40118,
					"rttvar":	5758,
					"pmtu":	1500,
					"omitted":	false,
					"sender":	true
				}],
			"sum":	{
				"start":	9.001377,
				"end":	10.003498,
				"seconds":	1.0021209716796875,
				"bytes":	130320,
				"bits_per_second":	1040353.439817282,
				"retransmits":	1,
				"omitted":	false,
				"sender":	true
			}
		}, {
			"streams":	[{
					"socket":	7,
					"start":	10.003498,
					"end":	11.000173,
					"seconds":	0.99667501449584961,
					"bytes":	65160,
					"bits_per_second":	523019.03069545719,
					"retransmits":	6,
					"snd_cwnd":	5792,
					"rtt":	107864,
					"rttvar":	82640,
					"pmtu":	1500,
					"omitted":	false,
					"sender":	true
				}],
			"sum":	{
				"start":	10.003498,
				"end":	11.000173,
				"seconds":	0.99667501449584961,
				"bytes":	65160,
				"bits_per_second":	523019.03069545719,
				"retransmits":	6,
				"omitted":	false,
				"sender":	true
			}
		}, {
			"streams":	[{
					"socket":	7,
					"start":	11.000173,
					"end":	12.001797,
					"seconds":	1.0016239881515503,
					"bytes":	65160,
					"bits_per_second":	520434.82001863554,
					"retransmits":	4,
					"snd_cwnd":	8688,
					"rtt":	28287,
					"rttvar":	16970,
					"pmtu":	1500,
					"omitted":	false,
					"sender":	true
				}],
			"sum":	{
				"start":	11.000173,
				"end":	12.001797,
				"seconds":	1.0016239881515503,
				"bytes":	65160,
				"bits_per_second":	520434.82001863554,
				"retransmits":	4,
				"omitted":	false,
				"sender":	true
			}
		}, {
			"streams":	[{
					"socket":	7,
					"start":	12.001797,
					"end":	13.000384,
					"seconds":	0.99858701229095459,
					"bytes":	130320,
					"bits_per_second":	1044035.2089180119,
					"retransmits":	6,
					"snd_cwnd":	11584,
					"rtt":	39409,
					"rttvar":	15421,
					"pmtu":	1500,
					"omitted":	false,
					"sender":	true
				}],
			"sum":	{
				"start":	12.001797,