{
	"start":	{
		"connected":	[{
				"socket":	7,
				"local_host":	"192.168.42.4",
				"local_port":	59482,
				"remote_host":	"192.168.42.1",
				"remote_port":	5203
			}],
		"version":	"iperf 3.7",
		"system_info":	"Linux rathan-VirtualBox 5.4.0-177-generic #197-Ubuntu SMP Thu Mar 28 22:45:47 UTC 2024 x86_64",
		"timestamp":	{
			"time":	"Wed, 06 Nov 2024 09:17:04 GMT",
			"timesecs":	1730884624
		},
		"connecting_to":	{
			"host":	"192.168.42.1",
			"port":	5203
		},
		"cookie":	"hv4pw6lqoug55qxed6oyzc62liuncohu3332",
		"tcp_mss_default":	1448,
		"sock_bufsize":	0,
		"sndbuf_actual":	87380,
		"rcvbuf_actual":	87380,
		"test_start":	{
			"protocol":	"TCP",
			"num_streams":	1,
			"blksize":	131072,
			"omit":	0,
			"duration":	30,
			"bytes":	0,
			"blocks":	0,
			"reverse":	0,
			"tos":	0
		}
	},
	"intervals":	[{
			"streams":	[{
					"socket":	7,
					"start":	0,
					"end":	1.000112,
					"seconds":	1.0001120567321777,
					"bytes":	331592,
					"bits_per_second":	2652438.7763784174,
					"retransmits":	22,
					"snd_cwnd":	24616,
					"rtt":	41330,
					"rttvar":	5277,
					"pmtu":	1500,
					"omitted":	false,
					"sender":	true
				}],
			"sum":	{
				"start":	0,
				"end":	1.000112,
				"seconds":	1.0001120567321777,
				"bytes":	331592,
				"bits_per_second":	2652438.7763784174,
				"retransmits":	22,
				"omitted":	false,
				"sender":	true
			}
		}, {
			"streams":	[{
					"socket":	7,
					"start":	1.000112,
					"end":	2.000498,
					"seconds":	1.0003859996795654,
					"bytes":	130320,
					"bits_per_second":	1042157.7274511473,
					"retransmits":	8,
					"snd_cwnd":	7240,
					"rtt":	108104,
					"rttvar":	16837,
					"pmtu":	1500,
					"omitted":	false,
					"sender":	true
				}],
			"sum":	{
				"start":	1.000112,
				"end":	2.000498,
				"seconds":	1.0003859996795654,
				"bytes":	130320,
				"bits_per_second":	1042157.7274511473,
				"retransmits":	8,
				"omitted":	false,
				"sender":	true
			}
		}, {
			"streams":	[{
					"socket":	7,
					"start":	2.000498,
					"end":	3.000814,
					"seconds":	1.0003160238265991,
					"bytes":	130320,
					"bits_per_second":	1042230.6302880176,
					"retransmits":	13,
					"snd_cwnd":	11584,
					"rtt":	49115,
					"rttvar":	18146,
					"pmtu":	1500,
					"omitted":	false,
					"sender":	true
				}],
			"sum":	{
				"start":	2.000498,
				"end":	3.000814,
				"seconds":	1.0003160238265991,
				"bytes":	130320,
				"bits_per_second":	1042230.6302880176,
				"retransmits":	13,
				"omitted":	false,
				"sender":	true
			}
		}, {
			"streams":	[{
					"socket":	7,
					"start":	3.000814,
					"end":	4.003629,
					"seconds":	1.0028150081634521,
					"bytes":	130320,
					"bits_per_second":	1039633.4234260579,
					"retransmits":	5,
					"snd_cwnd":	7240,
					"rtt":	72885,
					"rttvar":	30097,
					"pmtu":	1500,
					"omitted":	false,
					"sender":	true
				}],
			"sum":	{
				"start":	3.000814,
				"end":	4.003629,
				"seconds":	1.0028150081634521,
				"bytes":	130320,
				"bits_per_second":	1039633.4234260579,
				"retransmits":	5,
				"omitted":	false,
				"sender":	true
			}
		}, {
			"streams":	[{
					"socket":	7,
					"start":	4.003629,
					"end":	5.001177,
					"seconds":	0.99754798412323,
					"bytes":	130320,
					"bits_per_second":	1045122.6573489918,
					"retransmits":	0,
					"snd_cwnd":	11584,
					"rtt":	29511,
					"rttvar":	6665,
					"pmtu":	1500,
					"omitted":	false,
					"sender":	true
				}],
			"sum":	{
				"start":	4.003629,
				"end":	5.001177,
				"seconds":	0.99754798412323,
				"bytes":	130320,
				"bits_per_second":	1045122.6573489918,
				"retransmits":	0,
				"omitted":	false,
				"sender":	true
			}
		}, {
			"streams":	[{
					"socket":	7,
					"start":	5.001177,
					"end":	6.001928,
					"seconds":	1.00075101852417,
					"bytes":	130320,
					"bits_per_second":	1041777.6057200389,
					"retransmits":	7,
					"snd_cwnd":	11584,
					"rtt":	41221,
					"rttvar":	9034,
					"pmtu":	1500,
					"omitted":	false,
					"sender":	true
				}],
			"sum":	{
				"start":	5.001177,
				"end":	6.001928,
				"seconds":	1.00075101852417,
				"bytes":	130320,
				"bits_per_second":	1041777.6057200389,
				"retransmits":	7,
				"omitted":	false,
				"sender":	true
			}
		}, {
			"streams":	[{
					"socket":	7,
					"start":	6.001928,
					"end":	7.001305,
					"seconds":	0.99937701225280762,
					"bytes":	0,
					"bits_per_second":	0,
					"retransmits":	5,
					"snd_cwnd":	7240,
					"rtt":	150648,
					"rttvar":	196709,
					"pmtu":	1500,
					"omitted":	false,
					"sender":	true
				}],
			"sum":	{
				"start":	6.001928,
				"end":	7.001305,
				"seconds":	0.99937701225280762,
				"bytes":	0,
				"bits_per_second":	0,
				"retransmits":	5,
				"omitted":	false,
				"sender":	true
			}
		}, {
			"streams":	[{
					"socket":	7,
					"start":	7.001305,
					"end":	8.002455,
					"seconds":	1.0011500120162964,
					"bytes":	130320,
					"bits_per_second":	1041362.4207028722,
					"retransmits":	0,
					"snd_cwnd":	11584,
					"rtt":	39573,
					"rttvar":	6023,
					"pmtu":	1500,
					"omitted":	false,
					"sender":	true
				}],
			"sum":	{
				"start":	7.001305,
				"end":	8.002455,
				"seconds":	1.0011500120162964,
				"bytes":	130320,
				"bits_per_second":	1041362.4207028722,
				"retransmits":	0,
				"omitted":	false,
				"sender":	true
			}
		}, {
			"streams":	[{
					"socket":	7,
					"start":	8.002455,
					"end":	9.001055,
					"seconds":	0.99860000610351562,
					"bytes":	0,
					"bits_per_second":	0,
					"retransmits":	8,
					"snd_cwnd":	8688,
					"rtt":	40202,
					"rttvar":	23621,
					"pmtu":	1500,
					"omitted":	false,
					"sender":	true
				}],
			"sum":	{
				"start":	8.002455,
				"end":	9.001055,
				"seconds":	0.99860000610351562,
				"bytes":	0,
				"bits_per_second":	0,
				"retransmits":	8,
				"omitted":	false,
				"sender":	true
			}
		}, {
			"streams":	[{
					"socket":	7,
					"start":	9.001055,
					"end":	10.000476,
					"seconds":	0.99942100048065186,
					"bytes":	130320,
					"bits_per_second":	1043163.9914496506,
					"retransmits":	2,
					"snd_cwnd":	4344,
					"rtt":	93301,
					"rttvar":	93293,
					"pmtu":	1500,
					"omitted":	false,
					"sender":	true
				}],
			"sum":	{
				"start":	9.001055,
				"end":	10.000476,
				"seconds":	0.99942100048065186,
				"bytes":	130320,
				"bits_per_second":	1043163.9914496506,
				"retransmits":	2,
				"omitted":	false,
				"sender":	true
			}
		}, {
			"streams":	[{
					"socket":	7,
					"start":	10.000476,
					"end":	11.001321,
					"seconds":	1.0008449554443359,
					"bytes":	0,
					"bits_per_second":	0,
					"retransmits":	7,
					"snd_cwnd":	10136,
					"rtt":	69488,
					"rttvar":	38342,
					"pmtu":	1500,
					"omitted":	false,
					"sender":	true
				}],
			"sum":	{
				"start":	10.000476,
				"end":	11.001321,
				"seconds":	1.0008449554443359,
				"bytes":	0,
				"bits_per_second":	0,
				"retransmits":	7,
				"omitted":	false,
				"sender":	true
			}
		}, {
			"streams":	[{
					"socket":	7,
					"start":	11.001321,
					"end":	12.00072,
					"seconds":	0.99939900636672974,
					"bytes":	130320,
					"bits_per_second":	1043186.9487144881,
					"retransmits":	5,
					"snd_cwnd":	8688,
					"rtt":	70837,
					"rttvar":	37100,
					"pmtu":	1500,
					"omitted":	false,
					"sender":	true
				}],
			"sum":	{
				"start":	11.001321,
				"end":	12.00072,
				"seconds":	0.99939900636672974,
				"bytes":	130320,
				"bits_per_second":	1043186.9487144881,
				"retransmits":	5,
				"omitted":	false,
				"sender":	true
			}
		}, {
			"streams":	[{
					"socket":	7,
					"start":	12.00072,
					"end":	13.001384,
					"seconds":	1.0006639957427979,
					"bytes":	0,
					"bits_per_second":	0,
					"retransmits":	5,
					"snd_cwnd":	10136,
					"rtt":	68034,
					"rttvar":	26711,
					"pmtu":	1500,
					"omitted":	false,
					"sender":	true
				}],
			"sum":	{
				"start":	12.00072,
				"end":	13.001384,
				"seconds":	1.0006639957427979,
				"bytes":	0,
				"bits_per_second":	0,