{
	"start":	{
		"connected":	[{
				"socket":	7,
				"local_host":	"192.168.42.8",
				"local_port":	58266,
				"remote_host":	"192.168.42.1",
				"remote_port":	5207
			}],
		"version":	"iperf 3.7",
		"system_info":	"Linux rathan-VirtualBox 5.4.0-177-generic #197-Ubuntu SMP Thu Mar 28 22:45:47 UTC 2024 x86_64",
		"timestamp":	{
			"time":	"Wed, 06 Nov 2024 09:17:04 GMT",
			"timesecs":	1730884624
		},
		"connecting_to":	{
			"host":	"192.168.42.1",
			"port":	5207
		},
		"cookie":	"iqdyelm47dvnlvzmltfop6n7z73pruqsajbi",
		"tcp_mss_default":	1448,
		"sock_bufsize":	0,
		"sndbuf_actual":	87380,
		"rcvbuf_actual":	87380,
		"test_start":	{
			"protocol":	"TCP",
			"num_streams":	1,
			"blksize":	131072,
			"omit":	0,
			"duration":	30,
			"bytes":	0,
			"blocks":	0,
			"reverse":	0,
			"tos":	0
		}
	},
	"intervals":	[{
			"streams":	[{
					"socket":	7,
					"start":	0,
					"end":	1.001024,
					"seconds":	1.0010240077972412,
					"bytes":	101360,
					"bits_per_second":	810050.50196982373,
					"retransmits":	14,
					"snd_cwnd":	1448,
					"rtt":	62856,
					"rttvar":	44861,
					"pmtu":	1500,
					"omitted":	false,
					"sender":	true
				}],
			"sum":	{
				"start":	0,
				"end":	1.001024,
				"seconds":	1.0010240077972412,
				"bytes":	101360,
				"bits_per_second":	810050.50196982373,
				"retransmits":	14,
				"omitted":	false,
				"sender":	true
			}
		}, {
			"streams":	[{
					"socket":	7,
					"start":	1.001024,
					"end":	2.00075,
					"seconds":	0.99972599744796753,
					"bytes":	117288,
					"bits_per_second":	938561.16815531312,
					"retransmits":	7,
					"snd_cwnd":	8688,
					"rtt":	80119,
					"rttvar":	76558,
					"pmtu":	1500,
					"omitted":	false,
					"sender":	true
				}],
			"sum":	{
				"start":	1.001024,
				"end":	2.00075,
				"seconds":	0.99972599744796753,
				"bytes":	117288,
				"bits_per_second":	938561.16815531312,
				"retransmits":	7,
				"omitted":	false,
				"sender":	true
			}
		}, {
			"streams":	[{
					"socket":	7,
					"start":	2.00075,
					"end":	3.000912,
					"seconds":	1.0001620054244995,
					"bytes":	160728,
					"bits_per_second":	1285615.723279007,
					"retransmits":	4,
					"snd_cwnd":	11584,
					"rtt":	37106,
					"rttvar":	4860,
					"pmtu":	1500,
					"omitted":	false,
					"sender":	true
				}],
			"sum":	{
				"start":	2.00075,
				"end":	3.000912,
				"seconds":	1.0001620054244995,
				"bytes":	160728,
				"bits_per_second":	1285615.723279007,
				"retransmits":	4,
				"omitted":	false,
				"sender":	true
			}
		}, {
			"streams":	[{
					"socket":	7,
					"start":	3.000912,
					"end":	4.002434,
					"seconds":	1.0015219449996948,
					"bytes":	104256,
					"bits_per_second":	832780.55380030058,
					"retransmits":	3,
					"snd_cwnd":	10136,
					"rtt":	39616,
					"rttvar":	21706,
					"pmtu":	1500,
					"omitted":	false,
					"sender":	true
				}],
			"sum":	{
				"start":	3.000912,
				"end":	4.002434,
				"seconds":	1.0015219449996948,
				"bytes":	104256,
				"bits_per_second":	832780.55380030058,
				"retransmits":	3,
				"omitted":	false,
				"sender":	true
			}
		}, {
			"streams":	[{
					"socket":	7,
					"start":	4.002434,
					"end":	5.002034,
					"seconds":	0.99959999322891235,
					"bytes":	52128,
					"bits_per_second":	417190.8791765066,
					"retransmits":	6,
					"snd_cwnd":	5792,
					"rtt":	91633,
					"rttvar":	71098,
					"pmtu":	1500,
					"omitted":	false,
					"sender":	true
				}],
			"sum":	{
				"start":	4.002434,
				"end":	5.002034,
				"seconds":	0.99959999322891235,
				"bytes":	52128,
				"bits_per_second":	417190.8791765066,
				"retransmits":	6,
				"omitted":	false,
				"sender":	true
			}
		}, {
			"streams":	[{
					"socket":	7,
					"start":	5.002034,
					"end":	6.000781,
					"seconds":	0.99874699115753174,
					"bytes":	104256,
					"bits_per_second":	835094.38064324157,
					"retransmits":	3,
					"snd_cwnd":	11584,
					"rtt":	73217,
					"rttvar":	64181,
					"pmtu":	1500,
					"omitted":	false,
					"sender":	true
				}],
			"sum":	{
				"start":	5.002034,
				"end":	6.000781,
				"seconds":	0.99874699115753174,
				"bytes":	104256,
				"bits_per_second":	835094.38064324157,
				"retransmits":	3,
				"omitted":	false,
				"sender":	true
			}
		}, {
			"streams":	[{
					"socket":	7,
					"start":	6.000781,
					"end":	7.002899,
					"seconds":	1.0021179914474487,
					"bytes":	52128,
					"bits_per_second":	416142.61350368022,
					"retransmits":	7,
					"snd_cwnd":	10136,
					"rtt":	38796,
					"rttvar":	8651,
					"pmtu":	1500,
					"omitted":	false,
					"sender":	true
				}],
			"sum":	{
				"start":	6.000781,
				"end":	7.002899,
				"seconds":	1.0021179914474487,
				"bytes":	52128,
				"bits_per_second":	416142.61350368022,
				"retransmits":	7,
				"omitted":	false,
				"sender":	true
			}
		}, {
			"streams":	[{
					"socket":	7,
					"start":	7.002899,
					"end":	8.000426,
					"seconds":	0.997527003288269,
					"bytes":	104256,
					"bits_per_second":	836115.711404931,
					"retransmits":	0,
					"snd_cwnd":	14480,
					"rtt":	83886,
					"rttvar":	49340,
					"pmtu":	1500,
					"omitted":	false,
					"sender":	true
				}],
			"sum":	{
				"start":	7.002899,
				"end":	8.000426,
				"seconds":	0.997527003288269,
				"bytes":	104256,
				"bits_per_second":	836115.711404931,
				"retransmits":	0,
				"omitted":	false,
				"sender":	true
			}
		}, {
			"streams":	[{
					"socket":	7,
					"start":	8.000426,
					"end":	9.001556,
					"seconds":	1.0011299848556519,
					"bytes":	165072,
					"bits_per_second":	1319085.4534143312,
					"retransmits":	0,
					"snd_cwnd":	17376,
					"rtt":	73115,
					"rttvar":	40471,
					"pmtu":	1500,
					"omitted":	false,
					"sender":	true
				}],
			"sum":	{
				"start":	8.000426,
				"end":	9.001556,
				"seconds":	1.0011299848556519,
				"bytes":	165072,
				"bits_per_second":	1319085.4534143312,
				"retransmits":	0,
				"omitted":	false,
				"sender":	true
			}
		}, {
			"streams":	[{
					"socket":	7,
					"start":	9.001556,
					"end":	10.000027,
					"seconds":	0.99847102165222168,
					"bytes":	110048,
					"bits_per_second":	881732.149364919,
					"retransmits":	3,
					"snd_cwnd":	4344,
					"rtt":	71693,
					"rttvar":	61116,
					"pmtu":	1500,
					"omitted":	false,
					"sender":	true
				}],
			"sum":	{
				"start":	9.001556,
				"end":	10.000027,
				"seconds":	0.99847102165222168,
				"bytes":	110048,
				"bits_per_second":	881732.149364919,
				"retransmits":	3,
				"omitted":	false,
				"sender":	true
			}
		}, {
			"streams":	[{
					"socket":	7,
					"start":	10.000027,
					"end":	11.002727,
					"seconds":	1.0026999711990356,
					"bytes":	0,
					"bits_per_second":	0,
					"retransmits":	11,
					"snd_cwnd":	1448,
					"rtt":	71365,
					"rttvar":	69201,
					"pmtu":	1500,
					"omitted":	false,
					"sender":	true
				}],
			"sum":	{
				"start":	10.000027,
				"end":	11.002727,
				"seconds":	1.0026999711990356,
				"bytes":	0,
				"bits_per_second":	0,
				"retransmits":	11,
				"omitted":	false,
				"sender":	true
			}
		}, {
			"streams":	[{
					"socket":	7,
					"start":	11.002727,
					"end":	12.001081,
					"seconds":	0.99835401773452759,
					"bytes":	0,
					"bits_per_second":	0,
					"retransmits":	2,
					"snd_cwnd":	5792,
					"rtt":	53098,
					"rttvar":	33761,
					"pmtu":	1500,
					"omitted":	false,
					"sender":	true
				}],
			"sum":	{
				"start":	11.002727,
				"end":	12.001081,
				"seconds":	0.99835401773452759,
				"bytes":	0,
				"bits_per_second":	0,
				"retransmits":	2,
				"omitted":	false,
				"sender":	true
			}
		}, {
			"streams":	[{
					"socket":	7,
					"start":	12.001081,
					"end":	13.001025,
					"seconds":	0.99994397163391113,
					"bytes":	159280,
					"bits_per_second":	1274311.3975854951,
					"retransmits":	6,
					"snd_cwnd":	2896,
					"rtt":	74910,
					"rttvar":	72568,
					"pmtu":	1500,
					"omitted":	false,
					"sender":	true
				}],
			"sum":	{
				"start":	12.001081,
				"end":	13.001025,