{
	"start":	{
		"connected":	[{
				"socket":	7,
				"local_host":	"192.168.42.10",
				"local_port":	49500,
				"remote_host":	"192.168.42.1",
				"remote_port":	5209
			}],
		"version":	"iperf 3.7",
		"system_info":	"Linux rathan-VirtualBox 5.4.0-177-generic #197-Ubuntu SMP Thu Mar 28 22:45:47 UTC 2024 x86_64",
		"timestamp":	{
			"time":	"Wed, 06 Nov 2024 09:17:04 GMT",
			"timesecs":	1730884624
		},
		"connecting_to":	{
			"host":	"192.168.42.1",
			"port":	5209
		},
		"cookie":	"bsb2b35bhdlkfj6cr632ibl3hj7mmvii7n4k",
		"tcp_mss_default":	1448,
		"sock_bufsize":	0,
		"sndbuf_actual":	87380,
		"rcvbuf_actual":	87380,
		"test_start":	{
			"protocol":	"TCP",
			"num_streams":	1,
			"blksize":	131072,
			"omit":	0,
			"duration":	30,
			"bytes":	0,
			"blocks":	0,
			"reverse":	0,
			"tos":	0
		}
	},
	"intervals":	[{
			"streams":	[{
					"socket":	7,
					"start":	0,
					"end":	1.000688,
					"seconds":	1.0006879568099976,
					"bytes":	253400,
					"bits_per_second":	2025806.332737657,
					"retransmits":	3,
					"snd_cwnd":	15928,
					"rtt":	44726,
					"rttvar":	14666,
					"pmtu":	1500,
					"omitted":	false,
					"sender":	true
				}],
			"sum":	{
				"start":	0,
				"end":	1.000688,
				"seconds":	1.0006879568099976,
				"bytes":	253400,
				"bits_per_second":	2025806.332737657,
				"retransmits":	3,
				"omitted":	false,
				"sender":	true
			}
		}, {
			"streams":	[{
					"socket":	7,
					"start":	1.000688,
					"end":	2.000063,
					"seconds":	0.99937498569488525,
					"bytes":	108600,
					"bits_per_second":	869343.35203107586,
					"retransmits":	8,
					"snd_cwnd":	5792,
					"rtt":	68013,
					"rttvar":	62326,
					"pmtu":	1500,
					"omitted":	false,
					"sender":	true
				}],
			"sum":	{
				"start":	1.000688,
				"end":	2.000063,
				"seconds":	0.99937498569488525,
				"bytes":	108600,
				"bits_per_second":	869343.35203107586,
				"retransmits":	8,
				"omitted":	false,
				"sender":	true
			}
		}, {
			"streams":	[{
					"socket":	7,
					"start":	2.000063,
					"end":	3.00153,
					"seconds":	1.0014669895172119,
					"bytes":	0,
					"bits_per_second":	0,
					"retransmits":	6,
					"snd_cwnd":	7240,
					"rtt":	54110,
					"rttvar":	29227,
					"pmtu":	1500,
					"omitted":	false,
					"sender":	true
				}],
			"sum":	{
				"start":	2.000063,
				"end":	3.00153,
				"seconds":	1.0014669895172119,
				"bytes":	0,
				"bits_per_second":	0,
				"retransmits":	6,
				"omitted":	false,
				"sender":	true
			}
		}, {
			"streams":	[{
					"socket":	7,
					"start":	3.00153,
					"end":	4.000559,
					"seconds":	0.99902898073196411,
					"bytes":	130320,
					"bits_per_second":	1043573.3298108547,
					"retransmits":	2,
					"snd_cwnd":	10136,
					"rtt":	83243,
					"rttvar":	39467,
					"pmtu":	1500,
					"omitted":	false,
					"sender":	true
				}],
			"sum":	{
				"start":	3.00153,
				"end":	4.000559,
				"seconds":	0.99902898073196411,
				"bytes":	130320,
				"bits_per_second":	1043573.3298108547,
				"retransmits":	2,
				"omitted":	false,
				"sender":	true
			}
		}, {
			"streams":	[{
					"socket":	7,
					"start":	4.000559,
					"end":	5.000689,
					"seconds":	1.0001300573349,
					"bytes":	130320,
					"bits_per_second":	1042424.4250574425,
					"retransmits":	0,
					"snd_cwnd":	11584,
					"rtt":	46406,
					"rttvar":	15045,
					"pmtu":	1500,
					"omitted":	false,
					"sender":	true
				}],
			"sum":	{
				"start":	4.000559,
				"end":	5.000689,
				"seconds":	1.0001300573349,
				"bytes":	130320,
				"bits_per_second":	1042424.4250574425,
				"retransmits":	0,
				"omitted":	false,
				"sender":	true
			}
		}, {
			"streams":	[{
					"socket":	7,
					"start":	5.000689,
					"end":	6.000984,
					"seconds":	1.0002950429916382,
					"bytes":	0,
					"bits_per_second":	0,
					"retransmits":	8,
					"snd_cwnd":	5792,
					"rtt":	75920,
					"rttvar":	50078,
					"pmtu":	1500,
					"omitted":	false,
					"sender":	true
				}],
			"sum":	{
				"start":	5.000689,
				"end":	6.000984,
				"seconds":	1.0002950429916382,
				"bytes":	0,
				"bits_per_second":	0,
				"retransmits":	8,
				"omitted":	false,
				"sender":	true
			}
		}, {
			"streams":	[{
					"socket":	7,
					"start":	6.000984,
					"end":	7.000039,
					"seconds":	0.999055027961731,
					"bytes":	260640,
					"bits_per_second":	2087092.2438116902,
					"retransmits":	0,
					"snd_cwnd":	13032,
					"rtt":	41490,
					"rttvar":	8523,
					"pmtu":	1500,
					"omitted":	false,
					"sender":	true
				}],
			"sum":	{
				"start":	6.000984,
				"end":	7.000039,
				"seconds":	0.999055027961731,
				"bytes":	260640,
				"bits_per_second":	2087092.2438116902,
				"retransmits":	0,
				"omitted":	false,
				"sender":	true
			}
		}, {
			"streams":	[{
					"socket":	7,
					"start":	7.000039,
					"end":	8.002111,
					"seconds":	1.0020719766616821,
					"bytes":	0,
					"bits_per_second":	0,
					"retransmits":	6,
					"snd_cwnd":	7240,
					"rtt":	77216,
					"rttvar":	44573,
					"pmtu":	1500,
					"omitted":	false,
					"sender":	true
				}],
			"sum":	{
				"start":	7.000039,
				"end":	8.002111,
				"seconds":	1.0020719766616821,
				"bytes":	0,
				"bits_per_second":	0,
				"retransmits":	6,
				"omitted":	false,
				"sender":	true
			}
		}, {
			"streams":	[{
					"socket":	7,
					"start":	8.002111,
					"end":	9.000969,
					"seconds":	0.99885797500610352,
					"bytes":	130320,
					"bits_per_second":	1043751.9908609925,
					"retransmits":	5,
					"snd_cwnd":	5792,
					"rtt":	78394,
					"rttvar":	19032,
					"pmtu":	1500,
					"omitted":	false,
					"sender":	true
				}],
			"sum":	{
				"start":	8.002111,
				"end":	9.000969,
				"seconds":	0.99885797500610352,
				"bytes":	130320,
				"bits_per_second":	1043751.9908609925,
				"retransmits":	5,
				"omitted":	false,
				"sender":	true
			}
		}, {
			"streams":	[{
					"socket":	7,
					"start":	9.000969,
					"end":	10.000497,
					"seconds":	0.99952799081802368,
					"bytes":	0,
					"bits_per_second":	0,
					"retransmits":	2,
					"snd_cwnd":	8688,
					"rtt":	40433,
					"rttvar":	8884,
					"pmtu":	1500,
					"omitted":	false,
					"sender":	true
				}],
			"sum":	{
				"start":	9.000969,
				"end":	10.000497,
				"seconds":	0.99952799081802368,
				"bytes":	0,
				"bits_per_second":	0,
				"retransmits":	2,
				"omitted":	false,
				"sender":	true
			}
		}, {
			"streams":	[{
					"socket":	7,
					"start":	10.000497,
					"end":	11.000259,
					"seconds":	0.99976199865341187,
					"bytes":	130320,
					"bits_per_second":	1042808.1897533945,
					"retransmits":	0,
					"snd_cwnd":	14480,
					"rtt":	54475,
					"rttvar":	17694,
					"pmtu":	1500,
					"omitted":	false,
					"sender":	true
				}],
			"sum":	{
				"start":	10.000497,
				"end":	11.000259,
				"seconds":	0.99976199865341187,
				"bytes":	130320,
				"bits_per_second":	1042808.1897533945,
				"retransmits":	0,
				"omitted":	false,
				"sender":	true
			}
		}, {
			"streams":	[{
					"socket":	7,
					"start":	11.000259,
					"end":	12.001097,
					"seconds":	1.000838041305542,
					"bytes":	130320,
					"bits_per_second":	1041687.0232470719,
					"retransmits":	1,
					"snd_cwnd":	11584,
					"rtt":	62645,
					"rttvar":	29415,
					"pmtu":	1500,
					"omitted":	false,
					"sender":	true
				}],
			"sum":	{
				"start":	11.000259,
				"end":	12.001097,
				"seconds":	1.000838041305542,
				"bytes":	130320,
				"bits_per_second":	1041687.0232470719,
				"retransmits":	1,
				"omitted":	false,
				"sender":	true
			}
		}, {
			"streams":	[{
					"socket":	7,
					"start":	12.001097,
					"end":	13.000184,
					"seconds":	0.99908697605133057,
					"bytes":	130320,
					"bits_per_second":	1043512.7521334398,
					"retransmits":	7,
					"snd_cwnd":	10136,
					"rtt":	46101,
					"rttvar":	13641,
					"pmtu":	1500,
					"omitted":	false,
					"sender":	true
				}],
			"sum":	{
				"start":	12.001097,
				"end":	13.000184,
				"seconds":	0.99908697605133057,
				"bytes":	130320,
				"bits_per_second":	1043512.7521334398,