{
	"start":	{
		"connected":	[{
				"socket":	7,
				"local_host":	"192.168.42.2",
				"local_port":	44443,
				"remote_host":	"192.168.42.1",
				"remote_port":	5201
			}],
		"version":	"iperf 3.7",
		"system_info":	"Linux rathan-VirtualBox 5.4.0-177-generic #197-Ubuntu SMP Thu Mar 28 22:45:47 UTC 2024 x86_64",
		"timestamp":	{
			"time":	"Wed, 06 Nov 2024 09:17:35 GMT",
			"timesecs":	1730884655
		},
		"connecting_to":	{
			"host":	"192.168.42.1",
			"port":	5201
		},
		"cookie":	"abxj3ok5a2sr4kqgspjjm76o3a6ac3ovxkt2",
		"sock_bufsize":	0,
		"sndbuf_actual":	212992,
		"rcvbuf_actual":	212992,
		"test_start":	{
			"protocol":	"UDP",
			"num_streams":	1,
			"blksize":	1448,
			"omit":	0,
			"duration":	30,
			"bytes":	0,
			"blocks":	0,
			"reverse":	0,
			"tos":	0
		}
	},
	"intervals":	[{
			"streams":	[{
					"socket":	7,
					"start":	0,
					"end":	1.000395,
					"seconds":	1.0003950595855713,
					"bytes":	131768,
					"bits_per_second":	1053727.7147656996,
					"packets":	91,
					"omitted":	false,
					"sender":	true
				}],
			"sum":	{
				"start":	0,
				"end":	1.000395,
				"seconds":	1.0003950595855713,
				"bytes":	131768,
				"bits_per_second":	1053727.7147656996,
				"packets":	91,
				"omitted":	false,
				"sender":	true
			}
		}, {
			"streams":	[{
					"socket":	7,
					"start":	1.000395,
					"end":	2.00012,
					"seconds":	0.99972498416900635,
					"bytes":	53576,
					"bits_per_second":	428725.90641142026,
					"packets":	37,
					"omitted":	false,
					"sender":	true
				}],
			"sum":	{
				"start":	1.000395,
				"end":	2.00012,
				"seconds":	0.99972498416900635,
				"bytes":	53576,
				"bits_per_second":	428725.90641142026,
				"packets":	37,
				"omitted":	false,
				"sender":	true
			}
		}, {
			"streams":	[{
					"socket":	7,
					"start":	2.00012,
					"end":	3.000079,
					"seconds":	0.99995899200439453,
					"bytes":	49232,
					"bits_per_second":	393872.15190747456,
					"packets":	34,
					"omitted":	false,
					"sender":	true
				}],
			"sum":	{
				"start":	2.00012,
				"end":	3.000079,
				"seconds":	0.99995899200439453,
				"bytes":	49232,
				"bits_per_second":	393872.15190747456,
				"packets":	34,
				"omitted":	false,
				"sender":	true
			}
		}, {
			"streams":	[{
					"socket":	7,
					"start":	3.000079,
					"end":	4.000079,
					"seconds":	1,
					"bytes":	49232,
					"bits_per_second":	393856,
					"packets":	34,
					"omitted":	false,
					"sender":	true
				}],
			"sum":	{
				"start":	3.000079,
				"end":	4.000079,
				"seconds":	1,
				"bytes":	49232,
				"bits_per_second":	393856,
				"packets":	34,
				"omitted":	false,
				"sender":	true
			}
		}, {
			"streams":	[{
					"socket":	7,
					"start":	4.000079,
					"end":	5.000069,
					"seconds":	0.99998998641967773,
					"bytes":	43440,
					"bits_per_second":	347523.47995428037,
					"packets":	30,
					"omitted":	false,
					"sender":	true
				}],
			"sum":	{
				"start":	4.000079,
				"end":	5.000069,
				"seconds":	0.99998998641967773,
				"bytes":	43440,
				"bits_per_second":	347523.47995428037,
				"packets":	30,
				"omitted":	false,
				"sender":	true
			}
		}, {
			"streams":	[{
					"socket":	7,
					"start":	5.000069,
					"end":	6.000067,
					"seconds":	0.99999797344207764,
					"bytes":	49232,
					"bits_per_second":	393856.7981736146,
					"packets":	34,
					"omitted":	false,
					"sender":	true
				}],
			"sum":	{
				"start":	5.000069,
				"end":	6.000067,
				"seconds":	0.99999797344207764,
				"bytes":	49232,
				"bits_per_second":	393856.7981736146,
				"packets":	34,
				"omitted":	false,
				"sender":	true
			}
		}, {
			"streams":	[{
					"socket":	7,
					"start":	6.000067,
					"end":	7.000072,
					"seconds":	1.0000050067901611,
					"bytes":	46336,
					"bits_per_second":	370686.14405226108,
					"packets":	32,
					"omitted":	false,
					"sender":	true
				}],
			"sum":	{
				"start":	6.000067,
				"end":	7.000072,
				"seconds":	1.0000050067901611,
				"bytes":	46336,
				"bits_per_second":	370686.14405226108,
				"packets":	32,
				"omitted":	false,
				"sender":	true
			}
		}, {
			"streams":	[{
					"socket":	7,
					"start":	7.000072,
					"end":	8.000076,
					"seconds":	1.0000040531158447,
					"bytes":	167968,
					"bits_per_second":	1343738.553671977,
					"packets":	116,
					"omitted":	false,
					"sender":	true
				}],
			"sum":	{
				"start":	7.000072,
				"end":	8.000076,
				"seconds":	1.0000040531158447,
				"bytes":	167968,
				"bits_per_second":	1343738.553671977,
				"packets":	116,
				"omitted":	false,
				"sender":	true
			}
		}, {
			"streams":	[{
					"socket":	7,
					"start":	8.000076,
					"end":	9.000077,
					"seconds":	1.0000009536743164,
					"bytes":	43440,
					"bits_per_second":	347519.66857941763,
					"packets":	30,
					"omitted":	false,
					"sender":	true
				}],
			"sum":	{
				"start":	8.000076,
				"end":	9.000077,
				"seconds":	1.0000009536743164,
				"bytes":	43440,
				"bits_per_second":	347519.66857941763,
				"packets":	30,
				"omitted":	false,
				"sender":	true
			}
		}, {
			"streams":	[{
					"socket":	7,
					"start":	9.000077,
					"end":	10.000059,
					"seconds":	0.99998199939727783,
					"bytes":	46336,
					"bits_per_second":	370694.672727535,
					"packets":	32,
					"omitted":	false,
					"sender":	true
				}],
			"sum":	{
				"start":	9.000077,
				"end":	10.000059,
				"seconds":	0.99998199939727783,
				"bytes":	46336,
				"bits_per_second":	370694.672727535,
				"packets":	32,
				"omitted":	false,
				"sender":	true
			}
		}, {
			"streams":	[{
					"socket":	7,
					"start":	10.000059,
					"end":	11.000072,
					"seconds":	1.000012993812561,
					"bytes":	43440,
					"bits_per_second":	347515.484448933,
					"packets":	30,
					"omitted":	false,
					"sender":	true
				}],
			"sum":	{
				"start":	10.000059,
				"end":	11.000072,
				"seconds":	1.000012993812561,
				"bytes":	43440,
				"bits_per_second":	347515.484448933,
				"packets":	30,
				"omitted":	false,
				"sender":	true
			}
		}, {
			"streams":	[{
					"socket":	7,
					"start":	11.000072,
					"end":	12.000109,
					"seconds":	1.0000369548797607,
					"bytes":	41992,
					"bits_per_second":	335923.58598427114,
					"packets":	29,
					"omitted":	false,
					"sender":	true
				}],
			"sum":	{
				"start":	11.000072,
				"end":	12.000109,
				"seconds":	1.0000369548797607,
				"bytes":	41992,
				"bits_per_second":	335923.58598427114,
				"packets":	29,
				"omitted":	false,
				"sender":	true
			}
		}, {
			"streams":	[{
					"socket":	7,
					"start":	12.000109,
					"end":	13.00006,
					"seconds":	0.99995100498199463,
					"bytes":	43440,
					"bits_per_second":	347537.02758292394,
					"packets":	30,
					"omitted":	false,
					"sender":	true
				}],
			"sum":	{
				"start":	12.000109,
				"end":	13.00006,
				"seconds":	0.99995100498199463,
				"bytes":	43440,
				"bits_per_second":	347537.02758292394,
				"packets":	30,
				"omitted":	false,
				"sender":	true
			}
		}, {
			"streams":	[{
					"socket":	7,
					"start":	13.00006,
					"end":	14.000103,
					"seconds":	1.0000430345535278,
					"bytes":	43440,
					"bits_per_second":	347505.04527552793,
					"packets":	30,
					"omitted":	false,
					"sender":	true
				}],
			"sum":	{
				"start":	13.00006,
				"end":	14.000103,
				"seconds":	1.0000430345535278,
				"bytes":	43440,
				"bits_per_second":	347505.04527552793,
				"packets":	30,
				"omitted":	false,
				"sender":	true
			}
		}, {
			"streams":	[{
					"socket":	7,
					"start":	14.000103,
					"end":	15.000037,
					"seconds":	0.99993401765823364,
					"bytes":	44888,
					"bits_per_second":	359127.69608638092,
					"packets":	31,
					"omitted":	false,
					"sender":	true
				}],
			"sum":	{
				"start":	14.000103,
				"end":	15.000037,
				"seconds":	0.99993401765823364,
				"bytes":	44888,
				"bits_per_second":	359127.69608638092,
				"packets":	31,
				"omitted":	false,
				"sender":	true
			}
		}, {
			"streams":	[{
					"socket":	7,
					"start":	15.000037,