{
	"start":	{
		"connected":	[{
				"socket":	7,
				"local_host":	"192.168.42.12",
				"local_port":	52046,
				"remote_host":	"192.168.42.1",
				"remote_port":	5211
			}],
		"version":	"iperf 3.7",
		"system_info":	"Linux rathan-VirtualBox 5.4.0-177-generic #197-Ubuntu SMP Thu Mar 28 22:45:47 UTC 2024 x86_64",
		"timestamp":	{
			"time":	"Wed, 06 Nov 2024 09:17:35 GMT",
			"timesecs":	1730884655
		},
		"connecting_to":	{
			"host":	"192.168.42.1",
			"port":	5211
		},
		"cookie":	"inv2bghbsgzjk3575zzbgrl4vgjctjx53fd5",
		"sock_bufsize":	0,
		"sndbuf_actual":	212992,
		"rcvbuf_actual":	212992,
		"test_start":	{
			"protocol":	"UDP",
			"num_streams":	1,
			"blksize":	1448,
			"omit":	0,
			"duration":	30,
			"bytes":	0,
			"blocks":	0,
			"reverse":	0,
			"tos":	0
		}
	},
	"intervals":	[{
			"streams":	[{
					"socket":	7,
					"start":	0,
					"end":	1.000053,
					"seconds":	1.00005304813385,
					"bytes":	130320,
					"bits_per_second":	1042504.6970712905,
					"packets":	90,
					"omitted":	false,
					"sender":	true
				}],
			"sum":	{
				"start":	0,
				"end":	1.000053,
				"seconds":	1.00005304813385,
				"bytes":	130320,
				"bits_per_second":	1042504.6970712905,
				"packets":	90,
				"omitted":	false,
				"sender":	true
			}
		}, {
			"streams":	[{
					"socket":	7,
					"start":	1.000053,
					"end":	2.000091,
					"seconds":	1.0000380277633667,
					"bytes":	49232,
					"bits_per_second":	393841.02310676919,
					"packets":	34,
					"omitted":	false,
					"sender":	true
				}],
			"sum":	{
				"start":	1.000053,
				"end":	2.000091,
				"seconds":	1.0000380277633667,
				"bytes":	49232,
				"bits_per_second":	393841.02310676919,
				"packets":	34,
				"omitted":	false,
				"sender":	true
			}
		}, {
			"streams":	[{
					"socket":	7,
					"start":	2.000091,
					"end":	3.000073,
					"seconds":	0.99998199939727783,
					"bytes":	49232,
					"bits_per_second":	393863.08977300592,
					"packets":	34,
					"omitted":	false,
					"sender":	true
				}],
			"sum":	{
				"start":	2.000091,
				"end":	3.000073,
				"seconds":	0.99998199939727783,
				"bytes":	49232,
				"bits_per_second":	393863.08977300592,
				"packets":	34,
				"omitted":	false,
				"sender":	true
			}
		}, {
			"streams":	[{
					"socket":	7,
					"start":	3.000073,
					"end":	4.000079,
					"seconds":	1.0000059604644775,
					"bytes":	49232,
					"bits_per_second":	393853.65244929522,
					"packets":	34,
					"omitted":	false,
					"sender":	true
				}],
			"sum":	{
				"start":	3.000073,
				"end":	4.000079,
				"seconds":	1.0000059604644775,
				"bytes":	49232,
				"bits_per_second":	393853.65244929522,
				"packets":	34,
				"omitted":	false,
				"sender":	true
			}
		}, {
			"streams":	[{
					"socket":	7,
					"start":	4.000079,
					"end":	5.000058,
					"seconds":	0.99997901916503906,
					"bytes":	43440,
					"bits_per_second":	347527.29141274554,
					"packets":	30,
					"omitted":	false,
					"sender":	true
				}],
			"sum":	{
				"start":	4.000079,
				"end":	5.000058,
				"seconds":	0.99997901916503906,
				"bytes":	43440,
				"bits_per_second":	347527.29141274554,
				"packets":	30,
				"omitted":	false,
				"sender":	true
			}
		}, {
			"streams":	[{
					"socket":	7,
					"start":	5.000058,
					"end":	6.000066,
					"seconds":	1.0000079870224,
					"bytes":	47784,
					"bits_per_second":	382268.94680935907,
					"packets":	33,
					"omitted":	false,
					"sender":	true
				}],
			"sum":	{
				"start":	5.000058,
				"end":	6.000066,
				"seconds":	1.0000079870224,
				"bytes":	47784,
				"bits_per_second":	382268.94680935907,
				"packets":	33,
				"omitted":	false,
				"sender":	true
			}
		}, {
			"streams":	[{
					"socket":	7,
					"start":	6.000066,
					"end":	7.000052,
					"seconds":	0.99998599290847778,
					"bytes":	47784,
					"bits_per_second":	382277.35459389264,
					"packets":	33,
					"omitted":	false,
					"sender":	true
				}],
			"sum":	{
				"start":	6.000066,
				"end":	7.000052,
				"seconds":	0.99998599290847778,
				"bytes":	47784,
				"bits_per_second":	382277.35459389264,
				"packets":	33,
				"omitted":	false,
				"sender":	true
			}
		}, {
			"streams":	[{
					"socket":	7,
					"start":	7.000052,
					"end":	8.000124,
					"seconds":	1.0000720024108887,
					"bytes":	43440,
					"bits_per_second":	347494.97952370258,
					"packets":	30,
					"omitted":	false,
					"sender":	true
				}],
			"sum":	{
				"start":	7.000052,
				"end":	8.000124,
				"seconds":	1.0000720024108887,
				"bytes":	43440,
				"bits_per_second":	347494.97952370258,
				"packets":	30,
				"omitted":	false,
				"sender":	true
			}
		}, {
			"streams":	[{
					"socket":	7,
					"start":	8.000124,
					"end":	9.000091,
					"seconds":	0.99996697902679443,
					"bytes":	44888,
					"bits_per_second":	359115.85835513641,
					"packets":	31,
					"omitted":	false,
					"sender":	true
				}],
			"sum":	{
				"start":	8.000124,
				"end":	9.000091,
				"seconds":	0.99996697902679443,
				"bytes":	44888,
				"bits_per_second":	359115.85835513641,
				"packets":	31,
				"omitted":	false,
				"sender":	true
			}
		}, {
			"streams":	[{
					"socket":	7,
					"start":	9.000091,
					"end":	10.000093,
					"seconds":	1.0000020265579224,
					"bytes":	44888,
					"bits_per_second":	359103.27225641866,
					"packets":	31,
					"omitted":	false,
					"sender":	true
				}],
			"sum":	{
				"start":	9.000091,
				"end":	10.000093,
				"seconds":	1.0000020265579224,
				"bytes":	44888,
				"bits_per_second":	359103.27225641866,
				"packets":	31,
				"omitted":	false,
				"sender":	true
			}
		}, {
			"streams":	[{
					"socket":	7,
					"start":	10.000093,
					"end":	11.000099,
					"seconds":	1.0000059604644775,
					"bytes":	44888,
					"bits_per_second":	359101.8595861221,
					"packets":	31,
					"omitted":	false,
					"sender":	true
				}],
			"sum":	{
				"start":	10.000093,
				"end":	11.000099,
				"seconds":	1.0000059604644775,
				"bytes":	44888,
				"bits_per_second":	359101.8595861221,
				"packets":	31,
				"omitted":	false,
				"sender":	true
			}
		}, {
			"streams":	[{
					"socket":	7,
					"start":	11.000099,
					"end":	12.00017,
					"seconds":	1.0000710487365723,
					"bytes":	40544,
					"bits_per_second":	324328.95683738292,
					"packets":	28,
					"omitted":	false,
					"sender":	true
				}],
			"sum":	{
				"start":	11.000099,
				"end":	12.00017,
				"seconds":	1.0000710487365723,
				"bytes":	40544,
				"bits_per_second":	324328.95683738292,
				"packets":	28,
				"omitted":	false,
				"sender":	true
			}
		}, {
			"streams":	[{
					"socket":	7,
					"start":	12.00017,
					"end":	13.000132,
					"seconds":	0.9999619722366333,
					"bytes":	44888,
					"bits_per_second":	359117.65644125995,
					"packets":	31,
					"omitted":	false,
					"sender":	true
				}],
			"sum":	{
				"start":	12.00017,
				"end":	13.000132,
				"seconds":	0.9999619722366333,
				"bytes":	44888,
				"bits_per_second":	359117.65644125995,
				"packets":	31,
				"omitted":	false,
				"sender":	true
			}
		}, {
			"streams":	[{
					"socket":	7,
					"start":	13.000132,
					"end":	14.000079,
					"seconds":	0.99994701147079468,
					"bytes":	43440,
					"bits_per_second":	347538.41554948234,
					"packets":	30,
					"omitted":	false,
					"sender":	true
				}],
			"sum":	{
				"start":	13.000132,
				"end":	14.000079,
				"seconds":	0.99994701147079468,
				"bytes":	43440,
				"bits_per_second":	347538.41554948234,
				"packets":	30,
				"omitted":	false,
				"sender":	true
			}
		}, {
			"streams":	[{
					"socket":	7,
					"start":	14.000079,
					"end":	15.000136,
					"seconds":	1.0000569820404053,
					"bytes":	43440,
					"bits_per_second":	347500.19872963516,
					"packets":	30,
					"omitted":	false,
					"sender":	true
				}],
			"sum":	{
				"start":	14.000079,
				"end":	15.000136,
				"seconds":	1.0000569820404053,
				"bytes":	43440,
				"bits_per_second":	347500.19872963516,
				"packets":	30,
				"omitted":	false,