{
	"start":	{
		"connected":	[{
				"socket":	7,
				"local_host":	"192.168.42.4",
				"local_port":	38395,
				"remote_host":	"192.168.42.1",
				"remote_port":	5203
			}],
		"version":	"iperf 3.7",
		"system_info":	"Linux rathan-VirtualBox 5.4.0-177-generic #197-Ubuntu SMP Thu Mar 28 22:45:47 UTC 2024 x86_64",
		"timestamp":	{
			"time":	"Wed, 06 Nov 2024 09:17:35 GMT",
			"timesecs":	1730884655
		},
		"connecting_to":	{
			"host":	"192.168.42.1",
			"port":	5203
		},
		"cookie":	"mrovod376k3b2frpaw6n2chrg7erc7lwbura",
		"sock_bufsize":	0,
		"sndbuf_actual":	212992,
		"rcvbuf_actual":	212992,
		"test_start":	{
			"protocol":	"UDP",
			"num_streams":	1,
			"blksize":	1448,
			"omit":	0,
			"duration":	30,
			"bytes":	0,
			"blocks":	0,
			"reverse":	0,
			"tos":	0
		}
	},
	"intervals":	[{
			"streams":	[{
					"socket":	7,
					"start":	0,
					"end":	1.074757,
					"seconds":	1.0747569799423218,
					"bytes":	1448,
					"bits_per_second":	10778.2505405284,
					"packets":	1,
					"omitted":	false,
					"sender":	true
				}],
			"sum":	{
				"start":	0,
				"end":	1.074757,
				"seconds":	1.0747569799423218,
				"bytes":	1448,
				"bits_per_second":	10778.2505405284,
				"packets":	1,
				"omitted":	false,
				"sender":	true
			}
		}, {
			"streams":	[{
					"socket":	7,
					"start":	1.074757,
					"end":	2.000099,
					"seconds":	0.92534202337265015,
					"bytes":	205616,
					"bits_per_second":	1777643.2480658679,
					"packets":	142,
					"omitted":	false,
					"sender":	true
				}],
			"sum":	{
				"start":	1.074757,
				"end":	2.000099,
				"seconds":	0.92534202337265015,
				"bytes":	205616,
				"bits_per_second":	1777643.2480658679,
				"packets":	142,
				"omitted":	false,
				"sender":	true
			}
		}, {
			"streams":	[{
					"socket":	7,
					"start":	2.000099,
					"end":	3.00003,
					"seconds":	0.9999309778213501,
					"bytes":	60816,
					"bits_per_second":	486561.58354054333,
					"packets":	42,
					"omitted":	false,
					"sender":	true
				}],
			"sum":	{
				"start":	2.000099,
				"end":	3.00003,
				"seconds":	0.9999309778213501,
				"bytes":	60816,
				"bits_per_second":	486561.58354054333,
				"packets":	42,
				"omitted":	false,
				"sender":	true
			}
		}, {
			"streams":	[{
					"socket":	7,
					"start":	3.00003,
					"end":	4.000061,
					"seconds":	1.0000309944152832,
					"bytes":	7240,
					"bits_per_second":	57918.204859106139,
					"packets":	5,
					"omitted":	false,
					"sender":	true
				}],
			"sum":	{
				"start":	3.00003,
				"end":	4.000061,
				"seconds":	1.0000309944152832,
				"bytes":	7240,
				"bits_per_second":	57918.204859106139,
				"packets":	5,
				"omitted":	false,
				"sender":	true
			}
		}, {
			"streams":	[{
					"socket":	7,
					"start":	4.000061,
					"end":	5.000082,
					"seconds":	1.0000209808349609,
					"bytes":	68056,
					"bits_per_second":	544436.57726602571,
					"packets":	47,
					"omitted":	false,
					"sender":	true
				}],
			"sum":	{
				"start":	4.000061,
				"end":	5.000082,
				"seconds":	1.0000209808349609,
				"bytes":	68056,
				"bits_per_second":	544436.57726602571,
				"packets":	47,
				"omitted":	false,
				"sender":	true
			}
		}, {
			"streams":	[{
					"socket":	7,
					"start":	5.000082,
					"end":	6.000052,
					"seconds":	0.999970018863678,
					"bytes":	43440,
					"bits_per_second":	347530.41935687879,
					"packets":	30,
					"omitted":	false,
					"sender":	true
				}],
			"sum":	{
				"start":	5.000082,
				"end":	6.000052,
				"seconds":	0.999970018863678,
				"bytes":	43440,
				"bits_per_second":	347530.41935687879,
				"packets":	30,
				"omitted":	false,
				"sender":	true
			}
		}, {
			"streams":	[{
					"socket":	7,
					"start":	6.000052,
					"end":	7.000682,
					"seconds":	1.0006300210952759,
					"bytes":	24616,
					"bits_per_second":	196804.00932249197,
					"packets":	17,
					"omitted":	false,
					"sender":	true
				}],
			"sum":	{
				"start":	6.000052,
				"end":	7.000682,
				"seconds":	1.0006300210952759,
				"bytes":	24616,
				"bits_per_second":	196804.00932249197,
				"packets":	17,
				"omitted":	false,
				"sender":	true
			}
		}, {
			"streams":	[{
					"socket":	7,
					"start":	7.000682,
					"end":	8.000062,
					"seconds":	0.99937999248504639,
					"bytes":	68056,
					"bits_per_second":	544785.77127222857,
					"packets":	47,
					"omitted":	false,
					"sender":	true
				}],
			"sum":	{
				"start":	7.000682,
				"end":	8.000062,
				"seconds":	0.99937999248504639,
				"bytes":	68056,
				"bits_per_second":	544785.77127222857,
				"packets":	47,
				"omitted":	false,
				"sender":	true
			}
		}, {
			"streams":	[{
					"socket":	7,
					"start":	8.000062,
					"end":	9.000096,
					"seconds":	1.000033974647522,
					"bytes":	27512,
					"bits_per_second":	220088.52257002206,
					"packets":	19,
					"omitted":	false,
					"sender":	true
				}],
			"sum":	{
				"start":	8.000062,
				"end":	9.000096,
				"seconds":	1.000033974647522,
				"bytes":	27512,
				"bits_per_second":	220088.52257002206,
				"packets":	19,
				"omitted":	false,
				"sender":	true
			}
		}, {
			"streams":	[{
					"socket":	7,
					"start":	9.000096,
					"end":	10.000076,
					"seconds":	0.99997997283935547,
					"bytes":	40544,
					"bits_per_second":	324358.49597970542,
					"packets":	28,
					"omitted":	false,
					"sender":	true
				}],
			"sum":	{
				"start":	9.000096,
				"end":	10.000076,
				"seconds":	0.99997997283935547,
				"bytes":	40544,
				"bits_per_second":	324358.49597970542,
				"packets":	28,
				"omitted":	false,
				"sender":	true
			}
		}, {
			"streams":	[{
					"socket":	7,
					"start":	10.000076,
					"end":	11.000223,
					"seconds":	1.0001469850540161,
					"bytes":	68056,
					"bits_per_second":	544367.986042167,
					"packets":	47,
					"omitted":	false,
					"sender":	true
				}],
			"sum":	{
				"start":	10.000076,
				"end":	11.000223,
				"seconds":	1.0001469850540161,
				"bytes":	68056,
				"bits_per_second":	544367.986042167,
				"packets":	47,
				"omitted":	false,
				"sender":	true
			}
		}, {
			"streams":	[{
					"socket":	7,
					"start":	11.000223,
					"end":	12.000075,
					"seconds":	0.99985200166702271,
					"bytes":	8688,
					"bits_per_second":	69514.287998741915,
					"packets":	6,
					"omitted":	false,
					"sender":	true
				}],
			"sum":	{
				"start":	11.000223,
				"end":	12.000075,
				"seconds":	0.99985200166702271,
				"bytes":	8688,
				"bits_per_second":	69514.287998741915,
				"packets":	6,
				"omitted":	false,
				"sender":	true
			}
		}, {
			"streams":	[{
					"socket":	7,
					"start":	12.000075,
					"end":	13.00007,
					"seconds":	0.99999499320983887,
					"bytes":	59368,
					"bits_per_second":	474946.3779568522,
					"packets":	41,
					"omitted":	false,
					"sender":	true
				}],
			"sum":	{
				"start":	12.000075,
				"end":	13.00007,
				"seconds":	0.99999499320983887,
				"bytes":	59368,
				"bits_per_second":	474946.3779568522,
				"packets":	41,
				"omitted":	false,
				"sender":	true
			}
		}, {
			"streams":	[{
					"socket":	7,
					"start":	13.00007,
					"end":	14.000082,
					"seconds":	1.0000120401382446,
					"bytes":	50680,
					"bits_per_second":	405435.11850512394,
					"packets":	35,
					"omitted":	false,
					"sender":	true
				}],
			"sum":	{
				"start":	13.00007,
				"end":	14.000082,
				"seconds":	1.0000120401382446,
				"bytes":	50680,
				"bits_per_second":	405435.11850512394,
				"packets":	35,
				"omitted":	false,
				"sender":	true
			}
		}, {
			"streams":	[{
					"socket":	7,
					"start":	14.000082,
					"end":	15.000088,
					"seconds":	1.0000059604644775,
					"bytes":	17376,
					"bits_per_second":	139007.17145269242,
					"packets":	12,
					"omitted":	false,
					"sender":	true
				}],
			"sum":	{
				"start":	14.000082,
				"end":	15.000088,
				"seconds":	1.0000059604644775,
				"bytes":	17376,
				"bits_per_second":	139007.17145269242,
				"packets":	12,
				"omitted":	false,