{
	"start":	{
		"connected":	[{
				"socket":	7,
				"local_host":	"192.168.42.7",
				"local_port":	42892,
				"remote_host":	"192.168.42.1",
				"remote_port":	5206
			}],
		"version":	"iperf 3.7",
		"system_info":	"Linux rathan-VirtualBox 5.4.0-177-generic #197-Ubuntu SMP Thu Mar 28 22:45:47 UTC 2024 x86_64",
		"timestamp":	{
			"time":	"Wed, 06 Nov 2024 09:17:40 GMT",
			"timesecs":	1730884660
		},
		"connecting_to":	{
			"host":	"192.168.42.1",
			"port":	5206
		},
		"cookie":	"zpmu33rvrhybqdxoiaszqhf3ogeccr7udlk3",
		"sock_bufsize":	0,
		"sndbuf_actual":	212992,
		"rcvbuf_actual":	212992,
		"test_start":	{
			"protocol":	"UDP",
			"num_streams":	1,
			"blksize":	1448,
			"omit":	0,
			"duration":	30,
			"bytes":	0,
			"blocks":	0,
			"reverse":	0,
			"tos":	0
		}
	},
	"intervals":	[{
			"streams":	[{
					"socket":	7,
					"start":	0,
					"end":	3.219865,
					"seconds":	3.219865083694458,
					"bytes":	1448,
					"bits_per_second":	3597.6662682737542,
					"packets":	1,
					"omitted":	false,
					"sender":	true
				}],
			"sum":	{
				"start":	0,
				"end":	3.219865,
				"seconds":	3.219865083694458,
				"bytes":	1448,
				"bits_per_second":	3597.6662682737542,
				"packets":	1,
				"omitted":	false,
				"sender":	true
			}
		}, {
			"streams":	[{
					"socket":	7,
					"start":	3.219875,
					"end":	4.000116,
					"seconds":	0.78024101257324219,
					"bytes":	469152,
					"bits_per_second":	4810329.0387438852,
					"packets":	324,
					"omitted":	false,
					"sender":	true
				}],
			"sum":	{
				"start":	3.219875,
				"end":	4.000116,
				"seconds":	0.78024101257324219,
				"bytes":	469152,
				"bits_per_second":	4810329.0387438852,
				"packets":	324,
				"omitted":	false,
				"sender":	true
			}
		}, {
			"streams":	[{
					"socket":	7,
					"start":	4.000116,
					"end":	5.000112,
					"seconds":	0.9999960064888,
					"bytes":	43440,
					"bits_per_second":	347521.38783055451,
					"packets":	30,
					"omitted":	false,
					"sender":	true
				}],
			"sum":	{
				"start":	4.000116,
				"end":	5.000112,
				"seconds":	0.9999960064888,
				"bytes":	43440,
				"bits_per_second":	347521.38783055451,
				"packets":	30,
				"omitted":	false,
				"sender":	true
			}
		}, {
			"streams":	[{
					"socket":	7,
					"start":	5.000112,
					"end":	6.000111,
					"seconds":	0.99999898672103882,
					"bytes":	24616,
					"bits_per_second":	196928.19954320145,
					"packets":	17,
					"omitted":	false,
					"sender":	true
				}],
			"sum":	{
				"start":	5.000112,
				"end":	6.000111,
				"seconds":	0.99999898672103882,
				"bytes":	24616,
				"bits_per_second":	196928.19954320145,
				"packets":	17,
				"omitted":	false,
				"sender":	true
			}
		}, {
			"streams":	[{
					"socket":	7,
					"start":	6.000111,
					"end":	7.000051,
					"seconds":	0.99993997812271118,
					"bytes":	68056,
					"bits_per_second":	544480.68075260625,
					"packets":	47,
					"omitted":	false,
					"sender":	true
				}],
			"sum":	{
				"start":	6.000111,
				"end":	7.000051,
				"seconds":	0.99993997812271118,
				"bytes":	68056,
				"bits_per_second":	544480.68075260625,
				"packets":	47,
				"omitted":	false,
				"sender":	true
			}
		}, {
			"streams":	[{
					"socket":	7,
					"start":	7.000051,
					"end":	8.000176,
					"seconds":	1.0001250505447388,
					"bytes":	28960,
					"bits_per_second":	231651.03191227006,
					"packets":	20,
					"omitted":	false,
					"sender":	true
				}],
			"sum":	{
				"start":	7.000051,
				"end":	8.000176,
				"seconds":	1.0001250505447388,
				"bytes":	28960,
				"bits_per_second":	231651.03191227006,
				"packets":	20,
				"omitted":	false,
				"sender":	true
			}
		}, {
			"streams":	[{
					"socket":	7,
					"start":	8.000176,
					"end":	9.000226,
					"seconds":	1.0000499486923218,
					"bytes":	39096,
					"bits_per_second":	312752.37842767703,
					"packets":	27,
					"omitted":	false,
					"sender":	true
				}],
			"sum":	{
				"start":	8.000176,
				"end":	9.000226,
				"seconds":	1.0000499486923218,
				"bytes":	39096,
				"bits_per_second":	312752.37842767703,
				"packets":	27,
				"omitted":	false,
				"sender":	true
			}
		}, {
			"streams":	[{
					"socket":	7,
					"start":	9.000226,
					"end":	10.000106,
					"seconds":	0.99988001585006714,
					"bytes":	68056,
					"bits_per_second":	544513.33296938345,
					"packets":	47,
					"omitted":	false,
					"sender":	true
				}],
			"sum":	{
				"start":	9.000226,
				"end":	10.000106,
				"seconds":	0.99988001585006714,
				"bytes":	68056,
				"bits_per_second":	544513.33296938345,
				"packets":	47,
				"omitted":	false,
				"sender":	true
			}
		}, {
			"streams":	[{
					"socket":	7,
					"start":	10.000106,
					"end":	11.000062,
					"seconds":	0.99995601177215576,
					"bytes":	0,
					"bits_per_second":	0,
					"packets":	0,
					"omitted":	false,
					"sender":	true
				}],
			"sum":	{
				"start":	10.000106,
				"end":	11.000062,
				"seconds":	0.99995601177215576,
				"bytes":	0,
				"bits_per_second":	0,
				"packets":	0,
				"omitted":	false,
				"sender":	true
			}
		}, {
			"streams":	[{
					"socket":	7,
					"start":	11.000062,
					"end":	12.000104,
					"seconds":	1.0000419616699219,
					"bytes":	68056,
					"bits_per_second":	544425.15501134819,
					"packets":	47,
					"omitted":	false,
					"sender":	true
				}],
			"sum":	{
				"start":	11.000062,
				"end":	12.000104,
				"seconds":	1.0000419616699219,
				"bytes":	68056,
				"bits_per_second":	544425.15501134819,
				"packets":	47,
				"omitted":	false,
				"sender":	true
			}
		}, {
			"streams":	[{
					"socket":	7,
					"start":	12.000104,
					"end":	13.0001,
					"seconds":	0.9999960064888,
					"bytes":	53576,
					"bits_per_second":	428609.71165768389,
					"packets":	37,
					"omitted":	false,
					"sender":	true
				}],
			"sum":	{
				"start":	12.000104,
				"end":	13.0001,
				"seconds":	0.9999960064888,
				"bytes":	53576,
				"bits_per_second":	428609.71165768389,
				"packets":	37,
				"omitted":	false,
				"sender":	true
			}
		}, {
			"streams":	[{
					"socket":	7,
					"start":	13.0001,
					"end":	14.000091,
					"seconds":	0.99999099969863892,
					"bytes":	14480,
					"bits_per_second":	115841.04260429343,
					"packets":	10,
					"omitted":	false,
					"sender":	true
				}],
			"sum":	{
				"start":	13.0001,
				"end":	14.000091,
				"seconds":	0.99999099969863892,
				"bytes":	14480,
				"bits_per_second":	115841.04260429343,
				"packets":	10,
				"omitted":	false,
				"sender":	true
			}
		}, {
			"streams":	[{
					"socket":	7,
					"start":	14.000091,
					"end":	15.000108,
					"seconds":	1.0000170469284058,
					"bytes":	68056,
					"bits_per_second":	544438.71899213607,
					"packets":	47,
					"omitted":	false,
					"sender":	true
				}],
			"sum":	{
				"start":	14.000091,
				"end":	15.000108,
				"seconds":	1.0000170469284058,
				"bytes":	68056,
				"bits_per_second":	544438.71899213607,
				"packets":	47,
				"omitted":	false,
				"sender":	true
			}
		}, {
			"streams":	[{
					"socket":	7,
					"start":	15.000108,
					"end":	16.000088,
					"seconds":	0.99997997283935547,
					"bytes":	0,
					"bits_per_second":	0,
					"packets":	0,
					"omitted":	false,
					"sender":	true
				}],
			"sum":	{
				"start":	15.000108,
				"end":	16.000088,
				"seconds":	0.99997997283935547,
				"bytes":	0,
				"bits_per_second":	0,
				"packets":	0,
				"omitted":	false,
				"sender":	true
			}
		}, {
			"streams":	[{
					"socket":	7,
					"start":	16.000088,
					"end":	17.000085,
					"seconds":	0.99999701976776123,
					"bytes":	68056,
					"bits_per_second":	544449.62258631759,
					"packets":	47,
					"omitted":	false,
					"sender":	true
				}],
			"sum":	{
				"start":	16.000088,
				"end":	17.000085,
				"seconds":	0.99999701976776123,
				"bytes":	68056,
				"bits_per_second":	544449.62258631759,
				"packets":	47,
				"omitted":	false,
				"sender":	true
			}
		}, {
			"streams":	[{
					"socket":	7,
					"start":	17.000085,
					"end":	18.00008,