{
	"start":	{
		"connected":	[{
				"socket":	7,
				"local_host":	"192.168.42.8",
				"local_port":	55303,
				"remote_host":	"192.168.42.1",
				"remote_port":	5207
			}],
		"version":	"iperf 3.7",
		"system_info":	"Linux rathan-VirtualBox 5.4.0-177-generic #197-Ubuntu SMP Thu Mar 28 22:45:47 UTC 2024 x86_64",
		"timestamp":	{
			"time":	"Wed, 06 Nov 2024 09:17:35 GMT",
			"timesecs":	1730884655
		},
		"connecting_to":	{
			"host":	"192.168.42.1",
			"port":	5207
		},
		"cookie":	"zkt4yfkh2hlpxelmq4tijidqjtdsp6axs2ml",
		"sock_bufsize":	0,
		"sndbuf_actual":	212992,
		"rcvbuf_actual":	212992,
		"test_start":	{
			"protocol":	"UDP",
			"num_streams":	1,
			"blksize":	1448,
			"omit":	0,
			"duration":	30,
			"bytes":	0,
			"blocks":	0,
			"reverse":	0,
			"tos":	0
		}
	},
	"intervals":	[{
			"streams":	[{
					"socket":	7,
					"start":	0,
					"end":	1.074431,
					"seconds":	1.0744309425354004,
					"bytes":	1448,
					"bits_per_second":	10781.521214071261,
					"packets":	1,
					"omitted":	false,
					"sender":	true
				}],
			"sum":	{
				"start":	0,
				"end":	1.074431,
				"seconds":	1.0744309425354004,
				"bytes":	1448,
				"bits_per_second":	10781.521214071261,
				"packets":	1,
				"omitted":	false,
				"sender":	true
			}
		}, {
			"streams":	[{
					"socket":	7,
					"start":	1.074431,
					"end":	2.000103,
					"seconds":	0.92567199468612671,
					"bytes":	194032,
					"bits_per_second":	1676896.3616819077,
					"packets":	134,
					"omitted":	false,
					"sender":	true
				}],
			"sum":	{
				"start":	1.074431,
				"end":	2.000103,
				"seconds":	0.92567199468612671,
				"bytes":	194032,
				"bits_per_second":	1676896.3616819077,
				"packets":	134,
				"omitted":	false,
				"sender":	true
			}
		}, {
			"streams":	[{
					"socket":	7,
					"start":	2.000103,
					"end":	3.000068,
					"seconds":	0.99996501207351685,
					"bytes":	68056,
					"bits_per_second":	544467.04977311,
					"packets":	47,
					"omitted":	false,
					"sender":	true
				}],
			"sum":	{
				"start":	2.000103,
				"end":	3.000068,
				"seconds":	0.99996501207351685,
				"bytes":	68056,
				"bits_per_second":	544467.04977311,
				"packets":	47,
				"omitted":	false,
				"sender":	true
			}
		}, {
			"streams":	[{
					"socket":	7,
					"start":	3.000068,
					"end":	4.000064,
					"seconds":	0.9999960064888,
					"bytes":	0,
					"bits_per_second":	0,
					"packets":	0,
					"omitted":	false,
					"sender":	true
				}],
			"sum":	{
				"start":	3.000068,
				"end":	4.000064,
				"seconds":	0.9999960064888,
				"bytes":	0,
				"bits_per_second":	0,
				"packets":	0,
				"omitted":	false,
				"sender":	true
			}
		}, {
			"streams":	[{
					"socket":	7,
					"start":	4.000064,
					"end":	5.000041,
					"seconds":	0.9999769926071167,
					"bytes":	68056,
					"bits_per_second":	544460.52661724528,
					"packets":	47,
					"omitted":	false,
					"sender":	true
				}],
			"sum":	{
				"start":	4.000064,
				"end":	5.000041,
				"seconds":	0.9999769926071167,
				"bytes":	68056,
				"bits_per_second":	544460.52661724528,
				"packets":	47,
				"omitted":	false,
				"sender":	true
			}
		}, {
			"streams":	[{
					"socket":	7,
					"start":	5.000041,
					"end":	6.000037,
					"seconds":	0.9999960064888,
					"bytes":	56472,
					"bits_per_second":	451777.80417972087,
					"packets":	39,
					"omitted":	false,
					"sender":	true
				}],
			"sum":	{
				"start":	5.000041,
				"end":	6.000037,
				"seconds":	0.9999960064888,
				"bytes":	56472,
				"bits_per_second":	451777.80417972087,
				"packets":	39,
				"omitted":	false,
				"sender":	true
			}
		}, {
			"streams":	[{
					"socket":	7,
					"start":	6.000037,
					"end":	7.00043,
					"seconds":	1.0003930330276489,
					"bytes":	11584,
					"bits_per_second":	92635.591153141038,
					"packets":	8,
					"omitted":	false,
					"sender":	true
				}],
			"sum":	{
				"start":	6.000037,
				"end":	7.00043,
				"seconds":	1.0003930330276489,
				"bytes":	11584,
				"bits_per_second":	92635.591153141038,
				"packets":	8,
				"omitted":	false,
				"sender":	true
			}
		}, {
			"streams":	[{
					"socket":	7,
					"start":	7.00043,
					"end":	8.000066,
					"seconds":	0.99963599443435669,
					"bytes":	68056,
					"bits_per_second":	544646.25426786032,
					"packets":	47,
					"omitted":	false,
					"sender":	true
				}],
			"sum":	{
				"start":	7.00043,
				"end":	8.000066,
				"seconds":	0.99963599443435669,
				"bytes":	68056,
				"bits_per_second":	544646.25426786032,
				"packets":	47,
				"omitted":	false,
				"sender":	true
			}
		}, {
			"streams":	[{
					"socket":	7,
					"start":	8.000066,
					"end":	9.000081,
					"seconds":	1.0000150203704834,
					"bytes":	39096,
					"bits_per_second":	312763.30217932764,
					"packets":	27,
					"omitted":	false,
					"sender":	true
				}],
			"sum":	{
				"start":	8.000066,
				"end":	9.000081,
				"seconds":	1.0000150203704834,
				"bytes":	39096,
				"bits_per_second":	312763.30217932764,
				"packets":	27,
				"omitted":	false,
				"sender":	true
			}
		}, {
			"streams":	[{
					"socket":	7,
					"start":	9.000081,
					"end":	10.000095,
					"seconds":	1.0000139474868774,
					"bytes":	28960,
					"bits_per_second":	231676.76869130888,
					"packets":	20,
					"omitted":	false,
					"sender":	true
				}],
			"sum":	{
				"start":	9.000081,
				"end":	10.000095,
				"seconds":	1.0000139474868774,
				"bytes":	28960,
				"bits_per_second":	231676.76869130888,
				"packets":	20,
				"omitted":	false,
				"sender":	true
			}
		}, {
			"streams":	[{
					"socket":	7,
					"start":	10.000095,
					"end":	11.000237,
					"seconds":	1.000141978263855,
					"bytes":	68056,
					"bits_per_second":	544370.7111915315,
					"packets":	47,
					"omitted":	false,
					"sender":	true
				}],
			"sum":	{
				"start":	10.000095,
				"end":	11.000237,
				"seconds":	1.000141978263855,
				"bytes":	68056,
				"bits_per_second":	544370.7111915315,
				"packets":	47,
				"omitted":	false,
				"sender":	true
			}
		}, {
			"streams":	[{
					"socket":	7,
					"start":	11.000237,
					"end":	12.000084,
					"seconds":	0.99984699487686157,
					"bytes":	20272,
					"bits_per_second":	162200.81755606332,
					"packets":	14,
					"omitted":	false,
					"sender":	true
				}],
			"sum":	{
				"start":	11.000237,
				"end":	12.000084,
				"seconds":	0.99984699487686157,
				"bytes":	20272,
				"bits_per_second":	162200.81755606332,
				"packets":	14,
				"omitted":	false,
				"sender":	true
			}
		}, {
			"streams":	[{
					"socket":	7,
					"start":	12.000084,
					"end":	13.000069,
					"seconds":	0.9999849796295166,
					"bytes":	47784,
					"bits_per_second":	382277.74195331172,
					"packets":	33,
					"omitted":	false,
					"sender":	true
				}],
			"sum":	{
				"start":	12.000084,
				"end":	13.000069,
				"seconds":	0.9999849796295166,
				"bytes":	47784,
				"bits_per_second":	382277.74195331172,
				"packets":	33,
				"omitted":	false,
				"sender":	true
			}
		}, {
			"streams":	[{
					"socket":	7,
					"start":	13.000069,
					"end":	14.000078,
					"seconds":	1.0000089406967163,
					"bytes":	62264,
					"bits_per_second":	498107.546571494,
					"packets":	43,
					"omitted":	false,
					"sender":	true
				}],
			"sum":	{
				"start":	13.000069,
				"end":	14.000078,
				"seconds":	1.0000089406967163,
				"bytes":	62264,
				"bits_per_second":	498107.546571494,
				"packets":	43,
				"omitted":	false,
				"sender":	true
			}
		}, {
			"streams":	[{
					"socket":	7,
					"start":	14.000078,
					"end":	15.000093,
					"seconds":	1.0000150203704834,
					"bytes":	5792,
					"bits_per_second":	46335.304026567057,
					"packets":	4,
					"omitted":	false,
					"sender":	true
				}],
			"sum":	{
				"start":	14.000078,
				"end":	15.000093,
				"seconds":	1.0000150203704834,
				"bytes":	5792,
				"bits_per_second":	46335.304026567057,
				"packets":	4,
				"omitted":	false,
				"sender":	true
			}
		}, {
			"streams":	[{
					"socket":	7,
					"start":	15.000093,