{
	"start":	{
		"connected":	[{
				"socket":	7,
				"local_host":	"192.168.42.9",
				"local_port":	46606,
				"remote_host":	"192.168.42.1",
				"remote_port":	5208
			}],
		"version":	"iperf 3.7",
		"system_info":	"Linux rathan-VirtualBox 5.4.0-177-generic #197-Ubuntu SMP Thu Mar 28 22:45:47 UTC 2024 x86_64",
		"timestamp":	{
			"time":	"Wed, 06 Nov 2024 09:17:35 GMT",
			"timesecs":	1730884655
		},
		"connecting_to":	{
			"host":	"192.168.42.1",
			"port":	5208
		},
		"cookie":	"b73ab5q2iovxvvnsaukvgnga5pms57csahiu",
		"sock_bufsize":	0,
		"sndbuf_actual":	212992,
		"rcvbuf_actual":	212992,
		"test_start":	{
			"protocol":	"UDP",
			"num_streams":	1,
			"blksize":	1448,
			"omit":	0,
			"duration":	30,
			"bytes":	0,
			"blocks":	0,
			"reverse":	0,
			"tos":	0
		}
	},
	"intervals":	[{
			"streams":	[{
					"socket":	7,
					"start":	0,
					"end":	1.000045,
					"seconds":	1.0000449419021606,
					"bytes":	121632,
					"bits_per_second":	973012.27097771666,
					"packets":	84,
					"omitted":	false,
					"sender":	true
				}],
			"sum":	{
				"start":	0,
				"end":	1.000045,
				"seconds":	1.0000449419021606,
				"bytes":	121632,
				"bits_per_second":	973012.27097771666,
				"packets":	84,
				"omitted":	false,
				"sender":	true
			}
		}, {
			"streams":	[{
					"socket":	7,
					"start":	1.000045,
					"end":	2.00003,
					"seconds":	0.9999849796295166,
					"bytes":	47784,
					"bits_per_second":	382277.74195331172,
					"packets":	33,
					"omitted":	false,
					"sender":	true
				}],
			"sum":	{
				"start":	1.000045,
				"end":	2.00003,
				"seconds":	0.9999849796295166,
				"bytes":	47784,
				"bits_per_second":	382277.74195331172,
				"packets":	33,
				"omitted":	false,
				"sender":	true
			}
		}, {
			"streams":	[{
					"socket":	7,
					"start":	2.00003,
					"end":	3.000068,
					"seconds":	1.0000380277633667,
					"bytes":	211408,
					"bits_per_second":	1691199.6874584795,
					"packets":	146,
					"omitted":	false,
					"sender":	true
				}],
			"sum":	{
				"start":	2.00003,
				"end":	3.000068,
				"seconds":	1.0000380277633667,
				"bytes":	211408,
				"bits_per_second":	1691199.6874584795,
				"packets":	146,
				"omitted":	false,
				"sender":	true
			}
		}, {
			"streams":	[{
					"socket":	7,
					"start":	3.000068,
					"end":	4.000059,
					"seconds":	0.99999099969863892,
					"bytes":	47784,
					"bits_per_second":	382275.44059416826,
					"packets":	33,
					"omitted":	false,
					"sender":	true
				}],
			"sum":	{
				"start":	3.000068,
				"end":	4.000059,
				"seconds":	0.99999099969863892,
				"bytes":	47784,
				"bits_per_second":	382275.44059416826,
				"packets":	33,
				"omitted":	false,
				"sender":	true
			}
		}, {
			"streams":	[{
					"socket":	7,
					"start":	4.000059,
					"end":	5.000101,
					"seconds":	1.0000419616699219,
					"bytes":	44888,
					"bits_per_second":	359088.9320287616,
					"packets":	31,
					"omitted":	false,
					"sender":	true
				}],
			"sum":	{
				"start":	4.000059,
				"end":	5.000101,
				"seconds":	1.0000419616699219,
				"bytes":	44888,
				"bits_per_second":	359088.9320287616,
				"packets":	31,
				"omitted":	false,
				"sender":	true
			}
		}, {
			"streams":	[{
					"socket":	7,
					"start":	5.000101,
					"end":	6.000141,
					"seconds":	1.0000400543212891,
					"bytes":	49232,
					"bits_per_second":	393840.2249970914,
					"packets":	34,
					"omitted":	false,
					"sender":	true
				}],
			"sum":	{
				"start":	5.000101,
				"end":	6.000141,
				"seconds":	1.0000400543212891,
				"bytes":	49232,
				"bits_per_second":	393840.2249970914,
				"packets":	34,
				"omitted":	false,
				"sender":	true
			}
		}, {
			"streams":	[{
					"socket":	7,
					"start":	6.000141,
					"end":	7.000073,
					"seconds":	0.99993199110031128,
					"bytes":	46336,
					"bits_per_second":	370713.21179763443,
					"packets":	32,
					"omitted":	false,
					"sender":	true
				}],
			"sum":	{
				"start":	6.000141,
				"end":	7.000073,
				"seconds":	0.99993199110031128,
				"bytes":	46336,
				"bits_per_second":	370713.21179763443,
				"packets":	32,
				"omitted":	false,
				"sender":	true
			}
		}, {
			"streams":	[{
					"socket":	7,
					"start":	7.000073,
					"end":	8.0001,
					"seconds":	1.0000269412994385,
					"bytes":	41992,
					"bits_per_second":	335926.9496914589,
					"packets":	29,
					"omitted":	false,
					"sender":	true
				}],
			"sum":	{
				"start":	7.000073,
				"end":	8.0001,
				"seconds":	1.0000269412994385,
				"bytes":	41992,
				"bits_per_second":	335926.9496914589,
				"packets":	29,
				"omitted":	false,
				"sender":	true
			}
		}, {
			"streams":	[{
					"socket":	7,
					"start":	8.0001,
					"end":	9.00009,
					"seconds":	0.99998998641967773,
					"bytes":	46336,
					"bits_per_second":	370691.7119512324,
					"packets":	32,
					"omitted":	false,
					"sender":	true
				}],
			"sum":	{
				"start":	8.0001,
				"end":	9.00009,
				"seconds":	0.99998998641967773,
				"bytes":	46336,
				"bits_per_second":	370691.7119512324,
				"packets":	32,
				"omitted":	false,
				"sender":	true
			}
		}, {
			"streams":	[{
					"socket":	7,
					"start":	9.00009,
					"end":	10.000093,
					"seconds":	1.0000029802322388,
					"bytes":	44888,
					"bits_per_second":	359102.92978987162,
					"packets":	31,
					"omitted":	false,
					"sender":	true
				}],
			"sum":	{
				"start":	9.00009,
				"end":	10.000093,
				"seconds":	1.0000029802322388,
				"bytes":	44888,
				"bits_per_second":	359102.92978987162,
				"packets":	31,
				"omitted":	false,
				"sender":	true
			}
		}, {
			"streams":	[{
					"socket":	7,
					"start":	10.000093,
					"end":	11.000103,
					"seconds":	1.0000100135803223,
					"bytes":	43440,
					"bits_per_second":	347516.52011541254,
					"packets":	30,
					"omitted":	false,
					"sender":	true
				}],
			"sum":	{
				"start":	10.000093,
				"end":	11.000103,
				"seconds":	1.0000100135803223,
				"bytes":	43440,
				"bits_per_second":	347516.52011541254,
				"packets":	30,
				"omitted":	false,
				"sender":	true
			}
		}, {
			"streams":	[{
					"socket":	7,
					"start":	11.000103,
					"end":	12.000153,
					"seconds":	1.0000499486923218,
					"bytes":	40544,
					"bits_per_second":	324335.79985092429,
					"packets":	28,
					"omitted":	false,
					"sender":	true
				}],
			"sum":	{
				"start":	11.000103,
				"end":	12.000153,
				"seconds":	1.0000499486923218,
				"bytes":	40544,
				"bits_per_second":	324335.79985092429,
				"packets":	28,
				"omitted":	false,
				"sender":	true
			}
		}, {
			"streams":	[{
					"socket":	7,
					"start":	12.000153,
					"end":	13.000127,
					"seconds":	0.99997401237487793,
					"bytes":	46336,
					"bits_per_second":	370697.63355113438,
					"packets":	32,
					"omitted":	false,
					"sender":	true
				}],
			"sum":	{
				"start":	12.000153,
				"end":	13.000127,
				"seconds":	0.99997401237487793,
				"bytes":	46336,
				"bits_per_second":	370697.63355113438,
				"packets":	32,
				"omitted":	false,
				"sender":	true
			}
		}, {
			"streams":	[{
					"socket":	7,
					"start":	13.000127,
					"end":	14.000042,
					"seconds":	0.99991500377655029,
					"bytes":	43440,
					"bits_per_second":	347549.54039839556,
					"packets":	30,
					"omitted":	false,
					"sender":	true
				}],
			"sum":	{
				"start":	13.000127,
				"end":	14.000042,
				"seconds":	0.99991500377655029,
				"bytes":	43440,
				"bits_per_second":	347549.54039839556,
				"packets":	30,
				"omitted":	false,
				"sender":	true
			}
		}, {
			"streams":	[{
					"socket":	7,
					"start":	14.000042,
					"end":	15.000078,
					"seconds":	1.0000360012054443,
					"bytes":	41992,
					"bits_per_second":	335923.9063344344,
					"packets":	29,
					"omitted":	false,
					"sender":	true
				}],
			"sum":	{
				"start":	14.000042,
				"end":	15.000078,
				"seconds":	1.0000360012054443,
				"bytes":	41992,
				"bits_per_second":	335923.9063344344,
				"packets":	29,
				"omitted":	false,