{
	"start":	{
		"connected":	[{
				"socket":	7,
				"local_host":	"192.168.42.10",
				"local_port":	55168,
				"remote_host":	"192.168.42.1",
				"remote_port":	5209
			}],
		"version":	"iperf 3.7",
		"system_info":	"Linux rathan-VirtualBox 5.4.0-177-generic #197-Ubuntu SMP Thu Mar 28 22:45:47 UTC 2024 x86_64",
		"timestamp":	{
			"time":	"Wed, 06 Nov 2024 09:17:35 GMT",
			"timesecs":	1730884655
		},
		"connecting_to":	{
			"host":	"192.168.42.1",
			"port":	5209
		},
		"cookie":	"k5uewlfn7foeak6n2rsu27gz2qqdlzyotrrb",
		"sock_bufsize":	0,
		"sndbuf_actual":	212992,
		"rcvbuf_actual":	212992,
		"test_start":	{
			"protocol":	"UDP",
			"num_streams":	1,
			"blksize":	1448,
			"omit":	0,
			"duration":	30,
			"bytes":	0,
			"blocks":	0,
			"reverse":	0,
			"tos":	0
		}
	},
	"intervals":	[{
			"streams":	[{
					"socket":	7,
					"start":	0,
					"end":	1.00034,
					"seconds":	1.0003399848937988,
					"bytes":	131768,
					"bits_per_second":	1053785.728770917,
					"packets":	91,
					"omitted":	false,
					"sender":	true
				}],
			"sum":	{
				"start":	0,
				"end":	1.00034,
				"seconds":	1.0003399848937988,
				"bytes":	131768,
				"bits_per_second":	1053785.728770917,
				"packets":	91,
				"omitted":	false,
				"sender":	true
			}
		}, {
			"streams":	[{
					"socket":	7,
					"start":	1.00034,
					"end":	2.000092,
					"seconds":	0.9997519850730896,
					"bytes":	53576,
					"bits_per_second":	428714.32755261339,
					"packets":	37,
					"omitted":	false,
					"sender":	true
				}],
			"sum":	{
				"start":	1.00034,
				"end":	2.000092,
				"seconds":	0.9997519850730896,
				"bytes":	53576,
				"bits_per_second":	428714.32755261339,
				"packets":	37,
				"omitted":	false,
				"sender":	true
			}
		}, {
			"streams":	[{
					"socket":	7,
					"start":	2.000092,
					"end":	3.000112,
					"seconds":	1.0000200271606445,
					"bytes":	49232,
					"bits_per_second":	393848.11234058463,
					"packets":	34,
					"omitted":	false,
					"sender":	true
				}],
			"sum":	{
				"start":	2.000092,
				"end":	3.000112,
				"seconds":	1.0000200271606445,
				"bytes":	49232,
				"bits_per_second":	393848.11234058463,
				"packets":	34,
				"omitted":	false,
				"sender":	true
			}
		}, {
			"streams":	[{
					"socket":	7,
					"start":	3.000112,
					"end":	4.000122,
					"seconds":	1.0000100135803223,
					"bytes":	49232,
					"bits_per_second":	393852.05613080086,
					"packets":	34,
					"omitted":	false,
					"sender":	true
				}],
			"sum":	{
				"start":	3.000112,
				"end":	4.000122,
				"seconds":	1.0000100135803223,
				"bytes":	49232,
				"bits_per_second":	393852.05613080086,
				"packets":	34,
				"omitted":	false,
				"sender":	true
			}
		}, {
			"streams":	[{
					"socket":	7,
					"start":	4.000122,
					"end":	5.000061,
					"seconds":	0.99993902444839478,
					"bytes":	43440,
					"bits_per_second":	347541.19151585823,
					"packets":	30,
					"omitted":	false,
					"sender":	true
				}],
			"sum":	{
				"start":	4.000122,
				"end":	5.000061,
				"seconds":	0.99993902444839478,
				"bytes":	43440,
				"bits_per_second":	347541.19151585823,
				"packets":	30,
				"omitted":	false,
				"sender":	true
			}
		}, {
			"streams":	[{
					"socket":	7,
					"start":	5.000061,
					"end":	6.000094,
					"seconds":	1.0000330209732056,
					"bytes":	47784,
					"bits_per_second":	382259.37742334051,
					"packets":	33,
					"omitted":	false,
					"sender":	true
				}],
			"sum":	{
				"start":	5.000061,
				"end":	6.000094,
				"seconds":	1.0000330209732056,
				"bytes":	47784,
				"bits_per_second":	382259.37742334051,
				"packets":	33,
				"omitted":	false,
				"sender":	true
			}
		}, {
			"streams":	[{
					"socket":	7,
					"start":	6.000094,
					"end":	7.000086,
					"seconds":	0.9999920129776001,
					"bytes":	47784,
					"bits_per_second":	382275.05323941313,
					"packets":	33,
					"omitted":	false,
					"sender":	true
				}],
			"sum":	{
				"start":	6.000094,
				"end":	7.000086,
				"seconds":	0.9999920129776001,
				"bytes":	47784,
				"bits_per_second":	382275.05323941313,
				"packets":	33,
				"omitted":	false,
				"sender":	true
			}
		}, {
			"streams":	[{
					"socket":	7,
					"start":	7.000086,
					"end":	8.000054,
					"seconds":	0.99996799230575562,
					"bytes":	128872,
					"bits_per_second":	1031009.0002208423,
					"packets":	89,
					"omitted":	false,
					"sender":	true
				}],
			"sum":	{
				"start":	7.000086,
				"end":	8.000054,
				"seconds":	0.99996799230575562,
				"bytes":	128872,
				"bits_per_second":	1031009.0002208423,
				"packets":	89,
				"omitted":	false,
				"sender":	true
			}
		}, {
			"streams":	[{
					"socket":	7,
					"start":	8.000054,
					"end":	9.000088,
					"seconds":	1.000033974647522,
					"bytes":	43440,
					"bits_per_second":	347508.19353161374,
					"packets":	30,
					"omitted":	false,
					"sender":	true
				}],
			"sum":	{
				"start":	8.000054,
				"end":	9.000088,
				"seconds":	1.000033974647522,
				"bytes":	43440,
				"bits_per_second":	347508.19353161374,
				"packets":	30,
				"omitted":	false,
				"sender":	true
			}
		}, {
			"streams":	[{
					"socket":	7,
					"start":	9.000088,
					"end":	10.000116,
					"seconds":	1.0000280141830444,
					"bytes":	46336,
					"bits_per_second":	370677.61576942133,
					"packets":	32,
					"omitted":	false,
					"sender":	true
				}],
			"sum":	{
				"start":	9.000088,
				"end":	10.000116,
				"seconds":	1.0000280141830444,
				"bytes":	46336,
				"bits_per_second":	370677.61576942133,
				"packets":	32,
				"omitted":	false,
				"sender":	true
			}
		}, {
			"streams":	[{
					"socket":	7,
					"start":	10.000116,
					"end":	11.000076,
					"seconds":	0.99996000528335571,
					"bytes":	43440,
					"bits_per_second":	347533.8995198356,
					"packets":	30,
					"omitted":	false,
					"sender":	true
				}],
			"sum":	{
				"start":	10.000116,
				"end":	11.000076,
				"seconds":	0.99996000528335571,
				"bytes":	43440,
				"bits_per_second":	347533.8995198356,
				"packets":	30,
				"omitted":	false,
				"sender":	true
			}
		}, {
			"streams":	[{
					"socket":	7,
					"start":	11.000076,
					"end":	12.000106,
					"seconds":	1.0000300407409668,
					"bytes":	41992,
					"bits_per_second":	335925.90853679762,
					"packets":	29,
					"omitted":	false,
					"sender":	true
				}],
			"sum":	{
				"start":	11.000076,
				"end":	12.000106,
				"seconds":	1.0000300407409668,
				"bytes":	41992,
				"bits_per_second":	335925.90853679762,
				"packets":	29,
				"omitted":	false,
				"sender":	true
			}
		}, {
			"streams":	[{
					"socket":	7,
					"start":	12.000106,
					"end":	13.000086,
					"seconds":	0.99997997283935547,
					"bytes":	43440,
					"bits_per_second":	347526.95997825579,
					"packets":	30,
					"omitted":	false,
					"sender":	true
				}],
			"sum":	{
				"start":	12.000106,
				"end":	13.000086,
				"seconds":	0.99997997283935547,
				"bytes":	43440,
				"bits_per_second":	347526.95997825579,
				"packets":	30,
				"omitted":	false,
				"sender":	true
			}
		}, {
			"streams":	[{
					"socket":	7,
					"start":	13.000086,
					"end":	14.000068,
					"seconds":	0.99998199939727783,
					"bytes":	43440,
					"bits_per_second":	347526.25568206405,
					"packets":	30,
					"omitted":	false,
					"sender":	true
				}],
			"sum":	{
				"start":	13.000086,
				"end":	14.000068,
				"seconds":	0.99998199939727783,
				"bytes":	43440,
				"bits_per_second":	347526.25568206405,
				"packets":	30,
				"omitted":	false,
				"sender":	true
			}
		}, {
			"streams":	[{
					"socket":	7,
					"start":	14.000068,
					"end":	15.000089,
					"seconds":	1.0000209808349609,
					"bytes":	44888,
					"bits_per_second":	359096.46585631481,
					"packets":	31,
					"omitted":	false,
					"sender":	true
				}],
			"sum":	{
				"start":	14.000068,
				"end":	15.000089,
				"seconds":	1.0000209808349609,
				"bytes":	44888,
				"bits_per_second":	359096.46585631481,
				"packets":	31,
				"omitted":	false,