{
	"start":	{
		"connected":	[{
				"socket":	7,
				"local_host":	"192.168.42.11",
				"local_port":	37453,
				"remote_host":	"192.168.42.1",
				"remote_port":	5210
			}],
		"version":	"iperf 3.7",
		"system_info":	"Linux rathan-VirtualBox 5.4.0-177-generic #197-Ubuntu SMP Thu Mar 28 22:45:47 UTC 2024 x86_64",
		"timestamp":	{
			"time":	"Thu, 07 Nov 2024 08:36:39 GMT",
			"timesecs":	1730968599
		},
		"connecting_to":	{
			"host":	"192.168.42.1",
			"port":	5210
		},
		"cookie":	"hgps5fn3wzy553lrlpuifatu3wxwycadmz5v",
		"sock_bufsize":	0,
		"sndbuf_actual":	212992,
		"rcvbuf_actual":	212992,
		"test_start":	{
			"protocol":	"UDP",
			"num_streams":	1,
			"blksize":	1448,
			"omit":	0,
			"duration":	30,
			"bytes":	0,
			"blocks":	0,
			"reverse":	0,
			"tos":	0
		}
	},
	"intervals":	[{
			"streams":	[{
					"socket":	7,
					"start":	0,
					"end":	1.000083,
					"seconds":	1.0000829696655273,
					"bytes":	131768,
					"bits_per_second":	1054056.5452809911,
					"packets":	91,
					"omitted":	false,
					"sender":	true
				}],
			"sum":	{
				"start":	0,
				"end":	1.000083,
				"seconds":	1.0000829696655273,
				"bytes":	131768,
				"bits_per_second":	1054056.5452809911,
				"packets":	91,
				"omitted":	false,
				"sender":	true
			}
		}, {
			"streams":	[{
					"socket":	7,
					"start":	1.000083,
					"end":	2.000105,
					"seconds":	1.0000220537185669,
					"bytes":	130320,
					"bits_per_second":	1042537.008182226,
					"packets":	90,
					"omitted":	false,
					"sender":	true
				}],
			"sum":	{
				"start":	1.000083,
				"end":	2.000105,
				"seconds":	1.0000220537185669,
				"bytes":	130320,
				"bits_per_second":	1042537.008182226,
				"packets":	90,
				"omitted":	false,
				"sender":	true
			}
		}, {
			"streams":	[{
					"socket":	7,
					"start":	2.000105,
					"end":	3.000093,
					"seconds":	0.99998801946640015,
					"bytes":	72400,
					"bits_per_second":	579206.93920819648,
					"packets":	50,
					"omitted":	false,
					"sender":	true
				}],
			"sum":	{
				"start":	2.000105,
				"end":	3.000093,
				"seconds":	0.99998801946640015,
				"bytes":	72400,
				"bits_per_second":	579206.93920819648,
				"packets":	50,
				"omitted":	false,
				"sender":	true
			}
		}, {
			"streams":	[{
					"socket":	7,
					"start":	3.000093,
					"end":	4.0001,
					"seconds":	1.0000070333480835,
					"bytes":	75296,
					"bits_per_second":	602363.76336597931,
					"packets":	52,
					"omitted":	false,
					"sender":	true
				}],
			"sum":	{
				"start":	3.000093,
				"end":	4.0001,
				"seconds":	1.0000070333480835,
				"bytes":	75296,
				"bits_per_second":	602363.76336597931,
				"packets":	52,
				"omitted":	false,
				"sender":	true
			}
		}, {
			"streams":	[{
					"socket":	7,
					"start":	4.0001,
					"end":	5.000111,
					"seconds":	1.0000109672546387,
					"bytes":	68056,
					"bits_per_second":	544442.02896563231,
					"packets":	47,
					"omitted":	false,
					"sender":	true
				}],
			"sum":	{
				"start":	4.0001,
				"end":	5.000111,
				"seconds":	1.0000109672546387,
				"bytes":	68056,
				"bits_per_second":	544442.02896563231,
				"packets":	47,
				"omitted":	false,
				"sender":	true
			}
		}, {
			"streams":	[{
					"socket":	7,
					"start":	5.000111,
					"end":	6.000099,
					"seconds":	0.99998801946640015,
					"bytes":	73848,
					"bits_per_second":	590791.07799236034,
					"packets":	51,
					"omitted":	false,
					"sender":	true
				}],
			"sum":	{
				"start":	5.000111,
				"end":	6.000099,
				"seconds":	0.99998801946640015,
				"bytes":	73848,
				"bits_per_second":	590791.07799236034,
				"packets":	51,
				"omitted":	false,
				"sender":	true
			}
		}, {
			"streams":	[{
					"socket":	7,
					"start":	6.000099,
					"end":	7.000082,
					"seconds":	0.999983012676239,
					"bytes":	73848,
					"bits_per_second":	590794.03600956581,
					"packets":	51,
					"omitted":	false,
					"sender":	true
				}],
			"sum":	{
				"start":	6.000099,
				"end":	7.000082,
				"seconds":	0.999983012676239,
				"bytes":	73848,
				"bits_per_second":	590794.03600956581,
				"packets":	51,
				"omitted":	false,
				"sender":	true
			}
		}, {
			"streams":	[{
					"socket":	7,
					"start":	7.000082,
					"end":	8.000076,
					"seconds":	0.99999397993087769,
					"bytes":	78192,
					"bits_per_second":	625539.76579262887,
					"packets":	54,
					"omitted":	false,
					"sender":	true
				}],
			"sum":	{
				"start":	7.000082,
				"end":	8.000076,
				"seconds":	0.99999397993087769,
				"bytes":	78192,
				"bits_per_second":	625539.76579262887,
				"packets":	54,
				"omitted":	false,
				"sender":	true
			}
		}, {
			"streams":	[{
					"socket":	7,
					"start":	8.000076,
					"end":	9.000062,
					"seconds":	0.99998599290847778,
					"bytes":	75296,
					"bits_per_second":	602376.43754189147,
					"packets":	52,
					"omitted":	false,
					"sender":	true
				}],
			"sum":	{
				"start":	8.000076,
				"end":	9.000062,
				"seconds":	0.99998599290847778,
				"bytes":	75296,
				"bits_per_second":	602376.43754189147,
				"packets":	52,
				"omitted":	false,
				"sender":	true
			}
		}, {
			"streams":	[{
					"socket":	7,
					"start":	9.000062,
					"end":	10.000071,
					"seconds":	1.0000089406967163,
					"bytes":	75296,
					"bits_per_second":	602362.61445855093,
					"packets":	52,
					"omitted":	false,
					"sender":	true
				}],
			"sum":	{
				"start":	9.000062,
				"end":	10.000071,
				"seconds":	1.0000089406967163,
				"bytes":	75296,
				"bits_per_second":	602362.61445855093,
				"packets":	52,
				"omitted":	false,
				"sender":	true
			}
		}, {
			"streams":	[{
					"socket":	7,
					"start":	10.000071,
					"end":	11.000069,
					"seconds":	0.99999797344207764,
					"bytes":	70952,
					"bits_per_second":	567617.15030903288,
					"packets":	49,
					"omitted":	false,
					"sender":	true
				}],
			"sum":	{
				"start":	10.000071,
				"end":	11.000069,
				"seconds":	0.99999797344207764,
				"bytes":	70952,
				"bits_per_second":	567617.15030903288,
				"packets":	49,
				"omitted":	false,
				"sender":	true
			}
		}, {
			"streams":	[{
					"socket":	7,
					"start":	11.000069,
					"end":	12.000075,
					"seconds":	1.0000059604644775,
					"bytes":	69504,
					"bits_per_second":	556028.68581076968,
					"packets":	48,
					"omitted":	false,
					"sender":	true
				}],
			"sum":	{
				"start":	11.000069,
				"end":	12.000075,
				"seconds":	1.0000059604644775,
				"bytes":	69504,
				"bits_per_second":	556028.68581076968,
				"packets":	48,
				"omitted":	false,
				"sender":	true
			}
		}, {
			"streams":	[{
					"socket":	7,
					"start":	12.000075,
					"end":	13.00012,
					"seconds":	1.0000449419021606,
					"bytes":	69504,
					"bits_per_second":	556007.0119872666,
					"packets":	48,
					"omitted":	false,
					"sender":	true
				}],
			"sum":	{
				"start":	12.000075,
				"end":	13.00012,
				"seconds":	1.0000449419021606,
				"bytes":	69504,
				"bits_per_second":	556007.0119872666,
				"packets":	48,
				"omitted":	false,
				"sender":	true
			}
		}, {
			"streams":	[{
					"socket":	7,
					"start":	13.00012,
					"end":	14.000087,
					"seconds":	0.99996697902679443,
					"bytes":	70952,
					"bits_per_second":	567634.74385166727,
					"packets":	49,
					"omitted":	false,
					"sender":	true
				}],
			"sum":	{
				"start":	13.00012,
				"end":	14.000087,
				"seconds":	0.99996697902679443,
				"bytes":	70952,
				"bits_per_second":	567634.74385166727,
				"packets":	49,
				"omitted":	false,
				"sender":	true
			}
		}, {
			"streams":	[{
					"socket":	7,
					"start":	14.000087,
					"end":	15.000095,
					"seconds":	1.0000079870224,
					"bytes":	73848,
					"bits_per_second":	590779.28143264574,
					"packets":	51,
					"omitted":	false,
					"sender":	true
				}],
			"sum":	{
				"start":	14.000087,
				"end":	15.000095,
				"seconds":	1.0000079870224,
				"bytes":	73848,
				"bits_per_second":	590779.28143264574,
				"packets":	51,
				"omitted":	false,