{
	"start":	{
		"connected":	[{
				"socket":	7,
				"local_host":	"192.168.42.2",
				"local_port":	38754,
				"remote_host":	"192.168.42.1",
				"remote_port":	5201
			}],
		"version":	"iperf 3.7",
		"system_info":	"Linux rathan-VirtualBox 5.4.0-177-generic #197-Ubuntu SMP Thu Mar 28 22:45:47 UTC 2024 x86_64",
		"timestamp":	{
			"time":	"Thu, 07 Nov 2024 08:36:39 GMT",
			"timesecs":	1730968599
		},
		"connecting_to":	{
			"host":	"192.168.42.1",
			"port":	5201
		},
		"cookie":	"3jnwwo57kt4dbd7bidb7egtnu3tdszsqvqwe",
		"sock_bufsize":	0,
		"sndbuf_actual":	212992,
		"rcvbuf_actual":	212992,
		"test_start":	{
			"protocol":	"UDP",
			"num_streams":	1,
			"blksize":	1448,
			"omit":	0,
			"duration":	30,
			"bytes":	0,
			"blocks":	0,
			"reverse":	0,
			"tos":	0
		}
	},
	"intervals":	[{
			"streams":	[{
					"socket":	7,
					"start":	0,
					"end":	1.000179,
					"seconds":	1.0001790523529053,
					"bytes":	131768,
					"bits_per_second":	1053955.2868260369,
					"packets":	91,
					"omitted":	false,
					"sender":	true
				}],
			"sum":	{
				"start":	0,
				"end":	1.000179,
				"seconds":	1.0001790523529053,
				"bytes":	131768,
				"bits_per_second":	1053955.2868260369,
				"packets":	91,
				"omitted":	false,
				"sender":	true
			}
		}, {
			"streams":	[{
					"socket":	7,
					"start":	1.000179,
					"end":	2.000075,
					"seconds":	0.99989598989486694,
					"bytes":	130320,
					"bits_per_second":	1042668.4480549011,
					"packets":	90,
					"omitted":	false,
					"sender":	true
				}],
			"sum":	{
				"start":	1.000179,
				"end":	2.000075,
				"seconds":	0.99989598989486694,
				"bytes":	130320,
				"bits_per_second":	1042668.4480549011,
				"packets":	90,
				"omitted":	false,
				"sender":	true
			}
		}, {
			"streams":	[{
					"socket":	7,
					"start":	2.000075,
					"end":	3.000059,
					"seconds":	0.9999840259552002,
					"bytes":	75296,
					"bits_per_second":	602377.62240712671,
					"packets":	52,
					"omitted":	false,
					"sender":	true
				}],
			"sum":	{
				"start":	2.000075,
				"end":	3.000059,
				"seconds":	0.9999840259552002,
				"bytes":	75296,
				"bits_per_second":	602377.62240712671,
				"packets":	52,
				"omitted":	false,
				"sender":	true
			}
		}, {
			"streams":	[{
					"socket":	7,
					"start":	3.000059,
					"end":	4.000104,
					"seconds":	1.0000449419021606,
					"bytes":	75296,
					"bits_per_second":	602340.92965287215,
					"packets":	52,
					"omitted":	false,
					"sender":	true
				}],
			"sum":	{
				"start":	3.000059,
				"end":	4.000104,
				"seconds":	1.0000449419021606,
				"bytes":	75296,
				"bits_per_second":	602340.92965287215,
				"packets":	52,
				"omitted":	false,
				"sender":	true
			}
		}, {
			"streams":	[{
					"socket":	7,
					"start":	4.000104,
					"end":	5.00015,
					"seconds":	1.0000460147857666,
					"bytes":	68056,
					"bits_per_second":	544422.94849465857,
					"packets":	47,
					"omitted":	false,
					"sender":	true
				}],
			"sum":	{
				"start":	4.000104,
				"end":	5.00015,
				"seconds":	1.0000460147857666,
				"bytes":	68056,
				"bits_per_second":	544422.94849465857,
				"packets":	47,
				"omitted":	false,
				"sender":	true
			}
		}, {
			"streams":	[{
					"socket":	7,
					"start":	5.00015,
					"end":	6.000066,
					"seconds":	0.99991601705551147,
					"bytes":	73848,
					"bits_per_second":	590833.619947106,
					"packets":	51,
					"omitted":	false,
					"sender":	true
				}],
			"sum":	{
				"start":	5.00015,
				"end":	6.000066,
				"seconds":	0.99991601705551147,
				"bytes":	73848,
				"bits_per_second":	590833.619947106,
				"packets":	51,
				"omitted":	false,
				"sender":	true
			}
		}, {
			"streams":	[{
					"socket":	7,
					"start":	6.000066,
					"end":	7.000099,
					"seconds":	1.0000330209732056,
					"bytes":	73848,
					"bits_per_second":	590764.49238152627,
					"packets":	51,
					"omitted":	false,
					"sender":	true
				}],
			"sum":	{
				"start":	6.000066,
				"end":	7.000099,
				"seconds":	1.0000330209732056,
				"bytes":	73848,
				"bits_per_second":	590764.49238152627,
				"packets":	51,
				"omitted":	false,
				"sender":	true
			}
		}, {
			"streams":	[{
					"socket":	7,
					"start":	7.000099,
					"end":	8.000085,
					"seconds":	0.99998599290847778,
					"bytes":	76744,
					"bits_per_second":	613960.59980231244,
					"packets":	53,
					"omitted":	false,
					"sender":	true
				}],
			"sum":	{
				"start":	7.000099,
				"end":	8.000085,
				"seconds":	0.99998599290847778,
				"bytes":	76744,
				"bits_per_second":	613960.59980231244,
				"packets":	53,
				"omitted":	false,
				"sender":	true
			}
		}, {
			"streams":	[{
					"socket":	7,
					"start":	8.000085,
					"end":	9.000111,
					"seconds":	1.0000259876251221,
					"bytes":	78192,
					"bits_per_second":	625519.74422738061,
					"packets":	54,
					"omitted":	false,
					"sender":	true
				}],
			"sum":	{
				"start":	8.000085,
				"end":	9.000111,
				"seconds":	1.0000259876251221,
				"bytes":	78192,
				"bits_per_second":	625519.74422738061,
				"packets":	54,
				"omitted":	false,
				"sender":	true
			}
		}, {
			"streams":	[{
					"socket":	7,
					"start":	9.000111,
					"end":	10.00008,
					"seconds":	0.9999690055847168,
					"bytes":	75296,
					"bits_per_second":	602386.67062263039,
					"packets":	52,
					"omitted":	false,
					"sender":	true
				}],
			"sum":	{
				"start":	9.000111,
				"end":	10.00008,
				"seconds":	0.9999690055847168,
				"bytes":	75296,
				"bits_per_second":	602386.67062263039,
				"packets":	52,
				"omitted":	false,
				"sender":	true
			}
		}, {
			"streams":	[{
					"socket":	7,
					"start":	10.00008,
					"end":	11.000109,
					"seconds":	1.0000289678573608,
					"bytes":	69504,
					"bits_per_second":	556015.89341090934,
					"packets":	48,
					"omitted":	false,
					"sender":	true
				}],
			"sum":	{
				"start":	10.00008,
				"end":	11.000109,
				"seconds":	1.0000289678573608,
				"bytes":	69504,
				"bits_per_second":	556015.89341090934,
				"packets":	48,
				"omitted":	false,
				"sender":	true
			}
		}, {
			"streams":	[{
					"socket":	7,
					"start":	11.000109,
					"end":	12.000093,
					"seconds":	0.9999840259552002,
					"bytes":	69504,
					"bits_per_second":	556040.88222196314,
					"packets":	48,
					"omitted":	false,
					"sender":	true
				}],
			"sum":	{
				"start":	11.000109,
				"end":	12.000093,
				"seconds":	0.9999840259552002,
				"bytes":	69504,
				"bits_per_second":	556040.88222196314,
				"packets":	48,
				"omitted":	false,
				"sender":	true
			}
		}, {
			"streams":	[{
					"socket":	7,
					"start":	12.000093,
					"end":	13.000099,
					"seconds":	1.0000059604644775,
					"bytes":	69504,
					"bits_per_second":	556028.68581076968,
					"packets":	48,
					"omitted":	false,
					"sender":	true
				}],
			"sum":	{
				"start":	12.000093,
				"end":	13.000099,
				"seconds":	1.0000059604644775,
				"bytes":	69504,
				"bits_per_second":	556028.68581076968,
				"packets":	48,
				"omitted":	false,
				"sender":	true
			}
		}, {
			"streams":	[{
					"socket":	7,
					"start":	13.000099,
					"end":	14.000174,
					"seconds":	1.0000749826431274,
					"bytes":	72400,
					"bits_per_second":	579156.57330934866,
					"packets":	50,
					"omitted":	false,
					"sender":	true
				}],
			"sum":	{
				"start":	13.000099,
				"end":	14.000174,
				"seconds":	1.0000749826431274,
				"bytes":	72400,
				"bits_per_second":	579156.57330934866,
				"packets":	50,
				"omitted":	false,
				"sender":	true
			}
		}, {
			"streams":	[{
					"socket":	7,
					"start":	14.000174,
					"end":	15.000098,
					"seconds":	0.99992400407791138,
					"bytes":	72400,
					"bits_per_second":	579244.02018342819,
					"packets":	50,
					"omitted":	false,
					"sender":	true
				}],
			"sum":	{
				"start":	14.000174,
				"end":	15.000098,
				"seconds":	0.99992400407791138,
				"bytes":	72400,
				"bits_per_second":	579244.02018342819,
				"packets":	50,
				"omitted":	false,