{
	"start":	{
		"connected":	[{
				"socket":	7,
				"local_host":	"192.168.42.3",
				"local_port":	55279,
				"remote_host":	"192.168.42.1",
				"remote_port":	5202
			}],
		"version":	"iperf 3.7",
		"system_info":	"Linux rathan-VirtualBox 5.4.0-177-generic #197-Ubuntu SMP Thu Mar 28 22:45:47 UTC 2024 x86_64",
		"timestamp":	{
			"time":	"Thu, 07 Nov 2024 08:36:39 GMT",
			"timesecs":	1730968599
		},
		"connecting_to":	{
			"host":	"192.168.42.1",
			"port":	5202
		},
		"cookie":	"mlq2xoen4wjyznqtffvtpvs23eais5hi7ztw",
		"sock_bufsize":	0,
		"sndbuf_actual":	212992,
		"rcvbuf_actual":	212992,
		"test_start":	{
			"protocol":	"UDP",
			"num_streams":	1,
			"blksize":	1448,
			"omit":	0,
			"duration":	30,
			"bytes":	0,
			"blocks":	0,
			"reverse":	0,
			"tos":	0
		}
	},
	"intervals":	[{
			"streams":	[{
					"socket":	7,
					"start":	0,
					"end":	1.000207,
					"seconds":	1.0002069473266602,
					"bytes":	131768,
					"bits_per_second":	1053925.892853976,
					"packets":	91,
					"omitted":	false,
					"sender":	true
				}],
			"sum":	{
				"start":	0,
				"end":	1.000207,
				"seconds":	1.0002069473266602,
				"bytes":	131768,
				"bits_per_second":	1053925.892853976,
				"packets":	91,
				"omitted":	false,
				"sender":	true
			}
		}, {
			"streams":	[{
					"socket":	7,
					"start":	1.000207,
					"end":	2.00007,
					"seconds":	0.99986302852630615,
					"bytes":	130320,
					"bits_per_second":	1042702.8205419544,
					"packets":	90,
					"omitted":	false,
					"sender":	true
				}],
			"sum":	{
				"start":	1.000207,
				"end":	2.00007,
				"seconds":	0.99986302852630615,
				"bytes":	130320,
				"bits_per_second":	1042702.8205419544,
				"packets":	90,
				"omitted":	false,
				"sender":	true
			}
		}, {
			"streams":	[{
					"socket":	7,
					"start":	2.00007,
					"end":	3.000095,
					"seconds":	1.0000250339508057,
					"bytes":	75296,
					"bits_per_second":	602352.92072661489,
					"packets":	52,
					"omitted":	false,
					"sender":	true
				}],
			"sum":	{
				"start":	2.00007,
				"end":	3.000095,
				"seconds":	1.0000250339508057,
				"bytes":	75296,
				"bits_per_second":	602352.92072661489,
				"packets":	52,
				"omitted":	false,
				"sender":	true
			}
		}, {
			"streams":	[{
					"socket":	7,
					"start":	3.000095,
					"end":	4.000104,
					"seconds":	1.0000089406967163,
					"bytes":	75296,
					"bits_per_second":	602362.61445855093,
					"packets":	52,
					"omitted":	false,
					"sender":	true
				}],
			"sum":	{
				"start":	3.000095,
				"end":	4.000104,
				"seconds":	1.0000089406967163,
				"bytes":	75296,
				"bits_per_second":	602362.61445855093,
				"packets":	52,
				"omitted":	false,
				"sender":	true
			}
		}, {
			"streams":	[{
					"socket":	7,
					"start":	4.000104,
					"end":	5.000423,
					"seconds":	1.0003190040588379,
					"bytes":	68056,
					"bits_per_second":	544274.37426548789,
					"packets":	47,
					"omitted":	false,
					"sender":	true
				}],
			"sum":	{
				"start":	4.000104,
				"end":	5.000423,
				"seconds":	1.0003190040588379,
				"bytes":	68056,
				"bits_per_second":	544274.37426548789,
				"packets":	47,
				"omitted":	false,
				"sender":	true
			}
		}, {
			"streams":	[{
					"socket":	7,
					"start":	5.000423,
					"end":	6.000065,
					"seconds":	0.999642014503479,
					"bytes":	73848,
					"bits_per_second":	590995.56784179551,
					"packets":	51,
					"omitted":	false,
					"sender":	true
				}],
			"sum":	{
				"start":	5.000423,
				"end":	6.000065,
				"seconds":	0.999642014503479,
				"bytes":	73848,
				"bits_per_second":	590995.56784179551,
				"packets":	51,
				"omitted":	false,
				"sender":	true
			}
		}, {
			"streams":	[{
					"socket":	7,
					"start":	6.000065,
					"end":	7.000103,
					"seconds":	1.0000380277633667,
					"bytes":	73848,
					"bits_per_second":	590761.53466015379,
					"packets":	51,
					"omitted":	false,
					"sender":	true
				}],
			"sum":	{
				"start":	6.000065,
				"end":	7.000103,
				"seconds":	1.0000380277633667,
				"bytes":	73848,
				"bits_per_second":	590761.53466015379,
				"packets":	51,
				"omitted":	false,
				"sender":	true
			}
		}, {
			"streams":	[{
					"socket":	7,
					"start":	7.000103,
					"end":	8.000083,
					"seconds":	0.99997997283935547,
					"bytes":	76744,
					"bits_per_second":	613964.29596158525,
					"packets":	53,
					"omitted":	false,
					"sender":	true
				}],
			"sum":	{
				"start":	7.000103,
				"end":	8.000083,
				"seconds":	0.99997997283935547,
				"bytes":	76744,
				"bits_per_second":	613964.29596158525,
				"packets":	53,
				"omitted":	false,
				"sender":	true
			}
		}, {
			"streams":	[{
					"socket":	7,
					"start":	8.000083,
					"end":	9.000129,
					"seconds":	1.0000460147857666,
					"bytes":	78192,
					"bits_per_second":	625507.217419395,
					"packets":	54,
					"omitted":	false,
					"sender":	true
				}],
			"sum":	{
				"start":	8.000083,
				"end":	9.000129,
				"seconds":	1.0000460147857666,
				"bytes":	78192,
				"bits_per_second":	625507.217419395,
				"packets":	54,
				"omitted":	false,
				"sender":	true
			}
		}, {
			"streams":	[{
					"socket":	7,
					"start":	9.000129,
					"end":	10.000072,
					"seconds":	0.99994301795959473,
					"bytes":	75296,
					"bits_per_second":	602402.3261136869,
					"packets":	52,
					"omitted":	false,
					"sender":	true
				}],
			"sum":	{
				"start":	9.000129,
				"end":	10.000072,
				"seconds":	0.99994301795959473,
				"bytes":	75296,
				"bits_per_second":	602402.3261136869,
				"packets":	52,
				"omitted":	false,
				"sender":	true
			}
		}, {
			"streams":	[{
					"socket":	7,
					"start":	10.000072,
					"end":	11.000105,
					"seconds":	1.0000330209732056,
					"bytes":	70952,
					"bits_per_second":	567597.25738617231,
					"packets":	49,
					"omitted":	false,
					"sender":	true
				}],
			"sum":	{
				"start":	10.000072,
				"end":	11.000105,
				"seconds":	1.0000330209732056,
				"bytes":	70952,
				"bits_per_second":	567597.25738617231,
				"packets":	49,
				"omitted":	false,
				"sender":	true
			}
		}, {
			"streams":	[{
					"socket":	7,
					"start":	11.000105,
					"end":	12.000107,
					"seconds":	1.0000020265579224,
					"bytes":	68056,
					"bits_per_second":	544446.89664682827,
					"packets":	47,
					"omitted":	false,
					"sender":	true
				}],
			"sum":	{
				"start":	11.000105,
				"end":	12.000107,
				"seconds":	1.0000020265579224,
				"bytes":	68056,
				"bits_per_second":	544446.89664682827,
				"packets":	47,
				"omitted":	false,
				"sender":	true
			}
		}, {
			"streams":	[{
					"socket":	7,
					"start":	12.000107,
					"end":	13.000127,
					"seconds":	1.0000200271606445,
					"bytes":	69504,
					"bits_per_second":	556020.86448082537,
					"packets":	48,
					"omitted":	false,
					"sender":	true
				}],
			"sum":	{
				"start":	12.000107,
				"end":	13.000127,
				"seconds":	1.0000200271606445,
				"bytes":	69504,
				"bits_per_second":	556020.86448082537,
				"packets":	48,
				"omitted":	false,
				"sender":	true
			}
		}, {
			"streams":	[{
					"socket":	7,
					"start":	13.000127,
					"end":	14.000071,
					"seconds":	0.99994397163391113,
					"bytes":	72400,
					"bits_per_second":	579232.45344795228,
					"packets":	50,
					"omitted":	false,
					"sender":	true
				}],
			"sum":	{
				"start":	13.000127,
				"end":	14.000071,
				"seconds":	0.99994397163391113,
				"bytes":	72400,
				"bits_per_second":	579232.45344795228,
				"packets":	50,
				"omitted":	false,
				"sender":	true
			}
		}, {
			"streams":	[{
					"socket":	7,
					"start":	14.000071,
					"end":	15.000079,
					"seconds":	1.0000079870224,
					"bytes":	72400,
					"bits_per_second":	579195.37395357434,
					"packets":	50,
					"omitted":	false,
					"sender":	true
				}],
			"sum":	{
				"start":	14.000071,
				"end":	15.000079,
				"seconds":	1.0000079870224,
				"bytes":	72400,
				"bits_per_second":	579195.37395357434,
				"packets":	50,
				"omitted":	false,