{
	"start":	{
		"connected":	[{
				"socket":	7,
				"local_host":	"192.168.42.5",
				"local_port":	37311,
				"remote_host":	"192.168.42.1",
				"remote_port":	5204
			}],
		"version":	"iperf 3.7",
		"system_info":	"Linux rathan-VirtualBox 5.4.0-177-generic #197-Ubuntu SMP Thu Mar 28 22:45:47 UTC 2024 x86_64",
		"timestamp":	{
			"time":	"Thu, 07 Nov 2024 08:36:39 GMT",
			"timesecs":	1730968599
		},
		"connecting_to":	{
			"host":	"192.168.42.1",
			"port":	5204
		},
		"cookie":	"7ragvcwd3zrg36sa63uaipdjigwrf5xvp7xi",
		"sock_bufsize":	0,
		"sndbuf_actual":	212992,
		"rcvbuf_actual":	212992,
		"test_start":	{
			"protocol":	"UDP",
			"num_streams":	1,
			"blksize":	1448,
			"omit":	0,
			"duration":	30,
			"bytes":	0,
			"blocks":	0,
			"reverse":	0,
			"tos":	0
		}
	},
	"intervals":	[{
			"streams":	[{
					"socket":	7,
					"start":	0,
					"end":	1.00009,
					"seconds":	1.0000900030136108,
					"bytes":	131768,
					"bits_per_second":	1054049.13240159,
					"packets":	91,
					"omitted":	false,
					"sender":	true
				}],
			"sum":	{
				"start":	0,
				"end":	1.00009,
				"seconds":	1.0000900030136108,
				"bytes":	131768,
				"bits_per_second":	1054049.13240159,
				"packets":	91,
				"omitted":	false,
				"sender":	true
			}
		}, {
			"streams":	[{
					"socket":	7,
					"start":	1.00009,
					"end":	2.000078,
					"seconds":	0.99998801946640015,
					"bytes":	130320,
					"bits_per_second":	1042572.4905747536,
					"packets":	90,
					"omitted":	false,
					"sender":	true
				}],
			"sum":	{
				"start":	1.00009,
				"end":	2.000078,
				"seconds":	0.99998801946640015,
				"bytes":	130320,
				"bits_per_second":	1042572.4905747536,
				"packets":	90,
				"omitted":	false,
				"sender":	true
			}
		}, {
			"streams":	[{
					"socket":	7,
					"start":	2.000078,
					"end":	3.000121,
					"seconds":	1.0000430345535278,
					"bytes":	75296,
					"bits_per_second":	602342.07847758173,
					"packets":	52,
					"omitted":	false,
					"sender":	true
				}],
			"sum":	{
				"start":	2.000078,
				"end":	3.000121,
				"seconds":	1.0000430345535278,
				"bytes":	75296,
				"bits_per_second":	602342.07847758173,
				"packets":	52,
				"omitted":	false,
				"sender":	true
			}
		}, {
			"streams":	[{
					"socket":	7,
					"start":	3.000121,
					"end":	4.000066,
					"seconds":	0.99994498491287231,
					"bytes":	75296,
					"bits_per_second":	602401.14115126629,
					"packets":	52,
					"omitted":	false,
					"sender":	true
				}],
			"sum":	{
				"start":	3.000121,
				"end":	4.000066,
				"seconds":	0.99994498491287231,
				"bytes":	75296,
				"bits_per_second":	602401.14115126629,
				"packets":	52,
				"omitted":	false,
				"sender":	true
			}
		}, {
			"streams":	[{
					"socket":	7,
					"start":	4.000066,
					"end":	5.000061,
					"seconds":	0.99999499320983887,
					"bytes":	69504,
					"bits_per_second":	556034.78394948551,
					"packets":	48,
					"omitted":	false,
					"sender":	true
				}],
			"sum":	{
				"start":	4.000066,
				"end":	5.000061,
				"seconds":	0.99999499320983887,
				"bytes":	69504,
				"bits_per_second":	556034.78394948551,
				"packets":	48,
				"omitted":	false,
				"sender":	true
			}
		}, {
			"streams":	[{
					"socket":	7,
					"start":	5.000061,
					"end":	6.000081,
					"seconds":	1.0000200271606445,
					"bytes":	72400,
					"bits_per_second":	579188.40050085972,
					"packets":	50,
					"omitted":	false,
					"sender":	true
				}],
			"sum":	{
				"start":	5.000061,
				"end":	6.000081,
				"seconds":	1.0000200271606445,
				"bytes":	72400,
				"bits_per_second":	579188.40050085972,
				"packets":	50,
				"omitted":	false,
				"sender":	true
			}
		}, {
			"streams":	[{
					"socket":	7,
					"start":	6.000081,
					"end":	7.000078,
					"seconds":	0.99999701976776123,
					"bytes":	75296,
					"bits_per_second":	602369.7952018833,
					"packets":	52,
					"omitted":	false,
					"sender":	true
				}],
			"sum":	{
				"start":	6.000081,
				"end":	7.000078,
				"seconds":	0.99999701976776123,
				"bytes":	75296,
				"bits_per_second":	602369.7952018833,
				"packets":	52,
				"omitted":	false,
				"sender":	true
			}
		}, {
			"streams":	[{
					"socket":	7,
					"start":	7.000078,
					"end":	8.000046,
					"seconds":	0.99996799230575562,
					"bytes":	76744,
					"bits_per_second":	613971.65181690606,
					"packets":	53,
					"omitted":	false,
					"sender":	true
				}],
			"sum":	{
				"start":	7.000078,
				"end":	8.000046,
				"seconds":	0.99996799230575562,
				"bytes":	76744,
				"bits_per_second":	613971.65181690606,
				"packets":	53,
				"omitted":	false,
				"sender":	true
			}
		}, {
			"streams":	[{
					"socket":	7,
					"start":	8.000046,
					"end":	9.000068,
					"seconds":	1.0000220537185669,
					"bytes":	76744,
					"bits_per_second":	613938.46037397755,
					"packets":	53,
					"omitted":	false,
					"sender":	true
				}],
			"sum":	{
				"start":	8.000046,
				"end":	9.000068,
				"seconds":	1.0000220537185669,
				"bytes":	76744,
				"bits_per_second":	613938.46037397755,
				"packets":	53,
				"omitted":	false,
				"sender":	true
			}
		}, {
			"streams":	[{
					"socket":	7,
					"start":	9.000068,
					"end":	10.000071,
					"seconds":	1.0000029802322388,
					"bytes":	75296,
					"bits_per_second":	602366.2048088169,
					"packets":	52,
					"omitted":	false,
					"sender":	true
				}],
			"sum":	{
				"start":	9.000068,
				"end":	10.000071,
				"seconds":	1.0000029802322388,
				"bytes":	75296,
				"bits_per_second":	602366.2048088169,
				"packets":	52,
				"omitted":	false,
				"sender":	true
			}
		}, {
			"streams":	[{
					"socket":	7,
					"start":	10.000071,
					"end":	11.000092,
					"seconds":	1.0000209808349609,
					"bytes":	69504,
					"bits_per_second":	556020.33422913263,
					"packets":	48,
					"omitted":	false,
					"sender":	true
				}],
			"sum":	{
				"start":	10.000071,
				"end":	11.000092,
				"seconds":	1.0000209808349609,
				"bytes":	69504,
				"bits_per_second":	556020.33422913263,
				"packets":	48,
				"omitted":	false,
				"sender":	true
			}
		}, {
			"streams":	[{
					"socket":	7,
					"start":	11.000092,
					"end":	12.000063,
					"seconds":	0.99997097253799438,
					"bytes":	70952,
					"bits_per_second":	567632.47693015728,
					"packets":	49,
					"omitted":	false,
					"sender":	true
				}],
			"sum":	{
				"start":	11.000092,
				"end":	12.000063,
				"seconds":	0.99997097253799438,
				"bytes":	70952,
				"bits_per_second":	567632.47693015728,
				"packets":	49,
				"omitted":	false,
				"sender":	true
			}
		}, {
			"streams":	[{
					"socket":	7,
					"start":	12.000063,
					"end":	13.000126,
					"seconds":	1.0000629425048828,
					"bytes":	70952,
					"bits_per_second":	567580.27507576463,
					"packets":	49,
					"omitted":	false,
					"sender":	true
				}],
			"sum":	{
				"start":	12.000063,
				"end":	13.000126,
				"seconds":	1.0000629425048828,
				"bytes":	70952,
				"bits_per_second":	567580.27507576463,
				"packets":	49,
				"omitted":	false,
				"sender":	true
			}
		}, {
			"streams":	[{
					"socket":	7,
					"start":	13.000126,
					"end":	14.000104,
					"seconds":	0.99997800588607788,
					"bytes":	70952,
					"bits_per_second":	567628.48448555323,
					"packets":	49,
					"omitted":	false,
					"sender":	true
				}],
			"sum":	{
				"start":	13.000126,
				"end":	14.000104,
				"seconds":	0.99997800588607788,
				"bytes":	70952,
				"bits_per_second":	567628.48448555323,
				"packets":	49,
				"omitted":	false,
				"sender":	true
			}
		}, {
			"streams":	[{
					"socket":	7,
					"start":	14.000104,
					"end":	15.000076,
					"seconds":	0.99997198581695557,
					"bytes":	73848,
					"bits_per_second":	590800.55079477269,
					"packets":	51,
					"omitted":	false,
					"sender":	true
				}],
			"sum":	{
				"start":	14.000104,
				"end":	15.000076,
				"seconds":	0.99997198581695557,
				"bytes":	73848,
				"bits_per_second":	590800.55079477269,
				"packets":	51,
				"omitted":	false,