{
	"start":	{
		"connected":	[{
				"socket":	7,
				"local_host":	"192.168.42.6",
				"local_port":	51576,
				"remote_host":	"192.168.42.1",
				"remote_port":	5205
			}],
		"version":	"iperf 3.7",
		"system_info":	"Linux rathan-VirtualBox 5.4.0-177-generic #197-Ubuntu SMP Thu Mar 28 22:45:47 UTC 2024 x86_64",
		"timestamp":	{
			"time":	"Thu, 07 Nov 2024 08:36:39 GMT",
			"timesecs":	1730968599
		},
		"connecting_to":	{
			"host":	"192.168.42.1",
			"port":	5205
		},
		"cookie":	"xehxfdvi2efrkf3heqhmkyb2u7f7hviilwhe",
		"sock_bufsize":	0,
		"sndbuf_actual":	212992,
		"rcvbuf_actual":	212992,
		"test_start":	{
			"protocol":	"UDP",
			"num_streams":	1,
			"blksize":	1448,
			"omit":	0,
			"duration":	30,
			"bytes":	0,
			"blocks":	0,
			"reverse":	0,
			"tos":	0
		}
	},
	"intervals":	[{
			"streams":	[{
					"socket":	7,
					"start":	0,
					"end":	1.000164,
					"seconds":	1.0001640319824219,
					"bytes":	131768,
					"bits_per_second":	1053971.1150285865,
					"packets":	91,
					"omitted":	false,
					"sender":	true
				}],
			"sum":	{
				"start":	0,
				"end":	1.000164,
				"seconds":	1.0001640319824219,
				"bytes":	131768,
				"bits_per_second":	1053971.1150285865,
				"packets":	91,
				"omitted":	false,
				"sender":	true
			}
		}, {
			"streams":	[{
					"socket":	7,
					"start":	1.000164,
					"end":	2.000084,
					"seconds":	0.99992001056671143,
					"bytes":	130320,
					"bits_per_second":	1042643.4004547244,
					"packets":	90,
					"omitted":	false,
					"sender":	true
				}],
			"sum":	{
				"start":	1.000164,
				"end":	2.000084,
				"seconds":	0.99992001056671143,
				"bytes":	130320,
				"bits_per_second":	1042643.4004547244,
				"packets":	90,
				"omitted":	false,
				"sender":	true
			}
		}, {
			"streams":	[{
					"socket":	7,
					"start":	2.000084,
					"end":	3.000096,
					"seconds":	1.0000120401382446,
					"bytes":	75296,
					"bits_per_second":	602360.747493327,
					"packets":	52,
					"omitted":	false,
					"sender":	true
				}],
			"sum":	{
				"start":	2.000084,
				"end":	3.000096,
				"seconds":	1.0000120401382446,
				"bytes":	75296,
				"bits_per_second":	602360.747493327,
				"packets":	52,
				"omitted":	false,
				"sender":	true
			}
		}, {
			"streams":	[{
					"socket":	7,
					"start":	3.000096,
					"end":	4.000093,
					"seconds":	0.99999701976776123,
					"bytes":	75296,
					"bits_per_second":	602369.7952018833,
					"packets":	52,
					"omitted":	false,
					"sender":	true
				}],
			"sum":	{
				"start":	3.000096,
				"end":	4.000093,
				"seconds":	0.99999701976776123,
				"bytes":	75296,
				"bits_per_second":	602369.7952018833,
				"packets":	52,
				"omitted":	false,
				"sender":	true
			}
		}, {
			"streams":	[{
					"socket":	7,
					"start":	4.000093,
					"end":	5.000083,
					"seconds":	0.99998998641967773,
					"bytes":	69504,
					"bits_per_second":	556037.56792684866,
					"packets":	48,
					"omitted":	false,
					"sender":	true
				}],
			"sum":	{
				"start":	4.000093,
				"end":	5.000083,
				"seconds":	0.99998998641967773,
				"bytes":	69504,
				"bits_per_second":	556037.56792684866,
				"packets":	48,
				"omitted":	false,
				"sender":	true
			}
		}, {
			"streams":	[{
					"socket":	7,
					"start":	5.000083,
					"end":	6.000076,
					"seconds":	0.99999302625656128,
					"bytes":	72400,
					"bits_per_second":	579204.03922036814,
					"packets":	50,
					"omitted":	false,
					"sender":	true
				}],
			"sum":	{
				"start":	5.000083,
				"end":	6.000076,
				"seconds":	0.99999302625656128,
				"bytes":	72400,
				"bits_per_second":	579204.03922036814,
				"packets":	50,
				"omitted":	false,
				"sender":	true
			}
		}, {
			"streams":	[{
					"socket":	7,
					"start":	6.000076,
					"end":	7.000103,
					"seconds":	1.0000269412994385,
					"bytes":	75296,
					"bits_per_second":	602351.771860547,
					"packets":	52,
					"omitted":	false,
					"sender":	true
				}],
			"sum":	{
				"start":	6.000076,
				"end":	7.000103,
				"seconds":	1.0000269412994385,
				"bytes":	75296,
				"bits_per_second":	602351.771860547,
				"packets":	52,
				"omitted":	false,
				"sender":	true
			}
		}, {
			"streams":	[{
					"socket":	7,
					"start":	7.000103,
					"end":	8.000077,
					"seconds":	0.99997401237487793,
					"bytes":	76744,
					"bits_per_second":	613967.95556906634,
					"packets":	53,
					"omitted":	false,
					"sender":	true
				}],
			"sum":	{
				"start":	7.000103,
				"end":	8.000077,
				"seconds":	0.99997401237487793,
				"bytes":	76744,
				"bits_per_second":	613967.95556906634,
				"packets":	53,
				"omitted":	false,
				"sender":	true
			}
		}, {
			"streams":	[{
					"socket":	7,
					"start":	8.000077,
					"end":	9.000082,
					"seconds":	1.0000050067901611,
					"bytes":	76744,
					"bits_per_second":	613948.92608655745,
					"packets":	53,
					"omitted":	false,
					"sender":	true
				}],
			"sum":	{
				"start":	8.000077,
				"end":	9.000082,
				"seconds":	1.0000050067901611,
				"bytes":	76744,
				"bits_per_second":	613948.92608655745,
				"packets":	53,
				"omitted":	false,
				"sender":	true
			}
		}, {
			"streams":	[{
					"socket":	7,
					"start":	9.000082,
					"end":	10.000077,
					"seconds":	0.99999499320983887,
					"bytes":	75296,
					"bits_per_second":	602371.015945276,
					"packets":	52,
					"omitted":	false,
					"sender":	true
				}],
			"sum":	{
				"start":	9.000082,
				"end":	10.000077,
				"seconds":	0.99999499320983887,
				"bytes":	75296,
				"bits_per_second":	602371.015945276,
				"packets":	52,
				"omitted":	false,
				"sender":	true
			}
		}, {
			"streams":	[{
					"socket":	7,
					"start":	10.000077,
					"end":	11.000097,
					"seconds":	1.0000200271606445,
					"bytes":	69504,
					"bits_per_second":	556020.86448082537,
					"packets":	48,
					"omitted":	false,
					"sender":	true
				}],
			"sum":	{
				"start":	10.000077,
				"end":	11.000097,
				"seconds":	1.0000200271606445,
				"bytes":	69504,
				"bits_per_second":	556020.86448082537,
				"packets":	48,
				"omitted":	false,
				"sender":	true
			}
		}, {
			"streams":	[{
					"socket":	7,
					"start":	11.000097,
					"end":	12.000063,
					"seconds":	0.999966025352478,
					"bytes":	70952,
					"bits_per_second":	567635.285208736,
					"packets":	49,
					"omitted":	false,
					"sender":	true
				}],
			"sum":	{
				"start":	11.000097,
				"end":	12.000063,
				"seconds":	0.999966025352478,
				"bytes":	70952,
				"bits_per_second":	567635.285208736,
				"packets":	49,
				"omitted":	false,
				"sender":	true
			}
		}, {
			"streams":	[{
					"socket":	7,
					"start":	12.000063,
					"end":	13.000125,
					"seconds":	1.0000619888305664,
					"bytes":	70952,
					"bits_per_second":	567580.81632894382,
					"packets":	49,
					"omitted":	false,
					"sender":	true
				}],
			"sum":	{
				"start":	12.000063,
				"end":	13.000125,
				"seconds":	1.0000619888305664,
				"bytes":	70952,
				"bits_per_second":	567580.81632894382,
				"packets":	49,
				"omitted":	false,
				"sender":	true
			}
		}, {
			"streams":	[{
					"socket":	7,
					"start":	13.000125,
					"end":	14.000051,
					"seconds":	0.999925971031189,
					"bytes":	70952,
					"bits_per_second":	567658.02313809027,
					"packets":	49,
					"omitted":	false,
					"sender":	true
				}],
			"sum":	{
				"start":	13.000125,
				"end":	14.000051,
				"seconds":	0.999925971031189,
				"bytes":	70952,
				"bits_per_second":	567658.02313809027,
				"packets":	49,
				"omitted":	false,
				"sender":	true
			}
		}, {
			"streams":	[{
					"socket":	7,
					"start":	14.000051,
					"end":	15.000089,
					"seconds":	1.0000380277633667,
					"bytes":	72400,
					"bits_per_second":	579177.97515701351,
					"packets":	50,
					"omitted":	false,
					"sender":	true
				}],
			"sum":	{
				"start":	14.000051,
				"end":	15.000089,
				"seconds":	1.0000380277633667,
				"bytes":	72400,
				"bits_per_second":	579177.97515701351,
				"packets":	50,
				"omitted":	false,