{
	"start":	{
		"connected":	[{
				"socket":	7,
				"local_host":	"192.168.42.7",
				"local_port":	49660,
				"remote_host":	"192.168.42.1",
				"remote_port":	5206
			}],
		"version":	"iperf 3.7",
		"system_info":	"Linux rathan-VirtualBox 5.4.0-177-generic #197-Ubuntu SMP Thu Mar 28 22:45:47 UTC 2024 x86_64",
		"timestamp":	{
			"time":	"Thu, 07 Nov 2024 08:36:41 GMT",
			"timesecs":	1730968601
		},
		"connecting_to":	{
			"host":	"192.168.42.1",
			"port":	5206
		},
		"cookie":	"ticf3h2jvu2o2u25ek67ynsrstjo64oatlc7",
		"sock_bufsize":	0,
		"sndbuf_actual":	212992,
		"rcvbuf_actual":	212992,
		"test_start":	{
			"protocol":	"UDP",
			"num_streams":	1,
			"blksize":	1448,
			"omit":	0,
			"duration":	30,
			"bytes":	0,
			"blocks":	0,
			"reverse":	0,
			"tos":	0
		}
	},
	"intervals":	[{
			"streams":	[{
					"socket":	7,
					"start":	0,
					"end":	1.7706,
					"seconds":	1.7705999612808228,
					"bytes":	1448,
					"bits_per_second":	6542.4151436331931,
					"packets":	1,
					"omitted":	false,
					"sender":	true
				}],
			"sum":	{
				"start":	0,
				"end":	1.7706,
				"seconds":	1.7705999612808228,
				"bytes":	1448,
				"bits_per_second":	6542.4151436331931,
				"packets":	1,
				"omitted":	false,
				"sender":	true
			}
		}, {
			"streams":	[{
					"socket":	7,
					"start":	1.7706,
					"end":	2.000094,
					"seconds":	0.22949400544166565,
					"bytes":	260640,
					"bits_per_second":	9085727.5160069931,
					"packets":	180,
					"omitted":	false,
					"sender":	true
				}],
			"sum":	{
				"start":	1.7706,
				"end":	2.000094,
				"seconds":	0.22949400544166565,
				"bytes":	260640,
				"bits_per_second":	9085727.5160069931,
				"packets":	180,
				"omitted":	false,
				"sender":	true
			}
		}, {
			"streams":	[{
					"socket":	7,
					"start":	2.000094,
					"end":	3.000096,
					"seconds":	1.0000020265579224,
					"bytes":	78192,
					"bits_per_second":	625534.73231763253,
					"packets":	54,
					"omitted":	false,
					"sender":	true
				}],
			"sum":	{
				"start":	2.000094,
				"end":	3.000096,
				"seconds":	1.0000020265579224,
				"bytes":	78192,
				"bits_per_second":	625534.73231763253,
				"packets":	54,
				"omitted":	false,
				"sender":	true
			}
		}, {
			"streams":	[{
					"socket":	7,
					"start":	3.000096,
					"end":	4.000065,
					"seconds":	0.9999690055847168,
					"bytes":	75296,
					"bits_per_second":	602386.67062263039,
					"packets":	52,
					"omitted":	false,
					"sender":	true
				}],
			"sum":	{
				"start":	3.000096,
				"end":	4.000065,
				"seconds":	0.9999690055847168,
				"bytes":	75296,
				"bits_per_second":	602386.67062263039,
				"packets":	52,
				"omitted":	false,
				"sender":	true
			}
		}, {
			"streams":	[{
					"socket":	7,
					"start":	4.000065,
					"end":	5.000094,
					"seconds":	1.0000289678573608,
					"bytes":	65160,
					"bits_per_second":	521264.90007272747,
					"packets":	45,
					"omitted":	false,
					"sender":	true
				}],
			"sum":	{
				"start":	4.000065,
				"end":	5.000094,
				"seconds":	1.0000289678573608,
				"bytes":	65160,
				"bits_per_second":	521264.90007272747,
				"packets":	45,
				"omitted":	false,
				"sender":	true
			}
		}, {
			"streams":	[{
					"socket":	7,
					"start":	5.000094,
					"end":	6.000112,
					"seconds":	1.0000180006027222,
					"bytes":	72400,
					"bits_per_second":	579189.57423857332,
					"packets":	50,
					"omitted":	false,
					"sender":	true
				}],
			"sum":	{
				"start":	5.000094,
				"end":	6.000112,
				"seconds":	1.0000180006027222,
				"bytes":	72400,
				"bits_per_second":	579189.57423857332,
				"packets":	50,
				"omitted":	false,
				"sender":	true
			}
		}, {
			"streams":	[{
					"socket":	7,
					"start":	6.000112,
					"end":	7.000055,
					"seconds":	0.99994301795959473,
					"bytes":	68056,
					"bits_per_second":	544479.02552583232,
					"packets":	47,
					"omitted":	false,
					"sender":	true
				}],
			"sum":	{
				"start":	6.000112,
				"end":	7.000055,
				"seconds":	0.99994301795959473,
				"bytes":	68056,
				"bits_per_second":	544479.02552583232,
				"packets":	47,
				"omitted":	false,
				"sender":	true
			}
		}, {
			"streams":	[{
					"socket":	7,
					"start":	7.000055,
					"end":	8.000078,
					"seconds":	1.0000230073928833,
					"bytes":	68056,
					"bits_per_second":	544435.47395915107,
					"packets":	47,
					"omitted":	false,
					"sender":	true
				}],
			"sum":	{
				"start":	7.000055,
				"end":	8.000078,
				"seconds":	1.0000230073928833,
				"bytes":	68056,
				"bits_per_second":	544435.47395915107,
				"packets":	47,
				"omitted":	false,
				"sender":	true
			}
		}, {
			"streams":	[{
					"socket":	7,
					"start":	8.000078,
					"end":	9.000079,
					"seconds":	1.0000009536743164,
					"bytes":	68056,
					"bits_per_second":	544447.4807744209,
					"packets":	47,
					"omitted":	false,
					"sender":	true
				}],
			"sum":	{
				"start":	8.000078,
				"end":	9.000079,
				"seconds":	1.0000009536743164,
				"bytes":	68056,
				"bits_per_second":	544447.4807744209,
				"packets":	47,
				"omitted":	false,
				"sender":	true
			}
		}, {
			"streams":	[{
					"socket":	7,
					"start":	9.000079,
					"end":	10.000071,
					"seconds":	0.9999920129776001,
					"bytes":	68056,
					"bits_per_second":	544452.34855310363,
					"packets":	47,
					"omitted":	false,
					"sender":	true
				}],
			"sum":	{
				"start":	9.000079,
				"end":	10.000071,
				"seconds":	0.9999920129776001,
				"bytes":	68056,
				"bits_per_second":	544452.34855310363,
				"packets":	47,
				"omitted":	false,
				"sender":	true
			}
		}, {
			"streams":	[{
					"socket":	7,
					"start":	10.000071,
					"end":	11.000145,
					"seconds":	1.000074028968811,
					"bytes":	68056,
					"bits_per_second":	544407.69805949985,
					"packets":	47,
					"omitted":	false,
					"sender":	true
				}],
			"sum":	{
				"start":	10.000071,
				"end":	11.000145,
				"seconds":	1.000074028968811,
				"bytes":	68056,
				"bits_per_second":	544407.69805949985,
				"packets":	47,
				"omitted":	false,
				"sender":	true
			}
		}, {
			"streams":	[{
					"socket":	7,
					"start":	11.000145,
					"end":	12.000153,
					"seconds":	1.0000079870224,
					"bytes":	68056,
					"bits_per_second":	544443.65151635988,
					"packets":	47,
					"omitted":	false,
					"sender":	true
				}],
			"sum":	{
				"start":	11.000145,
				"end":	12.000153,
				"seconds":	1.0000079870224,
				"bytes":	68056,
				"bits_per_second":	544443.65151635988,
				"packets":	47,
				"omitted":	false,
				"sender":	true
			}
		}, {
			"streams":	[{
					"socket":	7,
					"start":	12.000153,
					"end":	13.000103,
					"seconds":	0.99994999170303345,
					"bytes":	68056,
					"bits_per_second":	544475.22827890667,
					"packets":	47,
					"omitted":	false,
					"sender":	true
				}],
			"sum":	{
				"start":	12.000153,
				"end":	13.000103,
				"seconds":	0.99994999170303345,
				"bytes":	68056,
				"bits_per_second":	544475.22827890667,
				"packets":	47,
				"omitted":	false,
				"sender":	true
			}
		}, {
			"streams":	[{
					"socket":	7,
					"start":	13.000103,
					"end":	14.00006,
					"seconds":	0.99995702505111694,
					"bytes":	68056,
					"bits_per_second":	544471.3986305244,
					"packets":	47,
					"omitted":	false,
					"sender":	true
				}],
			"sum":	{
				"start":	13.000103,
				"end":	14.00006,
				"seconds":	0.99995702505111694,
				"bytes":	68056,
				"bits_per_second":	544471.3986305244,
				"packets":	47,
				"omitted":	false,
				"sender":	true
			}
		}, {
			"streams":	[{
					"socket":	7,
					"start":	14.00006,
					"end":	15.000104,
					"seconds":	1.0000439882278442,
					"bytes":	68056,
					"bits_per_second":	544424.05175076774,
					"packets":	47,
					"omitted":	false,
					"sender":	true
				}],
			"sum":	{
				"start":	14.00006,
				"end":	15.000104,
				"seconds":	1.0000439882278442,
				"bytes":	68056,
				"bits_per_second":	544424.05175076774,
				"packets":	47,
				"omitted":	false,