{
	"start":	{
		"connected":	[{
				"socket":	7,
				"local_host":	"192.168.42.8",
				"local_port":	51781,
				"remote_host":	"192.168.42.1",
				"remote_port":	5207
			}],
		"version":	"iperf 3.7",
		"system_info":	"Linux rathan-VirtualBox 5.4.0-177-generic #197-Ubuntu SMP Thu Mar 28 22:45:47 UTC 2024 x86_64",
		"timestamp":	{
			"time":	"Thu, 07 Nov 2024 08:36:39 GMT",
			"timesecs":	1730968599
		},
		"connecting_to":	{
			"host":	"192.168.42.1",
			"port":	5207
		},
		"cookie":	"7m5dgjvbp4hletmjs2dkvgxday7257uf2fkt",
		"sock_bufsize":	0,
		"sndbuf_actual":	212992,
		"rcvbuf_actual":	212992,
		"test_start":	{
			"protocol":	"UDP",
			"num_streams":	1,
			"blksize":	1448,
			"omit":	0,
			"duration":	30,
			"bytes":	0,
			"blocks":	0,
			"reverse":	0,
			"tos":	0
		}
	},
	"intervals":	[{
			"streams":	[{
					"socket":	7,
					"start":	0,
					"end":	1.000244,
					"seconds":	1.0002440214157104,
					"bytes":	131768,
					"bits_per_second":	1053886.8290439781,
					"packets":	91,
					"omitted":	false,
					"sender":	true
				}],
			"sum":	{
				"start":	0,
				"end":	1.000244,
				"seconds":	1.0002440214157104,
				"bytes":	131768,
				"bits_per_second":	1053886.8290439781,
				"packets":	91,
				"omitted":	false,
				"sender":	true
			}
		}, {
			"streams":	[{
					"socket":	7,
					"start":	1.000244,
					"end":	2.00011,
					"seconds":	0.99986600875854492,
					"bytes":	130320,
					"bits_per_second":	1042699.71262896,
					"packets":	90,
					"omitted":	false,
					"sender":	true
				}],
			"sum":	{
				"start":	1.000244,
				"end":	2.00011,
				"seconds":	0.99986600875854492,
				"bytes":	130320,
				"bits_per_second":	1042699.71262896,
				"packets":	90,
				"omitted":	false,
				"sender":	true
			}
		}, {
			"streams":	[{
					"socket":	7,
					"start":	2.00011,
					"end":	3.000042,
					"seconds":	0.99993199110031128,
					"bytes":	70952,
					"bits_per_second":	567654.60556512768,
					"packets":	49,
					"omitted":	false,
					"sender":	true
				}],
			"sum":	{
				"start":	2.00011,
				"end":	3.000042,
				"seconds":	0.99993199110031128,
				"bytes":	70952,
				"bits_per_second":	567654.60556512768,
				"packets":	49,
				"omitted":	false,
				"sender":	true
			}
		}, {
			"streams":	[{
					"socket":	7,
					"start":	3.000042,
					"end":	4.000079,
					"seconds":	1.0000369548797607,
					"bytes":	75296,
					"bits_per_second":	602345.74038558966,
					"packets":	52,
					"omitted":	false,
					"sender":	true
				}],
			"sum":	{
				"start":	3.000042,
				"end":	4.000079,
				"seconds":	1.0000369548797607,
				"bytes":	75296,
				"bits_per_second":	602345.74038558966,
				"packets":	52,
				"omitted":	false,
				"sender":	true
			}
		}, {
			"streams":	[{
					"socket":	7,
					"start":	4.000079,
					"end":	5.000097,
					"seconds":	1.0000180006027222,
					"bytes":	69504,
					"bits_per_second":	556021.99126903038,
					"packets":	48,
					"omitted":	false,
					"sender":	true
				}],
			"sum":	{
				"start":	4.000079,
				"end":	5.000097,
				"seconds":	1.0000180006027222,
				"bytes":	69504,
				"bits_per_second":	556021.99126903038,
				"packets":	48,
				"omitted":	false,
				"sender":	true
			}
		}, {
			"streams":	[{
					"socket":	7,
					"start":	5.000097,
					"end":	6.000093,
					"seconds":	0.9999960064888,
					"bytes":	72400,
					"bits_per_second":	579202.31305092422,
					"packets":	50,
					"omitted":	false,
					"sender":	true
				}],
			"sum":	{
				"start":	5.000097,
				"end":	6.000093,
				"seconds":	0.9999960064888,
				"bytes":	72400,
				"bits_per_second":	579202.31305092422,
				"packets":	50,
				"omitted":	false,
				"sender":	true
			}
		}, {
			"streams":	[{
					"socket":	7,
					"start":	6.000093,
					"end":	7.000109,
					"seconds":	1.0000159740447998,
					"bytes":	73848,
					"bits_per_second":	590774.562940665,
					"packets":	51,
					"omitted":	false,
					"sender":	true
				}],
			"sum":	{
				"start":	6.000093,
				"end":	7.000109,
				"seconds":	1.0000159740447998,
				"bytes":	73848,
				"bits_per_second":	590774.562940665,
				"packets":	51,
				"omitted":	false,
				"sender":	true
			}
		}, {
			"streams":	[{
					"socket":	7,
					"start":	7.000109,
					"end":	8.000062,
					"seconds":	0.99995297193527222,
					"bytes":	78192,
					"bits_per_second":	625565.41913102241,
					"packets":	54,
					"omitted":	false,
					"sender":	true
				}],
			"sum":	{
				"start":	7.000109,
				"end":	8.000062,
				"seconds":	0.99995297193527222,
				"bytes":	78192,
				"bits_per_second":	625565.41913102241,
				"packets":	54,
				"omitted":	false,
				"sender":	true
			}
		}, {
			"streams":	[{
					"socket":	7,
					"start":	8.000062,
					"end":	9.000082,
					"seconds":	1.0000200271606445,
					"bytes":	473496,
					"bits_per_second":	3787892.1392756226,
					"packets":	327,
					"omitted":	false,
					"sender":	true
				}],
			"sum":	{
				"start":	8.000062,
				"end":	9.000082,
				"seconds":	1.0000200271606445,
				"bytes":	473496,
				"bits_per_second":	3787892.1392756226,
				"packets":	327,
				"omitted":	false,
				"sender":	true
			}
		}, {
			"streams":	[{
					"socket":	7,
					"start":	9.000082,
					"end":	10.000092,
					"seconds":	1.0000100135803223,
					"bytes":	75296,
					"bits_per_second":	602361.96820004832,
					"packets":	52,
					"omitted":	false,
					"sender":	true
				}],
			"sum":	{
				"start":	9.000082,
				"end":	10.000092,
				"seconds":	1.0000100135803223,
				"bytes":	75296,
				"bits_per_second":	602361.96820004832,
				"packets":	52,
				"omitted":	false,
				"sender":	true
			}
		}, {
			"streams":	[{
					"socket":	7,
					"start":	10.000092,
					"end":	11.000081,
					"seconds":	0.99998897314071655,
					"bytes":	70952,
					"bits_per_second":	567622.25909077714,
					"packets":	49,
					"omitted":	false,
					"sender":	true
				}],
			"sum":	{
				"start":	10.000092,
				"end":	11.000081,
				"seconds":	0.99998897314071655,
				"bytes":	70952,
				"bits_per_second":	567622.25909077714,
				"packets":	49,
				"omitted":	false,
				"sender":	true
			}
		}, {
			"streams":	[{
					"socket":	7,
					"start":	11.000081,
					"end":	12.000069,
					"seconds":	0.99998801946640015,
					"bytes":	69504,
					"bits_per_second":	556038.66163986863,
					"packets":	48,
					"omitted":	false,
					"sender":	true
				}],
			"sum":	{
				"start":	11.000081,
				"end":	12.000069,
				"seconds":	0.99998801946640015,
				"bytes":	69504,
				"bits_per_second":	556038.66163986863,
				"packets":	48,
				"omitted":	false,
				"sender":	true
			}
		}, {
			"streams":	[{
					"socket":	7,
					"start":	12.000069,
					"end":	13.000087,
					"seconds":	1.0000180006027222,
					"bytes":	69504,
					"bits_per_second":	556021.99126903038,
					"packets":	48,
					"omitted":	false,
					"sender":	true
				}],
			"sum":	{
				"start":	12.000069,
				"end":	13.000087,
				"seconds":	1.0000180006027222,
				"bytes":	69504,
				"bits_per_second":	556021.99126903038,
				"packets":	48,
				"omitted":	false,
				"sender":	true
			}
		}, {
			"streams":	[{
					"socket":	7,
					"start":	13.000087,
					"end":	14.000091,
					"seconds":	1.0000040531158447,
					"bytes":	72400,
					"bits_per_second":	579197.65244481759,
					"packets":	50,
					"omitted":	false,
					"sender":	true
				}],
			"sum":	{
				"start":	13.000087,
				"end":	14.000091,
				"seconds":	1.0000040531158447,
				"bytes":	72400,
				"bits_per_second":	579197.65244481759,
				"packets":	50,
				"omitted":	false,
				"sender":	true
			}
		}, {
			"streams":	[{
					"socket":	7,
					"start":	14.000091,
					"end":	15.000113,
					"seconds":	1.0000220537185669,
					"bytes":	72400,
					"bits_per_second":	579187.22676790331,
					"packets":	50,
					"omitted":	false,
					"sender":	true
				}],
			"sum":	{
				"start":	14.000091,
				"end":	15.000113,
				"seconds":	1.0000220537185669,
				"bytes":	72400,
				"bits_per_second":	579187.22676790331,
				"packets":	50,
				"omitted":	false,