{
	"start":	{
		"connected":	[{
				"socket":	7,
				"local_host":	"192.168.42.9",
				"local_port":	36583,
				"remote_host":	"192.168.42.1",
				"remote_port":	5208
			}],
		"version":	"iperf 3.7",
		"system_info":	"Linux rathan-VirtualBox 5.4.0-177-generic #197-Ubuntu SMP Thu Mar 28 22:45:47 UTC 2024 x86_64",
		"timestamp":	{
			"time":	"Thu, 07 Nov 2024 08:36:39 GMT",
			"timesecs":	1730968599
		},
		"connecting_to":	{
			"host":	"192.168.42.1",
			"port":	5208
		},
		"cookie":	"plcvwwnjo6w64l6pdj3vbazt7kw5nfqtduab",
		"sock_bufsize":	0,
		"sndbuf_actual":	212992,
		"rcvbuf_actual":	212992,
		"test_start":	{
			"protocol":	"UDP",
			"num_streams":	1,
			"blksize":	1448,
			"omit":	0,
			"duration":	30,
			"bytes":	0,
			"blocks":	0,
			"reverse":	0,
			"tos":	0
		}
	},
	"intervals":	[{
			"streams":	[{
					"socket":	7,
					"start":	0,
					"end":	1.000096,
					"seconds":	1.0000959634780884,
					"bytes":	131768,
					"bits_per_second":	1054042.8503820233,
					"packets":	91,
					"omitted":	false,
					"sender":	true
				}],
			"sum":	{
				"start":	0,
				"end":	1.000096,
				"seconds":	1.0000959634780884,
				"bytes":	131768,
				"bits_per_second":	1054042.8503820233,
				"packets":	91,
				"omitted":	false,
				"sender":	true
			}
		}, {
			"streams":	[{
					"socket":	7,
					"start":	1.000096,
					"end":	2.000104,
					"seconds":	1.0000079870224,
					"bytes":	130320,
					"bits_per_second":	1042551.6731164338,
					"packets":	90,
					"omitted":	false,
					"sender":	true
				}],
			"sum":	{
				"start":	1.000096,
				"end":	2.000104,
				"seconds":	1.0000079870224,
				"bytes":	130320,
				"bits_per_second":	1042551.6731164338,
				"packets":	90,
				"omitted":	false,
				"sender":	true
			}
		}, {
			"streams":	[{
					"socket":	7,
					"start":	2.000104,
					"end":	3.000084,
					"seconds":	0.99997997283935547,
					"bytes":	72400,
					"bits_per_second":	579211.59996375965,
					"packets":	50,
					"omitted":	false,
					"sender":	true
				}],
			"sum":	{
				"start":	2.000104,
				"end":	3.000084,
				"seconds":	0.99997997283935547,
				"bytes":	72400,
				"bits_per_second":	579211.59996375965,
				"packets":	50,
				"omitted":	false,
				"sender":	true
			}
		}, {
			"streams":	[{
					"socket":	7,
					"start":	3.000084,
					"end":	4.000074,
					"seconds":	0.99998998641967773,
					"bytes":	75296,
					"bits_per_second":	602374.03192075272,
					"packets":	52,
					"omitted":	false,
					"sender":	true
				}],
			"sum":	{
				"start":	3.000084,
				"end":	4.000074,
				"seconds":	0.99998998641967773,
				"bytes":	75296,
				"bits_per_second":	602374.03192075272,
				"packets":	52,
				"omitted":	false,
				"sender":	true
			}
		}, {
			"streams":	[{
					"socket":	7,
					"start":	4.000074,
					"end":	5.000095,
					"seconds":	1.0000209808349609,
					"bytes":	68056,
					"bits_per_second":	544436.57726602571,
					"packets":	47,
					"omitted":	false,
					"sender":	true
				}],
			"sum":	{
				"start":	4.000074,
				"end":	5.000095,
				"seconds":	1.0000209808349609,
				"bytes":	68056,
				"bits_per_second":	544436.57726602571,
				"packets":	47,
				"omitted":	false,
				"sender":	true
			}
		}, {
			"streams":	[{
					"socket":	7,
					"start":	5.000095,
					"end":	6.000123,
					"seconds":	1.0000280141830444,
					"bytes":	72400,
					"bits_per_second":	579183.77463972091,
					"packets":	50,
					"omitted":	false,
					"sender":	true
				}],
			"sum":	{
				"start":	5.000095,
				"end":	6.000123,
				"seconds":	1.0000280141830444,
				"bytes":	72400,
				"bits_per_second":	579183.77463972091,
				"packets":	50,
				"omitted":	false,
				"sender":	true
			}
		}, {
			"streams":	[{
					"socket":	7,
					"start":	6.000123,
					"end":	7.000167,
					"seconds":	1.0000439882278442,
					"bytes":	75296,
					"bits_per_second":	602341.50406467915,
					"packets":	52,
					"omitted":	false,
					"sender":	true
				}],
			"sum":	{
				"start":	6.000123,
				"end":	7.000167,
				"seconds":	1.0000439882278442,
				"bytes":	75296,
				"bits_per_second":	602341.50406467915,
				"packets":	52,
				"omitted":	false,
				"sender":	true
			}
		}, {
			"streams":	[{
					"socket":	7,
					"start":	7.000167,
					"end":	8.000088,
					"seconds":	0.99992102384567261,
					"bytes":	78192,
					"bits_per_second":	625585.40632959525,
					"packets":	54,
					"omitted":	false,
					"sender":	true
				}],
			"sum":	{
				"start":	7.000167,
				"end":	8.000088,
				"seconds":	0.99992102384567261,
				"bytes":	78192,
				"bits_per_second":	625585.40632959525,
				"packets":	54,
				"omitted":	false,
				"sender":	true
			}
		}, {
			"streams":	[{
					"socket":	7,
					"start":	8.000088,
					"end":	9.000096,
					"seconds":	1.0000079870224,
					"bytes":	75296,
					"bits_per_second":	602363.18891171727,
					"packets":	52,
					"omitted":	false,
					"sender":	true
				}],
			"sum":	{
				"start":	8.000088,
				"end":	9.000096,
				"seconds":	1.0000079870224,
				"bytes":	75296,
				"bits_per_second":	602363.18891171727,
				"packets":	52,
				"omitted":	false,
				"sender":	true
			}
		}, {
			"streams":	[{
					"socket":	7,
					"start":	9.000096,
					"end":	10.000105,
					"seconds":	1.0000089406967163,
					"bytes":	75296,
					"bits_per_second":	602362.61445855093,
					"packets":	52,
					"omitted":	false,
					"sender":	true
				}],
			"sum":	{
				"start":	9.000096,
				"end":	10.000105,
				"seconds":	1.0000089406967163,
				"bytes":	75296,
				"bits_per_second":	602362.61445855093,
				"packets":	52,
				"omitted":	false,
				"sender":	true
			}
		}, {
			"streams":	[{
					"socket":	7,
					"start":	10.000105,
					"end":	11.000021,
					"seconds":	0.99991601705551147,
					"bytes":	70952,
					"bits_per_second":	567663.67406682728,
					"packets":	49,
					"omitted":	false,
					"sender":	true
				}],
			"sum":	{
				"start":	10.000105,
				"end":	11.000021,
				"seconds":	0.99991601705551147,
				"bytes":	70952,
				"bits_per_second":	567663.67406682728,
				"packets":	49,
				"omitted":	false,
				"sender":	true
			}
		}, {
			"streams":	[{
					"socket":	7,
					"start":	11.000021,
					"end":	12.000102,
					"seconds":	1.000080943107605,
					"bytes":	68056,
					"bits_per_second":	544403.93425376911,
					"packets":	47,
					"omitted":	false,
					"sender":	true
				}],
			"sum":	{
				"start":	11.000021,
				"end":	12.000102,
				"seconds":	1.000080943107605,
				"bytes":	68056,
				"bits_per_second":	544403.93425376911,
				"packets":	47,
				"omitted":	false,
				"sender":	true
			}
		}, {
			"streams":	[{
					"socket":	7,
					"start":	12.000102,
					"end":	13.000109,
					"seconds":	1.0000070333480835,
					"bytes":	70952,
					"bits_per_second":	567612.00778717292,
					"packets":	49,
					"omitted":	false,
					"sender":	true
				}],
			"sum":	{
				"start":	12.000102,
				"end":	13.000109,
				"seconds":	1.0000070333480835,
				"bytes":	70952,
				"bits_per_second":	567612.00778717292,
				"packets":	49,
				"omitted":	false,
				"sender":	true
			}
		}, {
			"streams":	[{
					"socket":	7,
					"start":	13.000109,
					"end":	14.000089,
					"seconds":	0.99997997283935547,
					"bytes":	70952,
					"bits_per_second":	567627.3679644845,
					"packets":	49,
					"omitted":	false,
					"sender":	true
				}],
			"sum":	{
				"start":	13.000109,
				"end":	14.000089,
				"seconds":	0.99997997283935547,
				"bytes":	70952,
				"bits_per_second":	567627.3679644845,
				"packets":	49,
				"omitted":	false,
				"sender":	true
			}
		}, {
			"streams":	[{
					"socket":	7,
					"start":	14.000089,
					"end":	15.000094,
					"seconds":	1.0000050067901611,
					"bytes":	73848,
					"bits_per_second":	590781.0420832911,
					"packets":	51,
					"omitted":	false,
					"sender":	true
				}],
			"sum":	{
				"start":	14.000089,
				"end":	15.000094,
				"seconds":	1.0000050067901611,
				"bytes":	73848,
				"bits_per_second":	590781.0420832911,
				"packets":	51,
				"omitted":	false,