{
	"start":	{
		"connected":	[{
				"socket":	7,
				"local_host":	"192.168.42.10",
				"local_port":	55648,
				"remote_host":	"192.168.42.1",
				"remote_port":	5209
			}],
		"version":	"iperf 3.7",
		"system_info":	"Linux rathan-VirtualBox 5.4.0-177-generic #197-Ubuntu SMP Thu Mar 28 22:45:47 UTC 2024 x86_64",
		"timestamp":	{
			"time":	"Thu, 07 Nov 2024 08:36:39 GMT",
			"timesecs":	1730968599
		},
		"connecting_to":	{
			"host":	"192.168.42.1",
			"port":	5209
		},
		"cookie":	"yfyefiu7d3gwsg5rupsoi53r2pxt5pxpuhyi",
		"sock_bufsize":	0,
		"sndbuf_actual":	212992,
		"rcvbuf_actual":	212992,
		"test_start":	{
			"protocol":	"UDP",
			"num_streams":	1,
			"blksize":	1448,
			"omit":	0,
			"duration":	30,
			"bytes":	0,
			"blocks":	0,
			"reverse":	0,
			"tos":	0
		}
	},
	"intervals":	[{
			"streams":	[{
					"socket":	7,
					"start":	0,
					"end":	1.00007,
					"seconds":	1.0000699758529663,
					"bytes":	131768,
					"bits_per_second":	1054070.240535832,
					"packets":	91,
					"omitted":	false,
					"sender":	true
				}],
			"sum":	{
				"start":	0,
				"end":	1.00007,
				"seconds":	1.0000699758529663,
				"bytes":	131768,
				"bits_per_second":	1054070.240535832,
				"packets":	91,
				"omitted":	false,
				"sender":	true
			}
		}, {
			"streams":	[{
					"socket":	7,
					"start":	1.00007,
					"end":	2.00008,
					"seconds":	1.0000100135803223,
					"bytes":	130320,
					"bits_per_second":	1042549.5603462375,
					"packets":	90,
					"omitted":	false,
					"sender":	true
				}],
			"sum":	{
				"start":	1.00007,
				"end":	2.00008,
				"seconds":	1.0000100135803223,
				"bytes":	130320,
				"bits_per_second":	1042549.5603462375,
				"packets":	90,
				"omitted":	false,
				"sender":	true
			}
		}, {
			"streams":	[{
					"socket":	7,
					"start":	2.00008,
					"end":	3.000054,
					"seconds":	0.99997401237487793,
					"bytes":	72400,
					"bits_per_second":	579215.05242364749,
					"packets":	50,
					"omitted":	false,
					"sender":	true
				}],
			"sum":	{
				"start":	2.00008,
				"end":	3.000054,
				"seconds":	0.99997401237487793,
				"bytes":	72400,
				"bits_per_second":	579215.05242364749,
				"packets":	50,
				"omitted":	false,
				"sender":	true
			}
		}, {
			"streams":	[{
					"socket":	7,
					"start":	3.000054,
					"end":	4.000094,
					"seconds":	1.0000400543212891,
					"bytes":	75296,
					"bits_per_second":	602343.87352496339,
					"packets":	52,
					"omitted":	false,
					"sender":	true
				}],
			"sum":	{
				"start":	3.000054,
				"end":	4.000094,
				"seconds":	1.0000400543212891,
				"bytes":	75296,
				"bits_per_second":	602343.87352496339,
				"packets":	52,
				"omitted":	false,
				"sender":	true
			}
		}, {
			"streams":	[{
					"socket":	7,
					"start":	4.000094,
					"end":	5.000053,
					"seconds":	0.99995899200439453,
					"bytes":	68056,
					"bits_per_second":	544470.327636803,
					"packets":	47,
					"omitted":	false,
					"sender":	true
				}],
			"sum":	{
				"start":	4.000094,
				"end":	5.000053,
				"seconds":	0.99995899200439453,
				"bytes":	68056,
				"bits_per_second":	544470.327636803,
				"packets":	47,
				"omitted":	false,
				"sender":	true
			}
		}, {
			"streams":	[{
					"socket":	7,
					"start":	5.000053,
					"end":	6.000099,
					"seconds":	1.0000460147857666,
					"bytes":	72400,
					"bits_per_second":	579173.34946240275,
					"packets":	50,
					"omitted":	false,
					"sender":	true
				}],
			"sum":	{
				"start":	5.000053,
				"end":	6.000099,
				"seconds":	1.0000460147857666,
				"bytes":	72400,
				"bits_per_second":	579173.34946240275,
				"packets":	50,
				"omitted":	false,
				"sender":	true
			}
		}, {
			"streams":	[{
					"socket":	7,
					"start":	6.000099,
					"end":	7.000089,
					"seconds":	0.99998998641967773,
					"bytes":	75296,
					"bits_per_second":	602374.03192075272,
					"packets":	52,
					"omitted":	false,
					"sender":	true
				}],
			"sum":	{
				"start":	6.000099,
				"end":	7.000089,
				"seconds":	0.99998998641967773,
				"bytes":	75296,
				"bits_per_second":	602374.03192075272,
				"packets":	52,
				"omitted":	false,
				"sender":	true
			}
		}, {
			"streams":	[{
					"socket":	7,
					"start":	7.000089,
					"end":	8.00007,
					"seconds":	0.99998098611831665,
					"bytes":	76744,
					"bits_per_second":	613963.67383265216,
					"packets":	53,
					"omitted":	false,
					"sender":	true
				}],
			"sum":	{
				"start":	7.000089,
				"end":	8.00007,
				"seconds":	0.99998098611831665,
				"bytes":	76744,
				"bits_per_second":	613963.67383265216,
				"packets":	53,
				"omitted":	false,
				"sender":	true
			}
		}, {
			"streams":	[{
					"socket":	7,
					"start":	8.00007,
					"end":	9.000067,
					"seconds":	0.99999701976776123,
					"bytes":	76744,
					"bits_per_second":	613953.82972499647,
					"packets":	53,
					"omitted":	false,
					"sender":	true
				}],
			"sum":	{
				"start":	8.00007,
				"end":	9.000067,
				"seconds":	0.99999701976776123,
				"bytes":	76744,
				"bits_per_second":	613953.82972499647,
				"packets":	53,
				"omitted":	false,
				"sender":	true
			}
		}, {
			"streams":	[{
					"socket":	7,
					"start":	9.000067,
					"end":	10.000076,
					"seconds":	1.0000089406967163,
					"bytes":	75296,
					"bits_per_second":	602362.61445855093,
					"packets":	52,
					"omitted":	false,
					"sender":	true
				}],
			"sum":	{
				"start":	9.000067,
				"end":	10.000076,
				"seconds":	1.0000089406967163,
				"bytes":	75296,
				"bits_per_second":	602362.61445855093,
				"packets":	52,
				"omitted":	false,
				"sender":	true
			}
		}, {
			"streams":	[{
					"socket":	7,
					"start":	10.000076,
					"end":	11.000072,
					"seconds":	0.9999960064888,
					"bytes":	69504,
					"bits_per_second":	556034.22052888724,
					"packets":	48,
					"omitted":	false,
					"sender":	true
				}],
			"sum":	{
				"start":	10.000076,
				"end":	11.000072,
				"seconds":	0.9999960064888,
				"bytes":	69504,
				"bits_per_second":	556034.22052888724,
				"packets":	48,
				"omitted":	false,
				"sender":	true
			}
		}, {
			"streams":	[{
					"socket":	7,
					"start":	11.000072,
					"end":	12.00011,
					"seconds":	1.0000380277633667,
					"bytes":	69504,
					"bits_per_second":	556010.856150733,
					"packets":	48,
					"omitted":	false,
					"sender":	true
				}],
			"sum":	{
				"start":	11.000072,
				"end":	12.00011,
				"seconds":	1.0000380277633667,
				"bytes":	69504,
				"bits_per_second":	556010.856150733,
				"packets":	48,
				"omitted":	false,
				"sender":	true
			}
		}, {
			"streams":	[{
					"socket":	7,
					"start":	12.00011,
					"end":	13.000147,
					"seconds":	1.0000369548797607,
					"bytes":	70952,
					"bits_per_second":	567595.02459411335,
					"packets":	49,
					"omitted":	false,
					"sender":	true
				}],
			"sum":	{
				"start":	12.00011,
				"end":	13.000147,
				"seconds":	1.0000369548797607,
				"bytes":	70952,
				"bits_per_second":	567595.02459411335,
				"packets":	49,
				"omitted":	false,
				"sender":	true
			}
		}, {
			"streams":	[{
					"socket":	7,
					"start":	13.000147,
					"end":	14.000091,
					"seconds":	0.99994397163391113,
					"bytes":	70952,
					"bits_per_second":	567647.80437899334,
					"packets":	49,
					"omitted":	false,
					"sender":	true
				}],
			"sum":	{
				"start":	13.000147,
				"end":	14.000091,
				"seconds":	0.99994397163391113,
				"bytes":	70952,
				"bits_per_second":	567647.80437899334,
				"packets":	49,
				"omitted":	false,
				"sender":	true
			}
		}, {
			"streams":	[{
					"socket":	7,
					"start":	14.000091,
					"end":	15.000072,
					"seconds":	0.99998098611831665,
					"bytes":	73848,
					"bits_per_second":	590795.23331066524,
					"packets":	51,
					"omitted":	false,
					"sender":	true
				}],
			"sum":	{
				"start":	14.000091,
				"end":	15.000072,
				"seconds":	0.99998098611831665,
				"bytes":	73848,
				"bits_per_second":	590795.23331066524,
				"packets":	51,
				"omitted":	false,