{
	"start":	{
		"connected":	[{
				"socket":	7,
				"local_host":	"192.168.42.11",
				"local_port":	41349,
				"remote_host":	"192.168.42.1",
				"remote_port":	5210
			}],
		"version":	"iperf 3.7",
		"system_info":	"Linux rathan-VirtualBox 5.4.0-177-generic #197-Ubuntu SMP Thu Mar 28 22:45:47 UTC 2024 x86_64",
		"timestamp":	{
			"time":	"Wed, 06 Nov 2024 09:05:50 GMT",
			"timesecs":	1730883950
		},
		"connecting_to":	{
			"host":	"192.168.42.1",
			"port":	5210
		},
		"cookie":	"k6twojscs4uhniwerek3c5grim75y6pw4z6d",
		"sock_bufsize":	0,
		"sndbuf_actual":	212992,
		"rcvbuf_actual":	212992,
		"test_start":	{
			"protocol":	"UDP",
			"num_streams":	1,
			"blksize":	1448,
			"omit":	0,
			"duration":	30,
			"bytes":	0,
			"blocks":	0,
			"reverse":	0,
			"tos":	0
		}
	},
	"intervals":	[{
			"streams":	[{
					"socket":	7,
					"start":	0,
					"end":	1.000086,
					"seconds":	1.0000859498977661,
					"bytes":	131768,
					"bits_per_second":	1054053.4042176674,
					"packets":	91,
					"omitted":	false,
					"sender":	true
				}],
			"sum":	{
				"start":	0,
				"end":	1.000086,
				"seconds":	1.0000859498977661,
				"bytes":	131768,
				"bits_per_second":	1054053.4042176674,
				"packets":	91,
				"omitted":	false,
				"sender":	true
			}
		}, {
			"streams":	[{
					"socket":	7,
					"start":	1.000086,
					"end":	2.00014,
					"seconds":	1.0000540018081665,
					"bytes":	81088,
					"bits_per_second":	648668.97070268053,
					"packets":	56,
					"omitted":	false,
					"sender":	true
				}],
			"sum":	{
				"start":	1.000086,
				"end":	2.00014,
				"seconds":	1.0000540018081665,
				"bytes":	81088,
				"bits_per_second":	648668.97070268053,
				"packets":	56,
				"omitted":	false,
				"sender":	true
			}
		}, {
			"streams":	[{
					"socket":	7,
					"start":	2.00014,
					"end":	3.000051,
					"seconds":	0.99991101026535034,
					"bytes":	72400,
					"bits_per_second":	579251.54744150222,
					"packets":	50,
					"omitted":	false,
					"sender":	true
				}],
			"sum":	{
				"start":	2.00014,
				"end":	3.000051,
				"seconds":	0.99991101026535034,
				"bytes":	72400,
				"bits_per_second":	579251.54744150222,
				"packets":	50,
				"omitted":	false,
				"sender":	true
			}
		}, {
			"streams":	[{
					"socket":	7,
					"start":	3.000051,
					"end":	4.000077,
					"seconds":	1.0000259876251221,
					"bytes":	60816,
					"bits_per_second":	486515.35662129597,
					"packets":	42,
					"omitted":	false,
					"sender":	true
				}],
			"sum":	{
				"start":	3.000051,
				"end":	4.000077,
				"seconds":	1.0000259876251221,
				"bytes":	60816,
				"bits_per_second":	486515.35662129597,
				"packets":	42,
				"omitted":	false,
				"sender":	true
			}
		}, {
			"streams":	[{
					"socket":	7,
					"start":	4.000077,
					"end":	5.000068,
					"seconds":	0.99999099969863892,
					"bytes":	63712,
					"bits_per_second":	509700.58745889104,
					"packets":	44,
					"omitted":	false,
					"sender":	true
				}],
			"sum":	{
				"start":	4.000077,
				"end":	5.000068,
				"seconds":	0.99999099969863892,
				"bytes":	63712,
				"bits_per_second":	509700.58745889104,
				"packets":	44,
				"omitted":	false,
				"sender":	true
			}
		}, {
			"streams":	[{
					"socket":	7,
					"start":	5.000068,
					"end":	6.000108,
					"seconds":	1.0000400543212891,
					"bytes":	56472,
					"bits_per_second":	451757.90514372248,
					"packets":	39,
					"omitted":	false,
					"sender":	true
				}],
			"sum":	{
				"start":	5.000068,
				"end":	6.000108,
				"seconds":	1.0000400543212891,
				"bytes":	56472,
				"bits_per_second":	451757.90514372248,
				"packets":	39,
				"omitted":	false,
				"sender":	true
			}
		}, {
			"streams":	[{
					"socket":	7,
					"start":	6.000108,
					"end":	7.000089,
					"seconds":	0.99998098611831665,
					"bytes":	66608,
					"bits_per_second":	532874.132005698,
					"packets":	46,
					"omitted":	false,
					"sender":	true
				}],
			"sum":	{
				"start":	6.000108,
				"end":	7.000089,
				"seconds":	0.99998098611831665,
				"bytes":	66608,
				"bits_per_second":	532874.132005698,
				"packets":	46,
				"omitted":	false,
				"sender":	true
			}
		}, {
			"streams":	[{
					"socket":	7,
					"start":	7.000089,
					"end":	8.000089,
					"seconds":	1,
					"bytes":	59368,
					"bits_per_second":	474944,
					"packets":	41,
					"omitted":	false,
					"sender":	true
				}],
			"sum":	{
				"start":	7.000089,
				"end":	8.000089,
				"seconds":	1,
				"bytes":	59368,
				"bits_per_second":	474944,
				"packets":	41,
				"omitted":	false,
				"sender":	true
			}
		}, {
			"streams":	[{
					"socket":	7,
					"start":	8.000089,
					"end":	9.000085,
					"seconds":	0.9999960064888,
					"bytes":	56472,
					"bits_per_second":	451777.80417972087,
					"packets":	39,
					"omitted":	false,
					"sender":	true
				}],
			"sum":	{
				"start":	8.000089,
				"end":	9.000085,
				"seconds":	0.9999960064888,
				"bytes":	56472,
				"bits_per_second":	451777.80417972087,
				"packets":	39,
				"omitted":	false,
				"sender":	true
			}
		}, {
			"streams":	[{
					"socket":	7,
					"start":	9.000085,
					"end":	10.000135,
					"seconds":	1.0000499486923218,
					"bytes":	65160,
					"bits_per_second":	521253.96404612833,
					"packets":	45,
					"omitted":	false,
					"sender":	true
				}],
			"sum":	{
				"start":	9.000085,
				"end":	10.000135,
				"seconds":	1.0000499486923218,
				"bytes":	65160,
				"bits_per_second":	521253.96404612833,
				"packets":	45,
				"omitted":	false,
				"sender":	true
			}
		}, {
			"streams":	[{
					"socket":	7,
					"start":	10.000135,
					"end":	11.000065,
					"seconds":	0.99993002414703369,
					"bytes":	59368,
					"bits_per_second":	474977.23693729425,
					"packets":	41,
					"omitted":	false,
					"sender":	true
				}],
			"sum":	{
				"start":	10.000135,
				"end":	11.000065,
				"seconds":	0.99993002414703369,
				"bytes":	59368,
				"bits_per_second":	474977.23693729425,
				"packets":	41,
				"omitted":	false,
				"sender":	true
			}
		}, {
			"streams":	[{
					"socket":	7,
					"start":	11.000065,
					"end":	12.000151,
					"seconds":	1.0000859498977661,
					"bytes":	65160,
					"bits_per_second":	521235.19988785754,
					"packets":	45,
					"omitted":	false,
					"sender":	true
				}],
			"sum":	{
				"start":	11.000065,
				"end":	12.000151,
				"seconds":	1.0000859498977661,
				"bytes":	65160,
				"bits_per_second":	521235.19988785754,
				"packets":	45,
				"omitted":	false,
				"sender":	true
			}
		}, {
			"streams":	[{
					"socket":	7,
					"start":	12.000151,
					"end":	13.000083,
					"seconds":	0.99993199110031128,
					"bytes":	63712,
					"bits_per_second":	509730.66622174735,
					"packets":	44,
					"omitted":	false,
					"sender":	true
				}],
			"sum":	{
				"start":	12.000151,
				"end":	13.000083,
				"seconds":	0.99993199110031128,
				"bytes":	63712,
				"bits_per_second":	509730.66622174735,
				"packets":	44,
				"omitted":	false,
				"sender":	true
			}
		}, {
			"streams":	[{
					"socket":	7,
					"start":	13.000083,
					"end":	14.000104,
					"seconds":	1.0000209808349609,
					"bytes":	65160,
					"bits_per_second":	521269.06333981181,
					"packets":	45,
					"omitted":	false,
					"sender":	true
				}],
			"sum":	{
				"start":	13.000083,
				"end":	14.000104,
				"seconds":	1.0000209808349609,
				"bytes":	65160,
				"bits_per_second":	521269.06333981181,
				"packets":	45,
				"omitted":	false,
				"sender":	true
			}
		}, {
			"streams":	[{
					"socket":	7,
					"start":	14.000104,
					"end":	15.000095,
					"seconds":	0.99999099969863892,
					"bytes":	56472,
					"bits_per_second":	451780.06615674432,
					"packets":	39,
					"omitted":	false,
					"sender":	true
				}],
			"sum":	{
				"start":	14.000104,
				"end":	15.000095,
				"seconds":	0.99999099969863892,
				"bytes":	56472,
				"bits_per_second":	451780.06615674432,
				"packets":	39,
				"omitted":	false,
				"sender":	true
			}
		}, {
			"streams":	[{
					"socket":	7,
					"start":	15.000095,