{
	"start":	{
		"connected":	[{
				"socket":	7,
				"local_host":	"192.168.42.2",
				"local_port":	50491,
				"remote_host":	"192.168.42.1",
				"remote_port":	5201
			}],
		"version":	"iperf 3.7",
		"system_info":	"Linux rathan-VirtualBox 5.4.0-177-generic #197-Ubuntu SMP Thu Mar 28 22:45:47 UTC 2024 x86_64",
		"timestamp":	{
			"time":	"Wed, 06 Nov 2024 09:05:50 GMT",
			"timesecs":	1730883950
		},
		"connecting_to":	{
			"host":	"192.168.42.1",
			"port":	5201
		},
		"cookie":	"d52gxf7wyn6ng3dznjduvctqpgctvoysocbt",
		"sock_bufsize":	0,
		"sndbuf_actual":	212992,
		"rcvbuf_actual":	212992,
		"test_start":	{
			"protocol":	"UDP",
			"num_streams":	1,
			"blksize":	1448,
			"omit":	0,
			"duration":	30,
			"bytes":	0,
			"blocks":	0,
			"reverse":	0,
			"tos":	0
		}
	},
	"intervals":	[{
			"streams":	[{
					"socket":	7,
					"start":	0,
					"end":	1.000301,
					"seconds":	1.0003010034561157,
					"bytes":	131768,
					"bits_per_second":	1053826.7944927104,
					"packets":	91,
					"omitted":	false,
					"sender":	true
				}],
			"sum":	{
				"start":	0,
				"end":	1.000301,
				"seconds":	1.0003010034561157,
				"bytes":	131768,
				"bits_per_second":	1053826.7944927104,
				"packets":	91,
				"omitted":	false,
				"sender":	true
			}
		}, {
			"streams":	[{
					"socket":	7,
					"start":	1.000301,
					"end":	2.000304,
					"seconds":	1.0000029802322388,
					"bytes":	79640,
					"bits_per_second":	637118.10124009475,
					"packets":	55,
					"omitted":	false,
					"sender":	true
				}],
			"sum":	{
				"start":	1.000301,
				"end":	2.000304,
				"seconds":	1.0000029802322388,
				"bytes":	79640,
				"bits_per_second":	637118.10124009475,
				"packets":	55,
				"omitted":	false,
				"sender":	true
			}
		}, {
			"streams":	[{
					"socket":	7,
					"start":	2.000304,
					"end":	3.000053,
					"seconds":	0.99974900484085083,
					"bytes":	72400,
					"bits_per_second":	579345.41289411171,
					"packets":	50,
					"omitted":	false,
					"sender":	true
				}],
			"sum":	{
				"start":	2.000304,
				"end":	3.000053,
				"seconds":	0.99974900484085083,
				"bytes":	72400,
				"bits_per_second":	579345.41289411171,
				"packets":	50,
				"omitted":	false,
				"sender":	true
			}
		}, {
			"streams":	[{
					"socket":	7,
					"start":	3.000053,
					"end":	4.000108,
					"seconds":	1.0000549554824829,
					"bytes":	59368,
					"bits_per_second":	474917.90065762959,
					"packets":	41,
					"omitted":	false,
					"sender":	true
				}],
			"sum":	{
				"start":	3.000053,
				"end":	4.000108,
				"seconds":	1.0000549554824829,
				"bytes":	59368,
				"bits_per_second":	474917.90065762959,
				"packets":	41,
				"omitted":	false,
				"sender":	true
			}
		}, {
			"streams":	[{
					"socket":	7,
					"start":	4.000108,
					"end":	5.003064,
					"seconds":	1.0029560327529907,
					"bytes":	65160,
					"bits_per_second":	519743.62083365774,
					"packets":	45,
					"omitted":	false,
					"sender":	true
				}],
			"sum":	{
				"start":	4.000108,
				"end":	5.003064,
				"seconds":	1.0029560327529907,
				"bytes":	65160,
				"bits_per_second":	519743.62083365774,
				"packets":	45,
				"omitted":	false,
				"sender":	true
			}
		}, {
			"streams":	[{
					"socket":	7,
					"start":	5.003064,
					"end":	6.00012,
					"seconds":	0.99705600738525391,
					"bytes":	55024,
					"bits_per_second":	441491.748446899,
					"packets":	38,
					"omitted":	false,
					"sender":	true
				}],
			"sum":	{
				"start":	5.003064,
				"end":	6.00012,
				"seconds":	0.99705600738525391,
				"bytes":	55024,
				"bits_per_second":	441491.748446899,
				"packets":	38,
				"omitted":	false,
				"sender":	true
			}
		}, {
			"streams":	[{
					"socket":	7,
					"start":	6.00012,
					"end":	7.000391,
					"seconds":	1.0002709627151489,
					"bytes":	69504,
					"bits_per_second":	555881.37687282183,
					"packets":	48,
					"omitted":	false,
					"sender":	true
				}],
			"sum":	{
				"start":	6.00012,
				"end":	7.000391,
				"seconds":	1.0002709627151489,
				"bytes":	69504,
				"bits_per_second":	555881.37687282183,
				"packets":	48,
				"omitted":	false,
				"sender":	true
			}
		}, {
			"streams":	[{
					"socket":	7,
					"start":	7.000391,
					"end":	8.000142,
					"seconds":	0.99975097179412842,
					"bytes":	57920,
					"bits_per_second":	463475.41845192265,
					"packets":	40,
					"omitted":	false,
					"sender":	true
				}],
			"sum":	{
				"start":	7.000391,
				"end":	8.000142,
				"seconds":	0.99975097179412842,
				"bytes":	57920,
				"bits_per_second":	463475.41845192265,
				"packets":	40,
				"omitted":	false,
				"sender":	true
			}
		}, {
			"streams":	[{
					"socket":	7,
					"start":	8.000142,
					"end":	9.000096,
					"seconds":	0.9999539852142334,
					"bytes":	56472,
					"bits_per_second":	451796.78933247115,
					"packets":	39,
					"omitted":	false,
					"sender":	true
				}],
			"sum":	{
				"start":	8.000142,
				"end":	9.000096,
				"seconds":	0.9999539852142334,
				"bytes":	56472,
				"bits_per_second":	451796.78933247115,
				"packets":	39,
				"omitted":	false,
				"sender":	true
			}
		}, {
			"streams":	[{
					"socket":	7,
					"start":	9.000096,
					"end":	10.000084,
					"seconds":	0.99998801946640015,
					"bytes":	65160,
					"bits_per_second":	521286.24528737681,
					"packets":	45,
					"omitted":	false,
					"sender":	true
				}],
			"sum":	{
				"start":	9.000096,
				"end":	10.000084,
				"seconds":	0.99998801946640015,
				"bytes":	65160,
				"bits_per_second":	521286.24528737681,
				"packets":	45,
				"omitted":	false,
				"sender":	true
			}
		}, {
			"streams":	[{
					"socket":	7,
					"start":	10.000084,
					"end":	11.000082,
					"seconds":	0.99999797344207764,
					"bytes":	59368,
					"bits_per_second":	474944.96250347648,
					"packets":	41,
					"omitted":	false,
					"sender":	true
				}],
			"sum":	{
				"start":	10.000084,
				"end":	11.000082,
				"seconds":	0.99999797344207764,
				"bytes":	59368,
				"bits_per_second":	474944.96250347648,
				"packets":	41,
				"omitted":	false,
				"sender":	true
			}
		}, {
			"streams":	[{
					"socket":	7,
					"start":	11.000082,
					"end":	12.000121,
					"seconds":	1.0000389814376831,
					"bytes":	65160,
					"bits_per_second":	521259.680548246,
					"packets":	45,
					"omitted":	false,
					"sender":	true
				}],
			"sum":	{
				"start":	11.000082,
				"end":	12.000121,
				"seconds":	1.0000389814376831,
				"bytes":	65160,
				"bits_per_second":	521259.680548246,
				"packets":	45,
				"omitted":	false,
				"sender":	true
			}
		}, {
			"streams":	[{
					"socket":	7,
					"start":	12.000121,
					"end":	13.000083,
					"seconds":	0.9999619722366333,
					"bytes":	65160,
					"bits_per_second":	521299.8238663451,
					"packets":	45,
					"omitted":	false,
					"sender":	true
				}],
			"sum":	{
				"start":	12.000121,
				"end":	13.000083,
				"seconds":	0.9999619722366333,
				"bytes":	65160,
				"bits_per_second":	521299.8238663451,
				"packets":	45,
				"omitted":	false,
				"sender":	true
			}
		}, {
			"streams":	[{
					"socket":	7,
					"start":	13.000083,
					"end":	14.000065,
					"seconds":	0.99998199939727783,
					"bytes":	63712,
					"bits_per_second":	509705.17500036064,
					"packets":	44,
					"omitted":	false,
					"sender":	true
				}],
			"sum":	{
				"start":	13.000083,
				"end":	14.000065,
				"seconds":	0.99998199939727783,
				"bytes":	63712,
				"bits_per_second":	509705.17500036064,
				"packets":	44,
				"omitted":	false,
				"sender":	true
			}
		}, {
			"streams":	[{
					"socket":	7,
					"start":	14.000065,
					"end":	15.000082,
					"seconds":	1.0000170469284058,
					"bytes":	56472,
					"bits_per_second":	451768.2987381554,
					"packets":	39,
					"omitted":	false,
					"sender":	true
				}],
			"sum":	{
				"start":	14.000065,
				"end":	15.000082,
				"seconds":	1.0000170469284058,
				"bytes":	56472,
				"bits_per_second":	451768.2987381554,
				"packets":	39,
				"omitted":	false,