{
	"start":	{
		"connected":	[{
				"socket":	7,
				"local_host":	"192.168.42.3",
				"local_port":	60759,
				"remote_host":	"192.168.42.1",
				"remote_port":	5202
			}],
		"version":	"iperf 3.7",
		"system_info":	"Linux rathan-VirtualBox 5.4.0-177-generic #197-Ubuntu SMP Thu Mar 28 22:45:47 UTC 2024 x86_64",
		"timestamp":	{
			"time":	"Wed, 06 Nov 2024 09:05:50 GMT",
			"timesecs":	1730883950
		},
		"connecting_to":	{
			"host":	"192.168.42.1",
			"port":	5202
		},
		"cookie":	"vmyo4ls7yaazxncs2u6ax34vpbsbljp7dzm2",
		"sock_bufsize":	0,
		"sndbuf_actual":	212992,
		"rcvbuf_actual":	212992,
		"test_start":	{
			"protocol":	"UDP",
			"num_streams":	1,
			"blksize":	1448,
			"omit":	0,
			"duration":	30,
			"bytes":	0,
			"blocks":	0,
			"reverse":	0,
			"tos":	0
		}
	},
	"intervals":	[{
			"streams":	[{
					"socket":	7,
					"start":	0,
					"end":	1.00006,
					"seconds":	1.000059962272644,
					"bytes":	131768,
					"bits_per_second":	1054080.794919986,
					"packets":	91,
					"omitted":	false,
					"sender":	true
				}],
			"sum":	{
				"start":	0,
				"end":	1.00006,
				"seconds":	1.000059962272644,
				"bytes":	131768,
				"bits_per_second":	1054080.794919986,
				"packets":	91,
				"omitted":	false,
				"sender":	true
			}
		}, {
			"streams":	[{
					"socket":	7,
					"start":	1.00006,
					"end":	2.000118,
					"seconds":	1.0000580549240112,
					"bytes":	76744,
					"bits_per_second":	613916.35913242132,
					"packets":	53,
					"omitted":	false,
					"sender":	true
				}],
			"sum":	{
				"start":	1.00006,
				"end":	2.000118,
				"seconds":	1.0000580549240112,
				"bytes":	76744,
				"bits_per_second":	613916.35913242132,
				"packets":	53,
				"omitted":	false,
				"sender":	true
			}
		}, {
			"streams":	[{
					"socket":	7,
					"start":	2.000118,
					"end":	3.000099,
					"seconds":	0.99998098611831665,
					"bytes":	70952,
					"bits_per_second":	567626.79278867843,
					"packets":	49,
					"omitted":	false,
					"sender":	true
				}],
			"sum":	{
				"start":	2.000118,
				"end":	3.000099,
				"seconds":	0.99998098611831665,
				"bytes":	70952,
				"bits_per_second":	567626.79278867843,
				"packets":	49,
				"omitted":	false,
				"sender":	true
			}
		}, {
			"streams":	[{
					"socket":	7,
					"start":	3.000099,
					"end":	4.000079,
					"seconds":	0.99997997283935547,
					"bytes":	57920,
					"bits_per_second":	463369.27997100772,
					"packets":	40,
					"omitted":	false,
					"sender":	true
				}],
			"sum":	{
				"start":	3.000099,
				"end":	4.000079,
				"seconds":	0.99997997283935547,
				"bytes":	57920,
				"bits_per_second":	463369.27997100772,
				"packets":	40,
				"omitted":	false,
				"sender":	true
			}
		}, {
			"streams":	[{
					"socket":	7,
					"start":	4.000079,
					"end":	5.000115,
					"seconds":	1.0000360012054443,
					"bytes":	68056,
					"bits_per_second":	544428.39992132469,
					"packets":	47,
					"omitted":	false,
					"sender":	true
				}],
			"sum":	{
				"start":	4.000079,
				"end":	5.000115,
				"seconds":	1.0000360012054443,
				"bytes":	68056,
				"bits_per_second":	544428.39992132469,
				"packets":	47,
				"omitted":	false,
				"sender":	true
			}
		}, {
			"streams":	[{
					"socket":	7,
					"start":	5.000115,
					"end":	6.000071,
					"seconds":	0.99995601177215576,
					"bytes":	50680,
					"bits_per_second":	405457.83537164354,
					"packets":	35,
					"omitted":	false,
					"sender":	true
				}],
			"sum":	{
				"start":	5.000115,
				"end":	6.000071,
				"seconds":	0.99995601177215576,
				"bytes":	50680,
				"bits_per_second":	405457.83537164354,
				"packets":	35,
				"omitted":	false,
				"sender":	true
			}
		}, {
			"streams":	[{
					"socket":	7,
					"start":	6.000071,
					"end":	7.000218,
					"seconds":	1.0001469850540161,
					"bytes":	69504,
					"bits_per_second":	555950.28361753223,
					"packets":	48,
					"omitted":	false,
					"sender":	true
				}],
			"sum":	{
				"start":	6.000071,
				"end":	7.000218,
				"seconds":	1.0001469850540161,
				"bytes":	69504,
				"bits_per_second":	555950.28361753223,
				"packets":	48,
				"omitted":	false,
				"sender":	true
			}
		}, {
			"streams":	[{
					"socket":	7,
					"start":	7.000218,
					"end":	8.000063,
					"seconds":	0.999845027923584,
					"bytes":	60816,
					"bits_per_second":	486603.40994082962,
					"packets":	42,
					"omitted":	false,
					"sender":	true
				}],
			"sum":	{
				"start":	7.000218,
				"end":	8.000063,
				"seconds":	0.999845027923584,
				"bytes":	60816,
				"bits_per_second":	486603.40994082962,
				"packets":	42,
				"omitted":	false,
				"sender":	true
			}
		}, {
			"streams":	[{
					"socket":	7,
					"start":	8.000063,
					"end":	9.000048,
					"seconds":	0.9999849796295166,
					"bytes":	56472,
					"bits_per_second":	451782.78594482288,
					"packets":	39,
					"omitted":	false,
					"sender":	true
				}],
			"sum":	{
				"start":	8.000063,
				"end":	9.000048,
				"seconds":	0.9999849796295166,
				"bytes":	56472,
				"bits_per_second":	451782.78594482288,
				"packets":	39,
				"omitted":	false,
				"sender":	true
			}
		}, {
			"streams":	[{
					"socket":	7,
					"start":	9.000048,
					"end":	10.000067,
					"seconds":	1.0000189542770386,
					"bytes":	65160,
					"bits_per_second":	521270.11970173923,
					"packets":	45,
					"omitted":	false,
					"sender":	true
				}],
			"sum":	{
				"start":	9.000048,
				"end":	10.000067,
				"seconds":	1.0000189542770386,
				"bytes":	65160,
				"bits_per_second":	521270.11970173923,
				"packets":	45,
				"omitted":	false,
				"sender":	true
			}
		}, {
			"streams":	[{
					"socket":	7,
					"start":	10.000067,
					"end":	11.000092,
					"seconds":	1.0000250339508057,
					"bytes":	60816,
					"bits_per_second":	486515.82058688125,
					"packets":	42,
					"omitted":	false,
					"sender":	true
				}],
			"sum":	{
				"start":	10.000067,
				"end":	11.000092,
				"seconds":	1.0000250339508057,
				"bytes":	60816,
				"bits_per_second":	486515.82058688125,
				"packets":	42,
				"omitted":	false,
				"sender":	true
			}
		}, {
			"streams":	[{
					"socket":	7,
					"start":	11.000092,
					"end":	12.000089,
					"seconds":	0.99999701976776123,
					"bytes":	60816,
					"bits_per_second":	486529.44997075194,
					"packets":	42,
					"omitted":	false,
					"sender":	true
				}],
			"sum":	{
				"start":	11.000092,
				"end":	12.000089,
				"seconds":	0.99999701976776123,
				"bytes":	60816,
				"bits_per_second":	486529.44997075194,
				"packets":	42,
				"omitted":	false,
				"sender":	true
			}
		}, {
			"streams":	[{
					"socket":	7,
					"start":	12.000089,
					"end":	13.000085,
					"seconds":	0.9999960064888,
					"bytes":	68056,
					"bits_per_second":	544450.17426786874,
					"packets":	47,
					"omitted":	false,
					"sender":	true
				}],
			"sum":	{
				"start":	12.000089,
				"end":	13.000085,
				"seconds":	0.9999960064888,
				"bytes":	68056,
				"bits_per_second":	544450.17426786874,
				"packets":	47,
				"omitted":	false,
				"sender":	true
			}
		}, {
			"streams":	[{
					"socket":	7,
					"start":	13.000085,
					"end":	14.00023,
					"seconds":	1.0001449584960938,
					"bytes":	62264,
					"bits_per_second":	498039.80489888706,
					"packets":	43,
					"omitted":	false,
					"sender":	true
				}],
			"sum":	{
				"start":	13.000085,
				"end":	14.00023,
				"seconds":	1.0001449584960938,
				"bytes":	62264,
				"bits_per_second":	498039.80489888706,
				"packets":	43,
				"omitted":	false,
				"sender":	true
			}
		}, {
			"streams":	[{
					"socket":	7,
					"start":	14.00023,
					"end":	15.000073,
					"seconds":	0.99984300136566162,
					"bytes":	55024,
					"bits_per_second":	440261.12039465422,
					"packets":	38,
					"omitted":	false,
					"sender":	true
				}],
			"sum":	{
				"start":	14.00023,
				"end":	15.000073,
				"seconds":	0.99984300136566162,
				"bytes":	55024,
				"bits_per_second":	440261.12039465422,
				"packets":	38,
				"omitted":	false,