{
	"start":	{
		"connected":	[{
				"socket":	7,
				"local_host":	"192.168.42.4",
				"local_port":	57266,
				"remote_host":	"192.168.42.1",
				"remote_port":	5203
			}],
		"version":	"iperf 3.7",
		"system_info":	"Linux rathan-VirtualBox 5.4.0-177-generic #197-Ubuntu SMP Thu Mar 28 22:45:47 UTC 2024 x86_64",
		"timestamp":	{
			"time":	"Wed, 06 Nov 2024 09:05:50 GMT",
			"timesecs":	1730883950
		},
		"connecting_to":	{
			"host":	"192.168.42.1",
			"port":	5203
		},
		"cookie":	"4tu6oggabdav63amab6jyaxk6ekpmkfa6zyk",
		"sock_bufsize":	0,
		"sndbuf_actual":	212992,
		"rcvbuf_actual":	212992,
		"test_start":	{
			"protocol":	"UDP",
			"num_streams":	1,
			"blksize":	1448,
			"omit":	0,
			"duration":	30,
			"bytes":	0,
			"blocks":	0,
			"reverse":	0,
			"tos":	0
		}
	},
	"intervals":	[{
			"streams":	[{
					"socket":	7,
					"start":	0,
					"end":	1.000075,
					"seconds":	1.0000749826431274,
					"bytes":	131768,
					"bits_per_second":	1054064.9634230146,
					"packets":	91,
					"omitted":	false,
					"sender":	true
				}],
			"sum":	{
				"start":	0,
				"end":	1.000075,
				"seconds":	1.0000749826431274,
				"bytes":	131768,
				"bits_per_second":	1054064.9634230146,
				"packets":	91,
				"omitted":	false,
				"sender":	true
			}
		}, {
			"streams":	[{
					"socket":	7,
					"start":	1.000075,
					"end":	2.000044,
					"seconds":	0.9999690055847168,
					"bytes":	82536,
					"bits_per_second":	660308.4658748064,
					"packets":	57,
					"omitted":	false,
					"sender":	true
				}],
			"sum":	{
				"start":	1.000075,
				"end":	2.000044,
				"seconds":	0.9999690055847168,
				"bytes":	82536,
				"bits_per_second":	660308.4658748064,
				"packets":	57,
				"omitted":	false,
				"sender":	true
			}
		}, {
			"streams":	[{
					"socket":	7,
					"start":	2.000044,
					"end":	3.000188,
					"seconds":	1.0001440048217773,
					"bytes":	73848,
					"bits_per_second":	590698.93650492455,
					"packets":	51,
					"omitted":	false,
					"sender":	true
				}],
			"sum":	{
				"start":	2.000044,
				"end":	3.000188,
				"seconds":	1.0001440048217773,
				"bytes":	73848,
				"bits_per_second":	590698.93650492455,
				"packets":	51,
				"omitted":	false,
				"sender":	true
			}
		}, {
			"streams":	[{
					"socket":	7,
					"start":	3.000188,
					"end":	4.0001,
					"seconds":	0.99991202354431152,
					"bytes":	59368,
					"bits_per_second":	474985.78756609245,
					"packets":	41,
					"omitted":	false,
					"sender":	true
				}],
			"sum":	{
				"start":	3.000188,
				"end":	4.0001,
				"seconds":	0.99991202354431152,
				"bytes":	59368,
				"bits_per_second":	474985.78756609245,
				"packets":	41,
				"omitted":	false,
				"sender":	true
			}
		}, {
			"streams":	[{
					"socket":	7,
					"start":	4.0001,
					"end":	5.000059,
					"seconds":	0.99995899200439453,
					"bytes":	65160,
					"bits_per_second":	521301.37752459868,
					"packets":	45,
					"omitted":	false,
					"sender":	true
				}],
			"sum":	{
				"start":	4.0001,
				"end":	5.000059,
				"seconds":	0.99995899200439453,
				"bytes":	65160,
				"bits_per_second":	521301.37752459868,
				"packets":	45,
				"omitted":	false,
				"sender":	true
			}
		}, {
			"streams":	[{
					"socket":	7,
					"start":	5.000059,
					"end":	6.000083,
					"seconds":	1.0000239610671997,
					"bytes":	56472,
					"bits_per_second":	451765.17522427795,
					"packets":	39,
					"omitted":	false,
					"sender":	true
				}],
			"sum":	{
				"start":	5.000059,
				"end":	6.000083,
				"seconds":	1.0000239610671997,
				"bytes":	56472,
				"bits_per_second":	451765.17522427795,
				"packets":	39,
				"omitted":	false,
				"sender":	true
			}
		}, {
			"streams":	[{
					"socket":	7,
					"start":	6.000083,
					"end":	7.00016,
					"seconds":	1.0000770092010498,
					"bytes":	66608,
					"bits_per_second":	532822.96772895416,
					"packets":	46,
					"omitted":	false,
					"sender":	true
				}],
			"sum":	{
				"start":	6.000083,
				"end":	7.00016,
				"seconds":	1.0000770092010498,
				"bytes":	66608,
				"bits_per_second":	532822.96772895416,
				"packets":	46,
				"omitted":	false,
				"sender":	true
			}
		}, {
			"streams":	[{
					"socket":	7,
					"start":	7.00016,
					"end":	8.000081,
					"seconds":	0.99992102384567261,
					"bytes":	59368,
					"bits_per_second":	474981.51221321122,
					"packets":	41,
					"omitted":	false,
					"sender":	true
				}],
			"sum":	{
				"start":	7.00016,
				"end":	8.000081,
				"seconds":	0.99992102384567261,
				"bytes":	59368,
				"bits_per_second":	474981.51221321122,
				"packets":	41,
				"omitted":	false,
				"sender":	true
			}
		}, {
			"streams":	[{
					"socket":	7,
					"start":	8.000081,
					"end":	9.000072,
					"seconds":	0.99999099969863892,
					"bytes":	56472,
					"bits_per_second":	451780.06615674432,
					"packets":	39,
					"omitted":	false,
					"sender":	true
				}],
			"sum":	{
				"start":	8.000081,
				"end":	9.000072,
				"seconds":	0.99999099969863892,
				"bytes":	56472,
				"bits_per_second":	451780.06615674432,
				"packets":	39,
				"omitted":	false,
				"sender":	true
			}
		}, {
			"streams":	[{
					"socket":	7,
					"start":	9.000072,
					"end":	10.000074,
					"seconds":	1.0000020265579224,
					"bytes":	63712,
					"bits_per_second":	509694.96707362647,
					"packets":	44,
					"omitted":	false,
					"sender":	true
				}],
			"sum":	{
				"start":	9.000072,
				"end":	10.000074,
				"seconds":	1.0000020265579224,
				"bytes":	63712,
				"bits_per_second":	509694.96707362647,
				"packets":	44,
				"omitted":	false,
				"sender":	true
			}
		}, {
			"streams":	[{
					"socket":	7,
					"start":	10.000074,
					"end":	11.00022,
					"seconds":	1.0001460313796997,
					"bytes":	60816,
					"bits_per_second":	486456.96201867191,
					"packets":	42,
					"omitted":	false,
					"sender":	true
				}],
			"sum":	{
				"start":	10.000074,
				"end":	11.00022,
				"seconds":	1.0001460313796997,
				"bytes":	60816,
				"bits_per_second":	486456.96201867191,
				"packets":	42,
				"omitted":	false,
				"sender":	true
			}
		}, {
			"streams":	[{
					"socket":	7,
					"start":	11.00022,
					"end":	12.000089,
					"seconds":	0.99986898899078369,
					"bytes":	65160,
					"bits_per_second":	521348.30236724636,
					"packets":	45,
					"omitted":	false,
					"sender":	true
				}],
			"sum":	{
				"start":	11.00022,
				"end":	12.000089,
				"seconds":	0.99986898899078369,
				"bytes":	65160,
				"bits_per_second":	521348.30236724636,
				"packets":	45,
				"omitted":	false,
				"sender":	true
			}
		}, {
			"streams":	[{
					"socket":	7,
					"start":	12.000089,
					"end":	13.000071,
					"seconds":	0.99998199939727783,
					"bytes":	63712,
					"bits_per_second":	509705.17500036064,
					"packets":	44,
					"omitted":	false,
					"sender":	true
				}],
			"sum":	{
				"start":	12.000089,
				"end":	13.000071,
				"seconds":	0.99998199939727783,
				"bytes":	63712,
				"bits_per_second":	509705.17500036064,
				"packets":	44,
				"omitted":	false,
				"sender":	true
			}
		}, {
			"streams":	[{
					"socket":	7,
					"start":	13.000071,
					"end":	14.000093,
					"seconds":	1.0000220537185669,
					"bytes":	63712,
					"bits_per_second":	509684.75955575495,
					"packets":	44,
					"omitted":	false,
					"sender":	true
				}],
			"sum":	{
				"start":	13.000071,
				"end":	14.000093,
				"seconds":	1.0000220537185669,
				"bytes":	63712,
				"bits_per_second":	509684.75955575495,
				"packets":	44,
				"omitted":	false,
				"sender":	true
			}
		}, {
			"streams":	[{
					"socket":	7,
					"start":	14.000093,
					"end":	15.000062,
					"seconds":	0.9999690055847168,
					"bytes":	57920,
					"bits_per_second":	463374.36201740796,
					"packets":	40,
					"omitted":	false,
					"sender":	true
				}],
			"sum":	{
				"start":	14.000093,
				"end":	15.000062,
				"seconds":	0.9999690055847168,
				"bytes":	57920,
				"bits_per_second":	463374.36201740796,
				"packets":	40,
				"omitted":	false,