{
	"start":	{
		"connected":	[{
				"socket":	7,
				"local_host":	"192.168.42.5",
				"local_port":	60858,
				"remote_host":	"192.168.42.1",
				"remote_port":	5204
			}],
		"version":	"iperf 3.7",
		"system_info":	"Linux rathan-VirtualBox 5.4.0-177-generic #197-Ubuntu SMP Thu Mar 28 22:45:47 UTC 2024 x86_64",
		"timestamp":	{
			"time":	"Wed, 06 Nov 2024 09:05:50 GMT",
			"timesecs":	1730883950
		},
		"connecting_to":	{
			"host":	"192.168.42.1",
			"port":	5204
		},
		"cookie":	"uoja7me3gdsthase5dp3rxbstb25hhrnsv2d",
		"sock_bufsize":	0,
		"sndbuf_actual":	212992,
		"rcvbuf_actual":	212992,
		"test_start":	{
			"protocol":	"UDP",
			"num_streams":	1,
			"blksize":	1448,
			"omit":	0,
			"duration":	30,
			"bytes":	0,
			"blocks":	0,
			"reverse":	0,
			"tos":	0
		}
	},
	"intervals":	[{
			"streams":	[{
					"socket":	7,
					"start":	0,
					"end":	1.000093,
					"seconds":	1.0000929832458496,
					"bytes":	131768,
					"bits_per_second":	1054045.9913824466,
					"packets":	91,
					"omitted":	false,
					"sender":	true
				}],
			"sum":	{
				"start":	0,
				"end":	1.000093,
				"seconds":	1.0000929832458496,
				"bytes":	131768,
				"bits_per_second":	1054045.9913824466,
				"packets":	91,
				"omitted":	false,
				"sender":	true
			}
		}, {
			"streams":	[{
					"socket":	7,
					"start":	1.000093,
					"end":	2.00003,
					"seconds":	0.99993699789047241,
					"bytes":	82536,
					"bits_per_second":	660329.60215791943,
					"packets":	57,
					"omitted":	false,
					"sender":	true
				}],
			"sum":	{
				"start":	1.000093,
				"end":	2.00003,
				"seconds":	0.99993699789047241,
				"bytes":	82536,
				"bits_per_second":	660329.60215791943,
				"packets":	57,
				"omitted":	false,
				"sender":	true
			}
		}, {
			"streams":	[{
					"socket":	7,
					"start":	2.00003,
					"end":	3.00017,
					"seconds":	1.0001399517059326,
					"bytes":	73848,
					"bits_per_second":	590701.33034112211,
					"packets":	51,
					"omitted":	false,
					"sender":	true
				}],
			"sum":	{
				"start":	2.00003,
				"end":	3.00017,
				"seconds":	1.0001399517059326,
				"bytes":	73848,
				"bits_per_second":	590701.33034112211,
				"packets":	51,
				"omitted":	false,
				"sender":	true
			}
		}, {
			"streams":	[{
					"socket":	7,
					"start":	3.00017,
					"end":	4.000073,
					"seconds":	0.99990302324295044,
					"bytes":	59368,
					"bits_per_second":	474990.0629959401,
					"packets":	41,
					"omitted":	false,
					"sender":	true
				}],
			"sum":	{
				"start":	3.00017,
				"end":	4.000073,
				"seconds":	0.99990302324295044,
				"bytes":	59368,
				"bits_per_second":	474990.0629959401,
				"packets":	41,
				"omitted":	false,
				"sender":	true
			}
		}, {
			"streams":	[{
					"socket":	7,
					"start":	4.000073,
					"end":	5.000067,
					"seconds":	0.99999397993087769,
					"bytes":	65160,
					"bits_per_second":	521283.138160524,
					"packets":	45,
					"omitted":	false,
					"sender":	true
				}],
			"sum":	{
				"start":	4.000073,
				"end":	5.000067,
				"seconds":	0.99999397993087769,
				"bytes":	65160,
				"bits_per_second":	521283.138160524,
				"packets":	45,
				"omitted":	false,
				"sender":	true
			}
		}, {
			"streams":	[{
					"socket":	7,
					"start":	5.000067,
					"end":	6.000083,
					"seconds":	1.0000159740447998,
					"bytes":	55024,
					"bits_per_second":	440184.96846559353,
					"packets":	38,
					"omitted":	false,
					"sender":	true
				}],
			"sum":	{
				"start":	5.000067,
				"end":	6.000083,
				"seconds":	1.0000159740447998,
				"bytes":	55024,
				"bits_per_second":	440184.96846559353,
				"packets":	38,
				"omitted":	false,
				"sender":	true
			}
		}, {
			"streams":	[{
					"socket":	7,
					"start":	6.000083,
					"end":	7.000112,
					"seconds":	1.0000289678573608,
					"bytes":	66608,
					"bits_per_second":	532848.56451878813,
					"packets":	46,
					"omitted":	false,
					"sender":	true
				}],
			"sum":	{
				"start":	6.000083,
				"end":	7.000112,
				"seconds":	1.0000289678573608,
				"bytes":	66608,
				"bits_per_second":	532848.56451878813,
				"packets":	46,
				"omitted":	false,
				"sender":	true
			}
		}, {
			"streams":	[{
					"socket":	7,
					"start":	7.000112,
					"end":	8.000116,
					"seconds":	1.0000040531158447,
					"bytes":	60816,
					"bits_per_second":	486526.02805364685,
					"packets":	42,
					"omitted":	false,
					"sender":	true
				}],
			"sum":	{
				"start":	7.000112,
				"end":	8.000116,
				"seconds":	1.0000040531158447,
				"bytes":	60816,
				"bits_per_second":	486526.02805364685,
				"packets":	42,
				"omitted":	false,
				"sender":	true
			}
		}, {
			"streams":	[{
					"socket":	7,
					"start":	8.000116,
					"end":	9.000063,
					"seconds":	0.99994701147079468,
					"bytes":	56472,
					"bits_per_second":	451799.940214327,
					"packets":	39,
					"omitted":	false,
					"sender":	true
				}],
			"sum":	{
				"start":	8.000116,
				"end":	9.000063,
				"seconds":	0.99994701147079468,
				"bytes":	56472,
				"bits_per_second":	451799.940214327,
				"packets":	39,
				"omitted":	false,
				"sender":	true
			}
		}, {
			"streams":	[{
					"socket":	7,
					"start":	9.000063,
					"end":	10.000087,
					"seconds":	1.0000239610671997,
					"bytes":	62264,
					"bits_per_second":	498100.0649908706,
					"packets":	43,
					"omitted":	false,
					"sender":	true
				}],
			"sum":	{
				"start":	9.000063,
				"end":	10.000087,
				"seconds":	1.0000239610671997,
				"bytes":	62264,
				"bits_per_second":	498100.0649908706,
				"packets":	43,
				"omitted":	false,
				"sender":	true
			}
		}, {
			"streams":	[{
					"socket":	7,
					"start":	10.000087,
					"end":	11.000101,
					"seconds":	1.0000139474868774,
					"bytes":	60816,
					"bits_per_second":	486521.21425174864,
					"packets":	42,
					"omitted":	false,
					"sender":	true
				}],
			"sum":	{
				"start":	10.000087,
				"end":	11.000101,
				"seconds":	1.0000139474868774,
				"bytes":	60816,
				"bits_per_second":	486521.21425174864,
				"packets":	42,
				"omitted":	false,
				"sender":	true
			}
		}, {
			"streams":	[{
					"socket":	7,
					"start":	11.000101,
					"end":	12.000099,
					"seconds":	0.99999797344207764,
					"bytes":	66608,
					"bits_per_second":	532865.07988194923,
					"packets":	46,
					"omitted":	false,
					"sender":	true
				}],
			"sum":	{
				"start":	11.000101,
				"end":	12.000099,
				"seconds":	0.99999797344207764,
				"bytes":	66608,
				"bits_per_second":	532865.07988194923,
				"packets":	46,
				"omitted":	false,
				"sender":	true
			}
		}, {
			"streams":	[{
					"socket":	7,
					"start":	12.000099,
					"end":	13.00009,
					"seconds":	0.99999099969863892,
					"bytes":	63712,
					"bits_per_second":	509700.58745889104,
					"packets":	44,
					"omitted":	false,
					"sender":	true
				}],
			"sum":	{
				"start":	12.000099,
				"end":	13.00009,
				"seconds":	0.99999099969863892,
				"bytes":	63712,
				"bits_per_second":	509700.58745889104,
				"packets":	44,
				"omitted":	false,
				"sender":	true
			}
		}, {
			"streams":	[{
					"socket":	7,
					"start":	13.00009,
					"end":	14.000059,
					"seconds":	0.9999690055847168,
					"bytes":	63712,
					"bits_per_second":	509711.79821914877,
					"packets":	44,
					"omitted":	false,
					"sender":	true
				}],
			"sum":	{
				"start":	13.00009,
				"end":	14.000059,
				"seconds":	0.9999690055847168,
				"bytes":	63712,
				"bits_per_second":	509711.79821914877,
				"packets":	44,
				"omitted":	false,
				"sender":	true
			}
		}, {
			"streams":	[{
					"socket":	7,
					"start":	14.000059,
					"end":	15.000111,
					"seconds":	1.0000519752502441,
					"bytes":	57920,
					"bits_per_second":	463335.91799971485,
					"packets":	40,
					"omitted":	false,
					"sender":	true
				}],
			"sum":	{
				"start":	14.000059,
				"end":	15.000111,
				"seconds":	1.0000519752502441,
				"bytes":	57920,
				"bits_per_second":	463335.91799971485,
				"packets":	40,
				"omitted":	false,