{
	"start":	{
		"connected":	[{
				"socket":	7,
				"local_host":	"192.168.42.6",
				"local_port":	41928,
				"remote_host":	"192.168.42.1",
				"remote_port":	5205
			}],
		"version":	"iperf 3.7",
		"system_info":	"Linux rathan-VirtualBox 5.4.0-177-generic #197-Ubuntu SMP Thu Mar 28 22:45:47 UTC 2024 x86_64",
		"timestamp":	{
			"time":	"Wed, 06 Nov 2024 09:05:50 GMT",
			"timesecs":	1730883950
		},
		"connecting_to":	{
			"host":	"192.168.42.1",
			"port":	5205
		},
		"cookie":	"6q6xexinvrseq2hsmctyjd3xtyqwoodztdwq",
		"sock_bufsize":	0,
		"sndbuf_actual":	212992,
		"rcvbuf_actual":	212992,
		"test_start":	{
			"protocol":	"UDP",
			"num_streams":	1,
			"blksize":	1448,
			"omit":	0,
			"duration":	30,
			"bytes":	0,
			"blocks":	0,
			"reverse":	0,
			"tos":	0
		}
	},
	"intervals":	[{
			"streams":	[{
					"socket":	7,
					"start":	0,
					"end":	1.000076,
					"seconds":	1.0000760555267334,
					"bytes":	131768,
					"bits_per_second":	1054063.8326199995,
					"packets":	91,
					"omitted":	false,
					"sender":	true
				}],
			"sum":	{
				"start":	0,
				"end":	1.000076,
				"seconds":	1.0000760555267334,
				"bytes":	131768,
				"bits_per_second":	1054063.8326199995,
				"packets":	91,
				"omitted":	false,
				"sender":	true
			}
		}, {
			"streams":	[{
					"socket":	7,
					"start":	1.000076,
					"end":	2.000094,
					"seconds":	1.0000180006027222,
					"bytes":	82536,
					"bits_per_second":	660276.11463197356,
					"packets":	57,
					"omitted":	false,
					"sender":	true
				}],
			"sum":	{
				"start":	1.000076,
				"end":	2.000094,
				"seconds":	1.0000180006027222,
				"bytes":	82536,
				"bits_per_second":	660276.11463197356,
				"packets":	57,
				"omitted":	false,
				"sender":	true
			}
		}, {
			"streams":	[{
					"socket":	7,
					"start":	2.000094,
					"end":	3.000091,
					"seconds":	0.99999701976776123,
					"bytes":	72400,
					"bits_per_second":	579201.72615565709,
					"packets":	50,
					"omitted":	false,
					"sender":	true
				}],
			"sum":	{
				"start":	2.000094,
				"end":	3.000091,
				"seconds":	0.99999701976776123,
				"bytes":	72400,
				"bits_per_second":	579201.72615565709,
				"packets":	50,
				"omitted":	false,
				"sender":	true
			}
		}, {
			"streams":	[{
					"socket":	7,
					"start":	3.000091,
					"end":	4.000099,
					"seconds":	1.0000079870224,
					"bytes":	60816,
					"bits_per_second":	486524.11412100244,
					"packets":	42,
					"omitted":	false,
					"sender":	true
				}],
			"sum":	{
				"start":	3.000091,
				"end":	4.000099,
				"seconds":	1.0000079870224,
				"bytes":	60816,
				"bits_per_second":	486524.11412100244,
				"packets":	42,
				"omitted":	false,
				"sender":	true
			}
		}, {
			"streams":	[{
					"socket":	7,
					"start":	4.000099,
					"end":	5.000071,
					"seconds":	0.99997198581695557,
					"bytes":	65160,
					"bits_per_second":	521294.60364244651,
					"packets":	45,
					"omitted":	false,
					"sender":	true
				}],
			"sum":	{
				"start":	4.000099,
				"end":	5.000071,
				"seconds":	0.99997198581695557,
				"bytes":	65160,
				"bits_per_second":	521294.60364244651,
				"packets":	45,
				"omitted":	false,
				"sender":	true
			}
		}, {
			"streams":	[{
					"socket":	7,
					"start":	5.000071,
					"end":	6.000092,
					"seconds":	1.0000209808349609,
					"bytes":	55024,
					"bits_per_second":	440182.76459806331,
					"packets":	38,
					"omitted":	false,
					"sender":	true
				}],
			"sum":	{
				"start":	5.000071,
				"end":	6.000092,
				"seconds":	1.0000209808349609,
				"bytes":	55024,
				"bits_per_second":	440182.76459806331,
				"packets":	38,
				"omitted":	false,
				"sender":	true
			}
		}, {
			"streams":	[{
					"socket":	7,
					"start":	6.000092,
					"end":	7.000037,
					"seconds":	0.99994498491287231,
					"bytes":	68056,
					"bits_per_second":	544477.95450210606,
					"packets":	47,
					"omitted":	false,
					"sender":	true
				}],
			"sum":	{
				"start":	6.000092,
				"end":	7.000037,
				"seconds":	0.99994498491287231,
				"bytes":	68056,
				"bits_per_second":	544477.95450210606,
				"packets":	47,
				"omitted":	false,
				"sender":	true
			}
		}, {
			"streams":	[{
					"socket":	7,
					"start":	7.000037,
					"end":	8.000092,
					"seconds":	1.0000549554824829,
					"bytes":	59368,
					"bits_per_second":	474917.90065762959,
					"packets":	41,
					"omitted":	false,
					"sender":	true
				}],
			"sum":	{
				"start":	7.000037,
				"end":	8.000092,
				"seconds":	1.0000549554824829,
				"bytes":	59368,
				"bits_per_second":	474917.90065762959,
				"packets":	41,
				"omitted":	false,
				"sender":	true
			}
		}, {
			"streams":	[{
					"socket":	7,
					"start":	8.000092,
					"end":	9.000011,
					"seconds":	0.99991899728775024,
					"bytes":	56472,
					"bits_per_second":	451812.59804587031,
					"packets":	39,
					"omitted":	false,
					"sender":	true
				}],
			"sum":	{
				"start":	8.000092,
				"end":	9.000011,
				"seconds":	0.99991899728775024,
				"bytes":	56472,
				"bits_per_second":	451812.59804587031,
				"packets":	39,
				"omitted":	false,
				"sender":	true
			}
		}, {
			"streams":	[{
					"socket":	7,
					"start":	9.000011,
					"end":	10.000092,
					"seconds":	1.000080943107605,
					"bytes":	62264,
					"bits_per_second":	498071.68453004409,
					"packets":	43,
					"omitted":	false,
					"sender":	true
				}],
			"sum":	{
				"start":	9.000011,
				"end":	10.000092,
				"seconds":	1.000080943107605,
				"bytes":	62264,
				"bits_per_second":	498071.68453004409,
				"packets":	43,
				"omitted":	false,
				"sender":	true
			}
		}, {
			"streams":	[{
					"socket":	7,
					"start":	10.000092,
					"end":	11.000172,
					"seconds":	1.0000799894332886,
					"bytes":	60816,
					"bits_per_second":	486489.08601370867,
					"packets":	42,
					"omitted":	false,
					"sender":	true
				}],
			"sum":	{
				"start":	10.000092,
				"end":	11.000172,
				"seconds":	1.0000799894332886,
				"bytes":	60816,
				"bits_per_second":	486489.08601370867,
				"packets":	42,
				"omitted":	false,
				"sender":	true
			}
		}, {
			"streams":	[{
					"socket":	7,
					"start":	11.000172,
					"end":	12.00011,
					"seconds":	0.99993801116943359,
					"bytes":	66608,
					"bits_per_second":	532897.03366392909,
					"packets":	46,
					"omitted":	false,
					"sender":	true
				}],
			"sum":	{
				"start":	11.000172,
				"end":	12.00011,
				"seconds":	0.99993801116943359,
				"bytes":	66608,
				"bits_per_second":	532897.03366392909,
				"packets":	46,
				"omitted":	false,
				"sender":	true
			}
		}, {
			"streams":	[{
					"socket":	7,
					"start":	12.00011,
					"end":	13.000095,
					"seconds":	0.9999849796295166,
					"bytes":	63712,
					"bits_per_second":	509703.6559377489,
					"packets":	44,
					"omitted":	false,
					"sender":	true
				}],
			"sum":	{
				"start":	12.00011,
				"end":	13.000095,
				"seconds":	0.9999849796295166,
				"bytes":	63712,
				"bits_per_second":	509703.6559377489,
				"packets":	44,
				"omitted":	false,
				"sender":	true
			}
		}, {
			"streams":	[{
					"socket":	7,
					"start":	13.000095,
					"end":	14.000082,
					"seconds":	0.999987006187439,
					"bytes":	63712,
					"bits_per_second":	509702.62298034487,
					"packets":	44,
					"omitted":	false,
					"sender":	true
				}],
			"sum":	{
				"start":	13.000095,
				"end":	14.000082,
				"seconds":	0.999987006187439,
				"bytes":	63712,
				"bits_per_second":	509702.62298034487,
				"packets":	44,
				"omitted":	false,
				"sender":	true
			}
		}, {
			"streams":	[{
					"socket":	7,
					"start":	14.000082,
					"end":	15.000094,
					"seconds":	1.0000120401382446,
					"bytes":	57920,
					"bits_per_second":	463354.4211487131,
					"packets":	40,
					"omitted":	false,
					"sender":	true
				}],
			"sum":	{
				"start":	14.000082,
				"end":	15.000094,
				"seconds":	1.0000120401382446,
				"bytes":	57920,
				"bits_per_second":	463354.4211487131,
				"packets":	40,
				"omitted":	false,