{
	"start":	{
		"connected":	[{
				"socket":	7,
				"local_host":	"192.168.42.8",
				"local_port":	59639,
				"remote_host":	"192.168.42.1",
				"remote_port":	5207
			}],
		"version":	"iperf 3.7",
		"system_info":	"Linux rathan-VirtualBox 5.4.0-177-generic #197-Ubuntu SMP Thu Mar 28 22:45:47 UTC 2024 x86_64",
		"timestamp":	{
			"time":	"Wed, 06 Nov 2024 09:05:50 GMT",
			"timesecs":	1730883950
		},
		"connecting_to":	{
			"host":	"192.168.42.1",
			"port":	5207
		},
		"cookie":	"ds2km4femuxjpi734fdxumdej72lmdxrwpdu",
		"sock_bufsize":	0,
		"sndbuf_actual":	212992,
		"rcvbuf_actual":	212992,
		"test_start":	{
			"protocol":	"UDP",
			"num_streams":	1,
			"blksize":	1448,
			"omit":	0,
			"duration":	30,
			"bytes":	0,
			"blocks":	0,
			"reverse":	0,
			"tos":	0
		}
	},
	"intervals":	[{
			"streams":	[{
					"socket":	7,
					"start":	0,
					"end":	1.000068,
					"seconds":	1.0000679492950439,
					"bytes":	131768,
					"bits_per_second":	1054072.3765250898,
					"packets":	91,
					"omitted":	false,
					"sender":	true
				}],
			"sum":	{
				"start":	0,
				"end":	1.000068,
				"seconds":	1.0000679492950439,
				"bytes":	131768,
				"bits_per_second":	1054072.3765250898,
				"packets":	91,
				"omitted":	false,
				"sender":	true
			}
		}, {
			"streams":	[{
					"socket":	7,
					"start":	1.000068,
					"end":	2.000108,
					"seconds":	1.0000400543212891,
					"bytes":	81088,
					"bits_per_second":	648678.01764226821,
					"packets":	56,
					"omitted":	false,
					"sender":	true
				}],
			"sum":	{
				"start":	1.000068,
				"end":	2.000108,
				"seconds":	1.0000400543212891,
				"bytes":	81088,
				"bits_per_second":	648678.01764226821,
				"packets":	56,
				"omitted":	false,
				"sender":	true
			}
		}, {
			"streams":	[{
					"socket":	7,
					"start":	2.000108,
					"end":	3.000137,
					"seconds":	1.0000289678573608,
					"bytes":	72400,
					"bits_per_second":	579183.22230303055,
					"packets":	50,
					"omitted":	false,
					"sender":	true
				}],
			"sum":	{
				"start":	2.000108,
				"end":	3.000137,
				"seconds":	1.0000289678573608,
				"bytes":	72400,
				"bits_per_second":	579183.22230303055,
				"packets":	50,
				"omitted":	false,
				"sender":	true
			}
		}, {
			"streams":	[{
					"socket":	7,
					"start":	3.000137,
					"end":	4.000123,
					"seconds":	0.99998599290847778,
					"bytes":	60816,
					"bits_per_second":	486534.8149376816,
					"packets":	42,
					"omitted":	false,
					"sender":	true
				}],
			"sum":	{
				"start":	3.000137,
				"end":	4.000123,
				"seconds":	0.99998599290847778,
				"bytes":	60816,
				"bits_per_second":	486534.8149376816,
				"packets":	42,
				"omitted":	false,
				"sender":	true
			}
		}, {
			"streams":	[{
					"socket":	7,
					"start":	4.000123,
					"end":	5.000267,
					"seconds":	1.0001440048217773,
					"bytes":	65160,
					"bits_per_second":	521204.94397493341,
					"packets":	45,
					"omitted":	false,
					"sender":	true
				}],
			"sum":	{
				"start":	4.000123,
				"end":	5.000267,
				"seconds":	1.0001440048217773,
				"bytes":	65160,
				"bits_per_second":	521204.94397493341,
				"packets":	45,
				"omitted":	false,
				"sender":	true
			}
		}, {
			"streams":	[{
					"socket":	7,
					"start":	5.000267,
					"end":	6.000109,
					"seconds":	0.99984198808670044,
					"bytes":	55024,
					"bits_per_second":	440261.56657248636,
					"packets":	38,
					"omitted":	false,
					"sender":	true
				}],
			"sum":	{
				"start":	5.000267,
				"end":	6.000109,
				"seconds":	0.99984198808670044,
				"bytes":	55024,
				"bits_per_second":	440261.56657248636,
				"packets":	38,
				"omitted":	false,
				"sender":	true
			}
		}, {
			"streams":	[{
					"socket":	7,
					"start":	6.000109,
					"end":	7.000439,
					"seconds":	1.0003299713134766,
					"bytes":	68056,
					"bits_per_second":	544268.40703884559,
					"packets":	47,
					"omitted":	false,
					"sender":	true
				}],
			"sum":	{
				"start":	6.000109,
				"end":	7.000439,
				"seconds":	1.0003299713134766,
				"bytes":	68056,
				"bits_per_second":	544268.40703884559,
				"packets":	47,
				"omitted":	false,
				"sender":	true
			}
		}, {
			"streams":	[{
					"socket":	7,
					"start":	7.000439,
					"end":	8.000217,
					"seconds":	0.99977797269821167,
					"bytes":	59368,
					"bits_per_second":	475049.47395291773,
					"packets":	41,
					"omitted":	false,
					"sender":	true
				}],
			"sum":	{
				"start":	7.000439,
				"end":	8.000217,
				"seconds":	0.99977797269821167,
				"bytes":	59368,
				"bits_per_second":	475049.47395291773,
				"packets":	41,
				"omitted":	false,
				"sender":	true
			}
		}, {
			"streams":	[{
					"socket":	7,
					"start":	8.000217,
					"end":	9.000133,
					"seconds":	0.99991601705551147,
					"bytes":	55024,
					"bits_per_second":	440228.97172529466,
					"packets":	38,
					"omitted":	false,
					"sender":	true
				}],
			"sum":	{
				"start":	8.000217,
				"end":	9.000133,
				"seconds":	0.99991601705551147,
				"bytes":	55024,
				"bits_per_second":	440228.97172529466,
				"packets":	38,
				"omitted":	false,
				"sender":	true
			}
		}, {
			"streams":	[{
					"socket":	7,
					"start":	9.000133,
					"end":	10.000137,
					"seconds":	1.0000040531158447,
					"bytes":	66608,
					"bits_per_second":	532861.84024923225,
					"packets":	46,
					"omitted":	false,
					"sender":	true
				}],
			"sum":	{
				"start":	9.000133,
				"end":	10.000137,
				"seconds":	1.0000040531158447,
				"bytes":	66608,
				"bits_per_second":	532861.84024923225,
				"packets":	46,
				"omitted":	false,
				"sender":	true
			}
		}, {
			"streams":	[{
					"socket":	7,
					"start":	10.000137,
					"end":	11.000111,
					"seconds":	0.99997401237487793,
					"bytes":	57920,
					"bits_per_second":	463372.04193891794,
					"packets":	40,
					"omitted":	false,
					"sender":	true
				}],
			"sum":	{
				"start":	10.000137,
				"end":	11.000111,
				"seconds":	0.99997401237487793,
				"bytes":	57920,
				"bits_per_second":	463372.04193891794,
				"packets":	40,
				"omitted":	false,
				"sender":	true
			}
		}, {
			"streams":	[{
					"socket":	7,
					"start":	11.000111,
					"end":	12.000092,
					"seconds":	0.99998098611831665,
					"bytes":	66608,
					"bits_per_second":	532874.132005698,
					"packets":	46,
					"omitted":	false,
					"sender":	true
				}],
			"sum":	{
				"start":	11.000111,
				"end":	12.000092,
				"seconds":	0.99998098611831665,
				"bytes":	66608,
				"bits_per_second":	532874.132005698,
				"packets":	46,
				"omitted":	false,
				"sender":	true
			}
		}, {
			"streams":	[{
					"socket":	7,
					"start":	12.000092,
					"end":	13.000102,
					"seconds":	1.0000100135803223,
					"bytes":	62264,
					"bits_per_second":	498107.01216542459,
					"packets":	43,
					"omitted":	false,
					"sender":	true
				}],
			"sum":	{
				"start":	12.000092,
				"end":	13.000102,
				"seconds":	1.0000100135803223,
				"bytes":	62264,
				"bits_per_second":	498107.01216542459,
				"packets":	43,
				"omitted":	false,
				"sender":	true
			}
		}, {
			"streams":	[{
					"socket":	7,
					"start":	13.000102,
					"end":	14.000061,
					"seconds":	0.99995899200439453,
					"bytes":	65160,
					"bits_per_second":	521301.37752459868,
					"packets":	45,
					"omitted":	false,
					"sender":	true
				}],
			"sum":	{
				"start":	13.000102,
				"end":	14.000061,
				"seconds":	0.99995899200439453,
				"bytes":	65160,
				"bits_per_second":	521301.37752459868,
				"packets":	45,
				"omitted":	false,
				"sender":	true
			}
		}, {
			"streams":	[{
					"socket":	7,
					"start":	14.000061,
					"end":	15.00009,
					"seconds":	1.0000289678573608,
					"bytes":	59368,
					"bits_per_second":	474930.24228848505,
					"packets":	41,
					"omitted":	false,
					"sender":	true
				}],
			"sum":	{
				"start":	14.000061,
				"end":	15.00009,
				"seconds":	1.0000289678573608,
				"bytes":	59368,
				"bits_per_second":	474930.24228848505,
				"packets":	41,
				"omitted":	false,