{
	"start":	{
		"connected":	[{
				"socket":	7,
				"local_host":	"192.168.42.9",
				"local_port":	51719,
				"remote_host":	"192.168.42.1",
				"remote_port":	5208
			}],
		"version":	"iperf 3.7",
		"system_info":	"Linux rathan-VirtualBox 5.4.0-177-generic #197-Ubuntu SMP Thu Mar 28 22:45:47 UTC 2024 x86_64",
		"timestamp":	{
			"time":	"Wed, 06 Nov 2024 09:05:50 GMT",
			"timesecs":	1730883950
		},
		"connecting_to":	{
			"host":	"192.168.42.1",
			"port":	5208
		},
		"cookie":	"tmg5t35jrrnwz2mfc7op77mi3wu2joyb6j4p",
		"sock_bufsize":	0,
		"sndbuf_actual":	212992,
		"rcvbuf_actual":	212992,
		"test_start":	{
			"protocol":	"UDP",
			"num_streams":	1,
			"blksize":	1448,
			"omit":	0,
			"duration":	30,
			"bytes":	0,
			"blocks":	0,
			"reverse":	0,
			"tos":	0
		}
	},
	"intervals":	[{
			"streams":	[{
					"socket":	7,
					"start":	0,
					"end":	1.000095,
					"seconds":	1.000095009803772,
					"bytes":	120184,
					"bits_per_second":	961380.659412199,
					"packets":	83,
					"omitted":	false,
					"sender":	true
				}],
			"sum":	{
				"start":	0,
				"end":	1.000095,
				"seconds":	1.000095009803772,
				"bytes":	120184,
				"bits_per_second":	961380.659412199,
				"packets":	83,
				"omitted":	false,
				"sender":	true
			}
		}, {
			"streams":	[{
					"socket":	7,
					"start":	1.000095,
					"end":	2.00003,
					"seconds":	0.99993497133255,
					"bytes":	59368,
					"bits_per_second":	474974.88698397274,
					"packets":	41,
					"omitted":	false,
					"sender":	true
				}],
			"sum":	{
				"start":	1.000095,
				"end":	2.00003,
				"seconds":	0.99993497133255,
				"bytes":	59368,
				"bits_per_second":	474974.88698397274,
				"packets":	41,
				"omitted":	false,
				"sender":	true
			}
		}, {
			"streams":	[{
					"socket":	7,
					"start":	2.00003,
					"end":	3.000062,
					"seconds":	1.0000319480895996,
					"bytes":	69504,
					"bits_per_second":	556014.23640735657,
					"packets":	48,
					"omitted":	false,
					"sender":	true
				}],
			"sum":	{
				"start":	2.00003,
				"end":	3.000062,
				"seconds":	1.0000319480895996,
				"bytes":	69504,
				"bits_per_second":	556014.23640735657,
				"packets":	48,
				"omitted":	false,
				"sender":	true
			}
		}, {
			"streams":	[{
					"socket":	7,
					"start":	3.000062,
					"end":	4.001235,
					"seconds":	1.0011730194091797,
					"bytes":	36200,
					"bits_per_second":	289260.69159444695,
					"packets":	25,
					"omitted":	false,
					"sender":	true
				}],
			"sum":	{
				"start":	3.000062,
				"end":	4.001235,
				"seconds":	1.0011730194091797,
				"bytes":	36200,
				"bits_per_second":	289260.69159444695,
				"packets":	25,
				"omitted":	false,
				"sender":	true
			}
		}, {
			"streams":	[{
					"socket":	7,
					"start":	4.001235,
					"end":	5.000076,
					"seconds":	0.99884098768234253,
					"bytes":	68056,
					"bits_per_second":	545079.75414916454,
					"packets":	47,
					"omitted":	false,
					"sender":	true
				}],
			"sum":	{
				"start":	4.001235,
				"end":	5.000076,
				"seconds":	0.99884098768234253,
				"bytes":	68056,
				"bits_per_second":	545079.75414916454,
				"packets":	47,
				"omitted":	false,
				"sender":	true
			}
		}, {
			"streams":	[{
					"socket":	7,
					"start":	5.000076,
					"end":	6.000116,
					"seconds":	1.0000400543212891,
					"bytes":	44888,
					"bits_per_second":	359089.61690911278,
					"packets":	31,
					"omitted":	false,
					"sender":	true
				}],
			"sum":	{
				"start":	5.000076,
				"end":	6.000116,
				"seconds":	1.0000400543212891,
				"bytes":	44888,
				"bits_per_second":	359089.61690911278,
				"packets":	31,
				"omitted":	false,
				"sender":	true
			}
		}, {
			"streams":	[{
					"socket":	7,
					"start":	6.000116,
					"end":	7.000099,
					"seconds":	0.999983012676239,
					"bytes":	62264,
					"bits_per_second":	498120.46173355542,
					"packets":	43,
					"omitted":	false,
					"sender":	true
				}],
			"sum":	{
				"start":	6.000116,
				"end":	7.000099,
				"seconds":	0.999983012676239,
				"bytes":	62264,
				"bits_per_second":	498120.46173355542,
				"packets":	43,
				"omitted":	false,
				"sender":	true
			}
		}, {
			"streams":	[{
					"socket":	7,
					"start":	7.000099,
					"end":	8.000221,
					"seconds":	1.0001219511032104,
					"bytes":	68056,
					"bits_per_second":	544381.61206184153,
					"packets":	47,
					"omitted":	false,
					"sender":	true
				}],
			"sum":	{
				"start":	7.000099,
				"end":	8.000221,
				"seconds":	1.0001219511032104,
				"bytes":	68056,
				"bits_per_second":	544381.61206184153,
				"packets":	47,
				"omitted":	false,
				"sender":	true
			}
		}, {
			"streams":	[{
					"socket":	7,
					"start":	8.000221,
					"end":	9.000085,
					"seconds":	0.99986398220062256,
					"bytes":	68056,
					"bits_per_second":	544522.064692952,
					"packets":	47,
					"omitted":	false,
					"sender":	true
				}],
			"sum":	{
				"start":	8.000221,
				"end":	9.000085,
				"seconds":	0.99986398220062256,
				"bytes":	68056,
				"bits_per_second":	544522.064692952,
				"packets":	47,
				"omitted":	false,
				"sender":	true
			}
		}, {
			"streams":	[{
					"socket":	7,
					"start":	9.000085,
					"end":	10.000034,
					"seconds":	0.99994897842407227,
					"bytes":	68056,
					"bits_per_second":	544475.78001235076,
					"packets":	47,
					"omitted":	false,
					"sender":	true
				}],
			"sum":	{
				"start":	9.000085,
				"end":	10.000034,
				"seconds":	0.99994897842407227,
				"bytes":	68056,
				"bits_per_second":	544475.78001235076,
				"packets":	47,
				"omitted":	false,
				"sender":	true
			}
		}, {
			"streams":	[{
					"socket":	7,
					"start":	10.000034,
					"end":	11.000409,
					"seconds":	1.0003750324249268,
					"bytes":	68056,
					"bits_per_second":	544243.89089384652,
					"packets":	47,
					"omitted":	false,
					"sender":	true
				}],
			"sum":	{
				"start":	10.000034,
				"end":	11.000409,
				"seconds":	1.0003750324249268,
				"bytes":	68056,
				"bits_per_second":	544243.89089384652,
				"packets":	47,
				"omitted":	false,
				"sender":	true
			}
		}, {
			"streams":	[{
					"socket":	7,
					"start":	11.000409,
					"end":	12.000247,
					"seconds":	0.99983799457550049,
					"bytes":	68056,
					"bits_per_second":	544536.21782112343,
					"packets":	47,
					"omitted":	false,
					"sender":	true
				}],
			"sum":	{
				"start":	11.000409,
				"end":	12.000247,
				"seconds":	0.99983799457550049,
				"bytes":	68056,
				"bits_per_second":	544536.21782112343,
				"packets":	47,
				"omitted":	false,
				"sender":	true
			}
		}, {
			"streams":	[{
					"socket":	7,
					"start":	12.000247,
					"end":	13.000078,
					"seconds":	0.99983102083206177,
					"bytes":	56472,
					"bits_per_second":	451852.35363474814,
					"packets":	39,
					"omitted":	false,
					"sender":	true
				}],
			"sum":	{
				"start":	12.000247,
				"end":	13.000078,
				"seconds":	0.99983102083206177,
				"bytes":	56472,
				"bits_per_second":	451852.35363474814,
				"packets":	39,
				"omitted":	false,
				"sender":	true
			}
		}, {
			"streams":	[{
					"socket":	7,
					"start":	13.000078,
					"end":	14.000108,
					"seconds":	1.0000300407409668,
					"bytes":	62264,
					"bits_per_second":	498097.0367959413,
					"packets":	43,
					"omitted":	false,
					"sender":	true
				}],
			"sum":	{
				"start":	13.000078,
				"end":	14.000108,
				"seconds":	1.0000300407409668,
				"bytes":	62264,
				"bits_per_second":	498097.0367959413,
				"packets":	43,
				"omitted":	false,
				"sender":	true
			}
		}, {
			"streams":	[{
					"socket":	7,
					"start":	14.000108,
					"end":	15.000093,
					"seconds":	0.9999849796295166,
					"bytes":	41992,
					"bits_per_second":	335941.04595897091,
					"packets":	29,
					"omitted":	false,
					"sender":	true
				}],
			"sum":	{
				"start":	14.000108,
				"end":	15.000093,
				"seconds":	0.9999849796295166,
				"bytes":	41992,
				"bits_per_second":	335941.04595897091,
				"packets":	29,
				"omitted":	false,