{
	"start":	{
		"connected":	[{
				"socket":	7,
				"local_host":	"192.168.42.10",
				"local_port":	55070,
				"remote_host":	"192.168.42.1",
				"remote_port":	5209
			}],
		"version":	"iperf 3.7",
		"system_info":	"Linux rathan-VirtualBox 5.4.0-177-generic #197-Ubuntu SMP Thu Mar 28 22:45:47 UTC 2024 x86_64",
		"timestamp":	{
			"time":	"Wed, 06 Nov 2024 09:05:50 GMT",
			"timesecs":	1730883950
		},
		"connecting_to":	{
			"host":	"192.168.42.1",
			"port":	5209
		},
		"cookie":	"y6s7qelsnnjohtaphk233b6qvcxtmehf4mye",
		"sock_bufsize":	0,
		"sndbuf_actual":	212992,
		"rcvbuf_actual":	212992,
		"test_start":	{
			"protocol":	"UDP",
			"num_streams":	1,
			"blksize":	1448,
			"omit":	0,
			"duration":	30,
			"bytes":	0,
			"blocks":	0,
			"reverse":	0,
			"tos":	0
		}
	},
	"intervals":	[{
			"streams":	[{
					"socket":	7,
					"start":	0,
					"end":	1.000077,
					"seconds":	1.0000770092010498,
					"bytes":	131768,
					"bits_per_second":	1054062.8274638008,
					"packets":	91,
					"omitted":	false,
					"sender":	true
				}],
			"sum":	{
				"start":	0,
				"end":	1.000077,
				"seconds":	1.0000770092010498,
				"bytes":	131768,
				"bits_per_second":	1054062.8274638008,
				"packets":	91,
				"omitted":	false,
				"sender":	true
			}
		}, {
			"streams":	[{
					"socket":	7,
					"start":	1.000077,
					"end":	2.000244,
					"seconds":	1.0001670122146606,
					"bytes":	81088,
					"bits_per_second":	648595.67659963178,
					"packets":	56,
					"omitted":	false,
					"sender":	true
				}],
			"sum":	{
				"start":	1.000077,
				"end":	2.000244,
				"seconds":	1.0001670122146606,
				"bytes":	81088,
				"bits_per_second":	648595.67659963178,
				"packets":	56,
				"omitted":	false,
				"sender":	true
			}
		}, {
			"streams":	[{
					"socket":	7,
					"start":	2.000244,
					"end":	3.000083,
					"seconds":	0.99983900785446167,
					"bytes":	72400,
					"bits_per_second":	579293.26166509138,
					"packets":	50,
					"omitted":	false,
					"sender":	true
				}],
			"sum":	{
				"start":	2.000244,
				"end":	3.000083,
				"seconds":	0.99983900785446167,
				"bytes":	72400,
				"bits_per_second":	579293.26166509138,
				"packets":	50,
				"omitted":	false,
				"sender":	true
			}
		}, {
			"streams":	[{
					"socket":	7,
					"start":	3.000083,
					"end":	4.000082,
					"seconds":	0.99999898672103882,
					"bytes":	59368,
					"bits_per_second":	474944.4812512506,
					"packets":	41,
					"omitted":	false,
					"sender":	true
				}],
			"sum":	{
				"start":	3.000083,
				"end":	4.000082,
				"seconds":	0.99999898672103882,
				"bytes":	59368,
				"bits_per_second":	474944.4812512506,
				"packets":	41,
				"omitted":	false,
				"sender":	true
			}
		}, {
			"streams":	[{
					"socket":	7,
					"start":	4.000082,
					"end":	5.000189,
					"seconds":	1.0001070499420166,
					"bytes":	66608,
					"bits_per_second":	532806.9630455,
					"packets":	46,
					"omitted":	false,
					"sender":	true
				}],
			"sum":	{
				"start":	4.000082,
				"end":	5.000189,
				"seconds":	1.0001070499420166,
				"bytes":	66608,
				"bits_per_second":	532806.9630455,
				"packets":	46,
				"omitted":	false,
				"sender":	true
			}
		}, {
			"streams":	[{
					"socket":	7,
					"start":	5.000189,
					"end":	6.000066,
					"seconds":	0.99987697601318359,
					"bytes":	55024,
					"bits_per_second":	440246.16083788691,
					"packets":	38,
					"omitted":	false,
					"sender":	true
				}],
			"sum":	{
				"start":	5.000189,
				"end":	6.000066,
				"seconds":	0.99987697601318359,
				"bytes":	55024,
				"bits_per_second":	440246.16083788691,
				"packets":	38,
				"omitted":	false,
				"sender":	true
			}
		}, {
			"streams":	[{
					"socket":	7,
					"start":	6.000066,
					"end":	7.00005,
					"seconds":	0.9999840259552002,
					"bytes":	68056,
					"bits_per_second":	544456.69717567228,
					"packets":	47,
					"omitted":	false,
					"sender":	true
				}],
			"sum":	{
				"start":	6.000066,
				"end":	7.00005,
				"seconds":	0.9999840259552002,
				"bytes":	68056,
				"bits_per_second":	544456.69717567228,
				"packets":	47,
				"omitted":	false,
				"sender":	true
			}
		}, {
			"streams":	[{
					"socket":	7,
					"start":	7.00005,
					"end":	8.000143,
					"seconds":	1.0000929832458496,
					"bytes":	57920,
					"bits_per_second":	463316.91928898747,
					"packets":	40,
					"omitted":	false,
					"sender":	true
				}],
			"sum":	{
				"start":	7.00005,
				"end":	8.000143,
				"seconds":	1.0000929832458496,
				"bytes":	57920,
				"bits_per_second":	463316.91928898747,
				"packets":	40,
				"omitted":	false,
				"sender":	true
			}
		}, {
			"streams":	[{
					"socket":	7,
					"start":	8.000143,
					"end":	9.000095,
					"seconds":	0.99995201826095581,
					"bytes":	56472,
					"bits_per_second":	451797.67803828843,
					"packets":	39,
					"omitted":	false,
					"sender":	true
				}],
			"sum":	{
				"start":	8.000143,
				"end":	9.000095,
				"seconds":	0.99995201826095581,
				"bytes":	56472,
				"bits_per_second":	451797.67803828843,
				"packets":	39,
				"omitted":	false,
				"sender":	true
			}
		}, {
			"streams":	[{
					"socket":	7,
					"start":	9.000095,
					"end":	10.000063,
					"seconds":	0.99996799230575562,
					"bytes":	65160,
					"bits_per_second":	521296.68550492026,
					"packets":	45,
					"omitted":	false,
					"sender":	true
				}],
			"sum":	{
				"start":	9.000095,
				"end":	10.000063,
				"seconds":	0.99996799230575562,
				"bytes":	65160,
				"bits_per_second":	521296.68550492026,
				"packets":	45,
				"omitted":	false,
				"sender":	true
			}
		}, {
			"streams":	[{
					"socket":	7,
					"start":	10.000063,
					"end":	11.000051,
					"seconds":	0.99998801946640015,
					"bytes":	59368,
					"bits_per_second":	474949.69015072112,
					"packets":	41,
					"omitted":	false,
					"sender":	true
				}],
			"sum":	{
				"start":	10.000063,
				"end":	11.000051,
				"seconds":	0.99998801946640015,
				"bytes":	59368,
				"bits_per_second":	474949.69015072112,
				"packets":	41,
				"omitted":	false,
				"sender":	true
			}
		}, {
			"streams":	[{
					"socket":	7,
					"start":	11.000051,
					"end":	12.000221,
					"seconds":	1.0001699924468994,
					"bytes":	65160,
					"bits_per_second":	521191.40139837336,
					"packets":	45,
					"omitted":	false,
					"sender":	true
				}],
			"sum":	{
				"start":	11.000051,
				"end":	12.000221,
				"seconds":	1.0001699924468994,
				"bytes":	65160,
				"bits_per_second":	521191.40139837336,
				"packets":	45,
				"omitted":	false,
				"sender":	true
			}
		}, {
			"streams":	[{
					"socket":	7,
					"start":	12.000221,
					"end":	13.000084,
					"seconds":	0.99986302852630615,
					"bytes":	63712,
					"bits_per_second":	509765.82337606658,
					"packets":	44,
					"omitted":	false,
					"sender":	true
				}],
			"sum":	{
				"start":	12.000221,
				"end":	13.000084,
				"seconds":	0.99986302852630615,
				"bytes":	63712,
				"bits_per_second":	509765.82337606658,
				"packets":	44,
				"omitted":	false,
				"sender":	true
			}
		}, {
			"streams":	[{
					"socket":	7,
					"start":	13.000084,
					"end":	14.000067,
					"seconds":	0.999983012676239,
					"bytes":	65160,
					"bits_per_second":	521288.855302558,
					"packets":	45,
					"omitted":	false,
					"sender":	true
				}],
			"sum":	{
				"start":	13.000084,
				"end":	14.000067,
				"seconds":	0.999983012676239,
				"bytes":	65160,
				"bits_per_second":	521288.855302558,
				"packets":	45,
				"omitted":	false,
				"sender":	true
			}
		}, {
			"streams":	[{
					"socket":	7,
					"start":	14.000067,
					"end":	15.000102,
					"seconds":	1.0000350475311279,
					"bytes":	57920,
					"bits_per_second":	463343.76094511535,
					"packets":	40,
					"omitted":	false,
					"sender":	true
				}],
			"sum":	{
				"start":	14.000067,
				"end":	15.000102,
				"seconds":	1.0000350475311279,
				"bytes":	57920,
				"bits_per_second":	463343.76094511535,
				"packets":	40,
				"omitted":	false,