{
	"start":	{
		"connected":	[{
				"socket":	7,
				"local_host":	"192.168.42.12",
				"local_port":	39992,
				"remote_host":	"192.168.42.1",
				"remote_port":	5211
			}],
		"version":	"iperf 3.7",
		"system_info":	"Linux rathan-VirtualBox 5.4.0-177-generic #197-Ubuntu SMP Thu Mar 28 22:45:47 UTC 2024 x86_64",
		"timestamp":	{
			"time":	"Thu, 07 Nov 2024 09:00:14 GMT",
			"timesecs":	1730970014
		},
		"connecting_to":	{
			"host":	"192.168.42.1",
			"port":	5211
		},
		"cookie":	"4iitcp3buu64j5biseali5pvmozzyupnjofk",
		"tcp_mss_default":	1448,
		"sock_bufsize":	0,
		"sndbuf_actual":	87380,
		"rcvbuf_actual":	87380,
		"test_start":	{
			"protocol":	"TCP",
			"num_streams":	1,
			"blksize":	131072,
			"omit":	0,
			"duration":	30,
			"bytes":	0,
			"blocks":	0,
			"reverse":	0,
			"tos":	0
		}
	},
	"intervals":	[{
			"streams":	[{
					"socket":	7,
					"start":	0,
					"end":	1.003199,
					"seconds":	1.0031989812850952,
					"bytes":	95568,
					"bits_per_second":	762106.03705021832,
					"retransmits":	2,
					"snd_cwnd":	14480,
					"rtt":	469702,
					"rttvar":	416453,
					"pmtu":	1500,
					"omitted":	false,
					"sender":	true
				}],
			"sum":	{
				"start":	0,
				"end":	1.003199,
				"seconds":	1.0031989812850952,
				"bytes":	95568,
				"bits_per_second":	762106.03705021832,
				"retransmits":	2,
				"omitted":	false,
				"sender":	true
			}
		}, {
			"streams":	[{
					"socket":	7,
					"start":	1.003199,
					"end":	2.001068,
					"seconds":	0.99786901473999023,
					"bytes":	43440,
					"bits_per_second":	348262.14149013493,
					"retransmits":	2,
					"snd_cwnd":	5792,
					"rtt":	280575,
					"rttvar":	91526,
					"pmtu":	1500,
					"omitted":	false,
					"sender":	true
				}],
			"sum":	{
				"start":	1.003199,
				"end":	2.001068,
				"seconds":	0.99786901473999023,
				"bytes":	43440,
				"bits_per_second":	348262.14149013493,
				"retransmits":	2,
				"omitted":	false,
				"sender":	true
			}
		}, {
			"streams":	[{
					"socket":	7,
					"start":	2.001068,
					"end":	3.002296,
					"seconds":	1.0012279748916626,
					"bytes":	0,
					"bits_per_second":	0,
					"retransmits":	0,
					"snd_cwnd":	11584,
					"rtt":	296776,
					"rttvar":	75488,
					"pmtu":	1500,
					"omitted":	false,
					"sender":	true
				}],
			"sum":	{
				"start":	2.001068,
				"end":	3.002296,
				"seconds":	1.0012279748916626,
				"bytes":	0,
				"bits_per_second":	0,
				"retransmits":	0,
				"omitted":	false,
				"sender":	true
			}
		}, {
			"streams":	[{
					"socket":	7,
					"start":	3.002296,
					"end":	4.000995,
					"seconds":	0.99869900941848755,
					"bytes":	73848,
					"bits_per_second":	591553.6056694357,
					"retransmits":	2,
					"snd_cwnd":	4344,
					"rtt":	249185,
					"rttvar":	45063,
					"pmtu":	1500,
					"omitted":	false,
					"sender":	true
				}],
			"sum":	{
				"start":	3.002296,
				"end":	4.000995,
				"seconds":	0.99869900941848755,
				"bytes":	73848,
				"bits_per_second":	591553.6056694357,
				"retransmits":	2,
				"omitted":	false,
				"sender":	true
			}
		}, {
			"streams":	[{
					"socket":	7,
					"start":	4.000995,
					"end":	5.001056,
					"seconds":	1.00006103515625,
					"bytes":	0,
					"bits_per_second":	0,
					"retransmits":	0,
					"snd_cwnd":	11584,
					"rtt":	232647,
					"rttvar":	22006,
					"pmtu":	1500,
					"omitted":	false,
					"sender":	true
				}],
			"sum":	{
				"start":	4.000995,
				"end":	5.001056,
				"seconds":	1.00006103515625,
				"bytes":	0,
				"bits_per_second":	0,
				"retransmits":	0,
				"omitted":	false,
				"sender":	true
			}
		}, {
			"streams":	[{
					"socket":	7,
					"start":	5.001056,
					"end":	6.002268,
					"seconds":	1.0012120008468628,
					"bytes":	0,
					"bits_per_second":	0,
					"retransmits":	2,
					"snd_cwnd":	7240,
					"rtt":	232668,
					"rttvar":	46465,
					"pmtu":	1500,
					"omitted":	false,
					"sender":	true
				}],
			"sum":	{
				"start":	5.001056,
				"end":	6.002268,
				"seconds":	1.0012120008468628,
				"bytes":	0,
				"bits_per_second":	0,
				"retransmits":	2,
				"omitted":	false,
				"sender":	true
			}
		}, {
			"streams":	[{
					"socket":	7,
					"start":	6.002268,
					"end":	7.000962,
					"seconds":	0.99869400262832642,
					"bytes":	98464,
					"bits_per_second":	788742.095103133,
					"retransmits":	1,
					"snd_cwnd":	7240,
					"rtt":	243727,
					"rttvar":	40213,
					"pmtu":	1500,
					"omitted":	false,
					"sender":	true
				}],
			"sum":	{
				"start":	6.002268,
				"end":	7.000962,
				"seconds":	0.99869400262832642,
				"bytes":	98464,
				"bits_per_second":	788742.095103133,
				"retransmits":	1,
				"omitted":	false,
				"sender":	true
			}
		}, {
			"streams":	[{
					"socket":	7,
					"start":	7.000962,
					"end":	8.002027,
					"seconds":	1.0010650157928467,
					"bytes":	0,
					"bits_per_second":	0,
					"retransmits":	2,
					"snd_cwnd":	4344,
					"rtt":	273077,
					"rttvar":	58135,
					"pmtu":	1500,
					"omitted":	false,
					"sender":	true
				}],
			"sum":	{
				"start":	7.000962,
				"end":	8.002027,
				"seconds":	1.0010650157928467,
				"bytes":	0,
				"bits_per_second":	0,
				"retransmits":	2,
				"omitted":	false,
				"sender":	true
			}
		}, {
			"streams":	[{
					"socket":	7,
					"start":	8.002027,
					"end":	9.00246,
					"seconds":	1.0004329681396484,
					"bytes":	0,
					"bits_per_second":	0,
					"retransmits":	1,
					"snd_cwnd":	5792,
					"rtt":	275750,
					"rttvar":	75761,
					"pmtu":	1500,
					"omitted":	false,
					"sender":	true
				}],
			"sum":	{
				"start":	8.002027,
				"end":	9.00246,
				"seconds":	1.0004329681396484,
				"bytes":	0,
				"bits_per_second":	0,
				"retransmits":	1,
				"omitted":	false,
				"sender":	true
			}
		}, {
			"streams":	[{
					"socket":	7,
					"start":	9.00246,
					"end":	10.001735,
					"seconds":	0.99927502870559692,
					"bytes":	0,
					"bits_per_second":	0,
					"retransmits":	0,
					"snd_cwnd":	7240,
					"rtt":	254658,
					"rttvar":	45961,
					"pmtu":	1500,
					"omitted":	false,
					"sender":	true
				}],
			"sum":	{
				"start":	9.00246,
				"end":	10.001735,
				"seconds":	0.99927502870559692,
				"bytes":	0,
				"bits_per_second":	0,
				"retransmits":	0,
				"omitted":	false,
				"sender":	true
			}
		}, {
			"streams":	[{
					"socket":	7,
					"start":	10.001735,
					"end":	11.000634,
					"seconds":	0.998898983001709,
					"bytes":	0,
					"bits_per_second":	0,
					"retransmits":	1,
					"snd_cwnd":	4344,
					"rtt":	246867,
					"rttvar":	48440,
					"pmtu":	1500,
					"omitted":	false,
					"sender":	true
				}],
			"sum":	{
				"start":	10.001735,
				"end":	11.000634,
				"seconds":	0.998898983001709,
				"bytes":	0,
				"bits_per_second":	0,
				"retransmits":	1,
				"omitted":	false,
				"sender":	true
			}
		}, {
			"streams":	[{
					"socket":	7,
					"start":	11.000634,
					"end":	12.001167,
					"seconds":	1.0005329847335815,
					"bytes":	65160,
					"bits_per_second":	521002.31372062623,
					"retransmits":	1,
					"snd_cwnd":	5792,
					"rtt":	263799,
					"rttvar":	47942,
					"pmtu":	1500,
					"omitted":	false,
					"sender":	true
				}],
			"sum":	{
				"start":	11.000634,
				"end":	12.001167,
				"seconds":	1.0005329847335815,
				"bytes":	65160,
				"bits_per_second":	521002.31372062623,
				"retransmits":	1,
				"omitted":	false,
				"sender":	true
			}
		}, {
			"streams":	[{
					"socket":	7,
					"start":	12.001167,
					"end":	13.001179,
					"seconds":	1.0000120401382446,
					"bytes":	0,
					"bits_per_second":	0,
					"retransmits":	3,
					"snd_cwnd":	2896,
					"rtt":	261005,
					"rttvar":	46727,
					"pmtu":	1500,
					"omitted":	false,
					"sender":	true
				}],
			"sum":	{
				"start":	12.001167,
				"end":	13.001179,
				"seconds":	1.0000120401382446,
				"bytes":	0,
				"bits_per_second":	0,
				"retransmits":	3,
				"omitted":	false,
				"sender":	true
			}
		}, {
			"streams":	[{
					"socket":	7,
					"start":	13.001179,
					"end":	14.002045,