{
	"start":	{
		"connected":	[{
				"socket":	7,
				"local_host":	"192.168.42.11",
				"local_port":	33262,
				"remote_host":	"192.168.42.1",
				"remote_port":	5210
			}],
		"version":	"iperf 3.7",
		"system_info":	"Linux rathan-VirtualBox 5.4.0-177-generic #197-Ubuntu SMP Thu Mar 28 22:45:47 UTC 2024 x86_64",
		"timestamp":	{
			"time":	"Thu, 07 Nov 2024 09:00:14 GMT",
			"timesecs":	1730970014
		},
		"connecting_to":	{
			"host":	"192.168.42.1",
			"port":	5210
		},
		"cookie":	"2l4dk6dg24f3elfck5ofqbj24zpsgbzxiyrq",
		"tcp_mss_default":	1448,
		"sock_bufsize":	0,
		"sndbuf_actual":	87380,
		"rcvbuf_actual":	87380,
		"test_start":	{
			"protocol":	"TCP",
			"num_streams":	1,
			"blksize":	131072,
			"omit":	0,
			"duration":	30,
			"bytes":	0,
			"blocks":	0,
			"reverse":	0,
			"tos":	0
		}
	},
	"intervals":	[{
			"streams":	[{
					"socket":	7,
					"start":	0,
					"end":	1.001659,
					"seconds":	1.0016590356826782,
					"bytes":	166520,
					"bits_per_second":	1329953.559588338,
					"retransmits":	1,
					"snd_cwnd":	20272,
					"rtt":	157330,
					"rttvar":	14367,
					"pmtu":	1500,
					"omitted":	false,
					"sender":	true
				}],
			"sum":	{
				"start":	0,
				"end":	1.001659,
				"seconds":	1.0016590356826782,
				"bytes":	166520,
				"bits_per_second":	1329953.559588338,
				"retransmits":	1,
				"omitted":	false,
				"sender":	true
			}
		}, {
			"streams":	[{
					"socket":	7,
					"start":	1.001659,
					"end":	2.000403,
					"seconds":	0.998744010925293,
					"bytes":	82536,
					"bits_per_second":	661118.35743402538,
					"retransmits":	0,
					"snd_cwnd":	20272,
					"rtt":	192202,
					"rttvar":	33794,
					"pmtu":	1500,
					"omitted":	false,
					"sender":	true
				}],
			"sum":	{
				"start":	1.001659,
				"end":	2.000403,
				"seconds":	0.998744010925293,
				"bytes":	82536,
				"bits_per_second":	661118.35743402538,
				"retransmits":	0,
				"omitted":	false,
				"sender":	true
			}
		}, {
			"streams":	[{
					"socket":	7,
					"start":	2.000403,
					"end":	3.000641,
					"seconds":	1.0002379417419434,
					"bytes":	0,
					"bits_per_second":	0,
					"retransmits":	0,
					"snd_cwnd":	20272,
					"rtt":	213970,
					"rttvar":	14475,
					"pmtu":	1500,
					"omitted":	false,
					"sender":	true
				}],
			"sum":	{
				"start":	2.000403,
				"end":	3.000641,
				"seconds":	1.0002379417419434,
				"bytes":	0,
				"bits_per_second":	0,
				"retransmits":	0,
				"omitted":	false,
				"sender":	true
			}
		}, {
			"streams":	[{
					"socket":	7,
					"start":	3.000641,
					"end":	4.003352,
					"seconds":	1.0027110576629639,
					"bytes":	0,
					"bits_per_second":	0,
					"retransmits":	0,
					"snd_cwnd":	20272,
					"rtt":	203130,
					"rttvar":	7929,
					"pmtu":	1500,
					"omitted":	false,
					"sender":	true
				}],
			"sum":	{
				"start":	3.000641,
				"end":	4.003352,
				"seconds":	1.0027110576629639,
				"bytes":	0,
				"bits_per_second":	0,
				"retransmits":	0,
				"omitted":	false,
				"sender":	true
			}
		}, {
			"streams":	[{
					"socket":	7,
					"start":	4.003352,
					"end":	5.000428,
					"seconds":	0.99707597494125366,
					"bytes":	63712,
					"bits_per_second":	511190.73451752821,
					"retransmits":	0,
					"snd_cwnd":	20272,
					"rtt":	221945,
					"rttvar":	16879,
					"pmtu":	1500,
					"omitted":	false,
					"sender":	true
				}],
			"sum":	{
				"start":	4.003352,
				"end":	5.000428,
				"seconds":	0.99707597494125366,
				"bytes":	63712,
				"bits_per_second":	511190.73451752821,
				"retransmits":	0,
				"omitted":	false,
				"sender":	true
			}
		}, {
			"streams":	[{
					"socket":	7,
					"start":	5.000428,
					"end":	6.001824,
					"seconds":	1.0013959407806396,
					"bytes":	0,
					"bits_per_second":	0,
					"retransmits":	0,
					"snd_cwnd":	20272,
					"rtt":	219090,
					"rttvar":	6436,
					"pmtu":	1500,
					"omitted":	false,
					"sender":	true
				}],
			"sum":	{
				"start":	5.000428,
				"end":	6.001824,
				"seconds":	1.0013959407806396,
				"bytes":	0,
				"bits_per_second":	0,
				"retransmits":	0,
				"omitted":	false,
				"sender":	true
			}
		}, {
			"streams":	[{
					"socket":	7,
					"start":	6.001824,
					"end":	7.001086,
					"seconds":	0.99926197528839111,
					"bytes":	0,
					"bits_per_second":	0,
					"retransmits":	2,
					"snd_cwnd":	7240,
					"rtt":	242840,
					"rttvar":	53961,
					"pmtu":	1500,
					"omitted":	false,
					"sender":	true
				}],
			"sum":	{
				"start":	6.001824,
				"end":	7.001086,
				"seconds":	0.99926197528839111,
				"bytes":	0,
				"bits_per_second":	0,
				"retransmits":	2,
				"omitted":	false,
				"sender":	true
			}
		}, {
			"streams":	[{
					"socket":	7,
					"start":	7.001086,
					"end":	8.000767,
					"seconds":	0.99968099594116211,
					"bytes":	115840,
					"bits_per_second":	927015.72177785367,
					"retransmits":	1,
					"snd_cwnd":	7240,
					"rtt":	242571,
					"rttvar":	33270,
					"pmtu":	1500,
					"omitted":	false,
					"sender":	true
				}],
			"sum":	{
				"start":	7.001086,
				"end":	8.000767,
				"seconds":	0.99968099594116211,
				"bytes":	115840,
				"bits_per_second":	927015.72177785367,
				"retransmits":	1,
				"omitted":	false,
				"sender":	true
			}
		}, {
			"streams":	[{
					"socket":	7,
					"start":	8.000767,
					"end":	9.001018,
					"seconds":	1.0002510547637939,
					"bytes":	0,
					"bits_per_second":	0,
					"retransmits":	1,
					"snd_cwnd":	10136,
					"rtt":	232212,
					"rttvar":	27880,
					"pmtu":	1500,
					"omitted":	false,
					"sender":	true
				}],
			"sum":	{
				"start":	8.000767,
				"end":	9.001018,
				"seconds":	1.0002510547637939,
				"bytes":	0,
				"bits_per_second":	0,
				"retransmits":	1,
				"omitted":	false,
				"sender":	true
			}
		}, {
			"streams":	[{
					"socket":	7,
					"start":	9.001018,
					"end":	10.001719,
					"seconds":	1.0007009506225586,
					"bytes":	0,
					"bits_per_second":	0,
					"retransmits":	0,
					"snd_cwnd":	11584,
					"rtt":	199746,
					"rttvar":	17965,
					"pmtu":	1500,
					"omitted":	false,
					"sender":	true
				}],
			"sum":	{
				"start":	9.001018,
				"end":	10.001719,
				"seconds":	1.0007009506225586,
				"bytes":	0,
				"bits_per_second":	0,
				"retransmits":	0,
				"omitted":	false,
				"sender":	true
			}
		}, {
			"streams":	[{
					"socket":	7,
					"start":	10.001719,
					"end":	11.001663,
					"seconds":	0.99994397163391113,
					"bytes":	0,
					"bits_per_second":	0,
					"retransmits":	0,
					"snd_cwnd":	11584,
					"rtt":	204399,
					"rttvar":	17470,
					"pmtu":	1500,
					"omitted":	false,
					"sender":	true
				}],
			"sum":	{
				"start":	10.001719,
				"end":	11.001663,
				"seconds":	0.99994397163391113,
				"bytes":	0,
				"bits_per_second":	0,
				"retransmits":	0,
				"omitted":	false,
				"sender":	true
			}
		}, {
			"streams":	[{
					"socket":	7,
					"start":	11.001663,
					"end":	12.000593,
					"seconds":	0.99892997741699219,
					"bytes":	60816,
					"bits_per_second":	487049.15359337977,
					"retransmits":	0,
					"snd_cwnd":	11584,
					"rtt":	209172,
					"rttvar":	8634,
					"pmtu":	1500,
					"omitted":	false,
					"sender":	true
				}],
			"sum":	{
				"start":	11.001663,
				"end":	12.000593,
				"seconds":	0.99892997741699219,
				"bytes":	60816,
				"bits_per_second":	487049.15359337977,
				"retransmits":	0,
				"omitted":	false,
				"sender":	true
			}
		}, {
			"streams":	[{
					"socket":	7,
					"start":	12.000593,
					"end":	13.001203,
					"seconds":	1.0006099939346313,
					"bytes":	0,
					"bits_per_second":	0,
					"retransmits":	1,
					"snd_cwnd":	7240,
					"rtt":	225874,
					"rttvar":	15438,
					"pmtu":	1500,
					"omitted":	false,
					"sender":	true
				}],
			"sum":	{
				"start":	12.000593,
				"end":	13.001203,
				"seconds":	1.0006099939346313,
				"bytes":	0,
				"bits_per_second":	0,
				"retransmits":	1,
				"omitted":	false,
				"sender":	true
			}
		}, {
			"streams":	[{
					"socket":	7,
					"start":	13.001203,
					"end":	14.001782,