{
	"start":	{
		"connected":	[{
				"socket":	7,
				"local_host":	"192.168.42.9",
				"local_port":	45408,
				"remote_host":	"192.168.42.1",
				"remote_port":	5208
			}],
		"version":	"iperf 3.7",
		"system_info":	"Linux rathan-VirtualBox 5.4.0-177-generic #197-Ubuntu SMP Thu Mar 28 22:45:47 UTC 2024 x86_64",
		"timestamp":	{
			"time":	"Thu, 07 Nov 2024 09:00:14 GMT",
			"timesecs":	1730970014
		},
		"connecting_to":	{
			"host":	"192.168.42.1",
			"port":	5208
		},
		"cookie":	"cylkjli7pz52nztbstemtliricu3tdvsyh3e",
		"tcp_mss_default":	1448,
		"sock_bufsize":	0,
		"sndbuf_actual":	87380,
		"rcvbuf_actual":	87380,
		"test_start":	{
			"protocol":	"TCP",
			"num_streams":	1,
			"blksize":	131072,
			"omit":	0,
			"duration":	30,
			"bytes":	0,
			"blocks":	0,
			"reverse":	0,
			"tos":	0
		}
	},
	"intervals":	[{
			"streams":	[{
					"socket":	7,
					"start":	0,
					"end":	1.000145,
					"seconds":	1.0001449584960938,
					"bytes":	139008,
					"bits_per_second":	1111902.8202393758,
					"retransmits":	0,
					"snd_cwnd":	20272,
					"rtt":	164871,
					"rttvar":	18209,
					"pmtu":	1500,
					"omitted":	false,
					"sender":	true
				}],
			"sum":	{
				"start":	0,
				"end":	1.000145,
				"seconds":	1.0001449584960938,
				"bytes":	139008,
				"bits_per_second":	1111902.8202393758,
				"retransmits":	0,
				"omitted":	false,
				"sender":	true
			}
		}, {
			"streams":	[{
					"socket":	7,
					"start":	1.000145,
					"end":	2.001347,
					"seconds":	1.0012019872665405,
					"bytes":	0,
					"bits_per_second":	0,
					"retransmits":	0,
					"snd_cwnd":	20272,
					"rtt":	195471,
					"rttvar":	25750,
					"pmtu":	1500,
					"omitted":	false,
					"sender":	true
				}],
			"sum":	{
				"start":	1.000145,
				"end":	2.001347,
				"seconds":	1.0012019872665405,
				"bytes":	0,
				"bits_per_second":	0,
				"retransmits":	0,
				"omitted":	false,
				"sender":	true
			}
		}, {
			"streams":	[{
					"socket":	7,
					"start":	2.001347,
					"end":	3.000814,
					"seconds":	0.99946701526641846,
					"bytes":	43440,
					"bits_per_second":	347705.32162821287,
					"retransmits":	0,
					"snd_cwnd":	20272,
					"rtt":	211450,
					"rttvar":	10690,
					"pmtu":	1500,
					"omitted":	false,
					"sender":	true
				}],
			"sum":	{
				"start":	2.001347,
				"end":	3.000814,
				"seconds":	0.99946701526641846,
				"bytes":	43440,
				"bits_per_second":	347705.32162821287,
				"retransmits":	0,
				"omitted":	false,
				"sender":	true
			}
		}, {
			"streams":	[{
					"socket":	7,
					"start":	3.000814,
					"end":	4.000247,
					"seconds":	0.99943298101425171,
					"bytes":	43440,
					"bits_per_second":	347717.16223265644,
					"retransmits":	0,
					"snd_cwnd":	20272,
					"rtt":	216026,
					"rttvar":	30383,
					"pmtu":	1500,
					"omitted":	false,
					"sender":	true
				}],
			"sum":	{
				"start":	3.000814,
				"end":	4.000247,
				"seconds":	0.99943298101425171,
				"bytes":	43440,
				"bits_per_second":	347717.16223265644,
				"retransmits":	0,
				"omitted":	false,
				"sender":	true
			}
		}, {
			"streams":	[{
					"socket":	7,
					"start":	4.000247,
					"end":	5.001181,
					"seconds":	1.0009340047836304,
					"bytes":	0,
					"bits_per_second":	0,
					"retransmits":	0,
					"snd_cwnd":	20272,
					"rtt":	214621,
					"rttvar":	15543,
					"pmtu":	1500,
					"omitted":	false,
					"sender":	true
				}],
			"sum":	{
				"start":	4.000247,
				"end":	5.001181,
				"seconds":	1.0009340047836304,
				"bytes":	0,
				"bits_per_second":	0,
				"retransmits":	0,
				"omitted":	false,
				"sender":	true
			}
		}, {
			"streams":	[{
					"socket":	7,
					"start":	5.001181,
					"end":	6.000136,
					"seconds":	0.99895501136779785,
					"bytes":	43440,
					"bits_per_second":	347883.53433871426,
					"retransmits":	0,
					"snd_cwnd":	20272,
					"rtt":	212181,
					"rttvar":	6177,
					"pmtu":	1500,
					"omitted":	false,
					"sender":	true
				}],
			"sum":	{
				"start":	5.001181,
				"end":	6.000136,
				"seconds":	0.99895501136779785,
				"bytes":	43440,
				"bits_per_second":	347883.53433871426,
				"retransmits":	0,
				"omitted":	false,
				"sender":	true
			}
		}, {
			"streams":	[{
					"socket":	7,
					"start":	6.000136,
					"end":	7.000208,
					"seconds":	1.0000720024108887,
					"bytes":	43440,
					"bits_per_second":	347494.97952370258,
					"retransmits":	0,
					"snd_cwnd":	20272,
					"rtt":	203872,
					"rttvar":	10132,
					"pmtu":	1500,
					"omitted":	false,
					"sender":	true
				}],
			"sum":	{
				"start":	6.000136,
				"end":	7.000208,
				"seconds":	1.0000720024108887,
				"bytes":	43440,
				"bits_per_second":	347494.97952370258,
				"retransmits":	0,
				"omitted":	false,
				"sender":	true
			}
		}, {
			"streams":	[{
					"socket":	7,
					"start":	7.000208,
					"end":	8.000177,
					"seconds":	0.9999690055847168,
					"bytes":	0,
					"bits_per_second":	0,
					"retransmits":	0,
					"snd_cwnd":	20272,
					"rtt":	178928,
					"rttvar":	19007,
					"pmtu":	1500,
					"omitted":	false,
					"sender":	true
				}],
			"sum":	{
				"start":	7.000208,
				"end":	8.000177,
				"seconds":	0.9999690055847168,
				"bytes":	0,
				"bits_per_second":	0,
				"retransmits":	0,
				"omitted":	false,
				"sender":	true
			}
		}, {
			"streams":	[{
					"socket":	7,
					"start":	8.000177,
					"end":	9.001157,
					"seconds":	1.000980019569397,
					"bytes":	43440,
					"bits_per_second":	347179.7570439984,
					"retransmits":	0,
					"snd_cwnd":	20272,
					"rtt":	198691,
					"rttvar":	20824,
					"pmtu":	1500,
					"omitted":	false,
					"sender":	true
				}],
			"sum":	{
				"start":	8.000177,
				"end":	9.001157,
				"seconds":	1.000980019569397,
				"bytes":	43440,
				"bits_per_second":	347179.7570439984,
				"retransmits":	0,
				"omitted":	false,
				"sender":	true
			}
		}, {
			"streams":	[{
					"socket":	7,
					"start":	9.001157,
					"end":	10.00073,
					"seconds":	0.9995729923248291,
					"bytes":	43440,
					"bits_per_second":	347668.45709959633,
					"retransmits":	0,
					"snd_cwnd":	20272,
					"rtt":	185272,
					"rttvar":	8127,
					"pmtu":	1500,
					"omitted":	false,
					"sender":	true
				}],
			"sum":	{
				"start":	9.001157,
				"end":	10.00073,
				"seconds":	0.9995729923248291,
				"bytes":	43440,
				"bits_per_second":	347668.45709959633,
				"retransmits":	0,
				"omitted":	false,
				"sender":	true
			}
		}, {
			"streams":	[{
					"socket":	7,
					"start":	10.00073,
					"end":	11.001013,
					"seconds":	1.0002830028533936,
					"bytes":	0,
					"bits_per_second":	0,
					"retransmits":	0,
					"snd_cwnd":	20272,
					"rtt":	196801,
					"rttvar":	8082,
					"pmtu":	1500,
					"omitted":	false,
					"sender":	true
				}],
			"sum":	{
				"start":	10.00073,
				"end":	11.001013,
				"seconds":	1.0002830028533936,
				"bytes":	0,
				"bits_per_second":	0,
				"retransmits":	0,
				"omitted":	false,
				"sender":	true
			}
		}, {
			"streams":	[{
					"socket":	7,
					"start":	11.001013,
					"end":	12.001214,
					"seconds":	1.0002009868621826,
					"bytes":	43440,
					"bits_per_second":	347450.16708115354,
					"retransmits":	0,
					"snd_cwnd":	20272,
					"rtt":	202922,
					"rttvar":	8345,
					"pmtu":	1500,
					"omitted":	false,
					"sender":	true
				}],
			"sum":	{
				"start":	11.001013,
				"end":	12.001214,
				"seconds":	1.0002009868621826,
				"bytes":	43440,
				"bits_per_second":	347450.16708115354,
				"retransmits":	0,
				"omitted":	false,
				"sender":	true
			}
		}, {
			"streams":	[{
					"socket":	7,
					"start":	12.001214,
					"end":	13.000641,
					"seconds":	0.99942702054977417,
					"bytes":	43440,
					"bits_per_second":	347719.23597666284,
					"retransmits":	0,
					"snd_cwnd":	20272,
					"rtt":	200617,
					"rttvar":	13592,
					"pmtu":	1500,
					"omitted":	false,
					"sender":	true
				}],
			"sum":	{
				"start":	12.001214,
				"end":	13.000641,
				"seconds":	0.99942702054977417,
				"bytes":	43440,
				"bits_per_second":	347719.23597666284,