{
	"start":	{
		"connected":	[{
				"socket":	7,
				"local_host":	"192.168.42.11",
				"local_port":	59103,
				"remote_host":	"192.168.42.1",
				"remote_port":	5210
			}],
		"version":	"iperf 3.7",
		"system_info":	"Linux rathan-VirtualBox 5.4.0-177-generic #197-Ubuntu SMP Thu Mar 28 22:45:47 UTC 2024 x86_64",
		"timestamp":	{
			"time":	"Thu, 07 Nov 2024 07:58:28 GMT",
			"timesecs":	1730966308
		},
		"connecting_to":	{
			"host":	"192.168.42.1",
			"port":	5210
		},
		"cookie":	"xm77j2qp7pzyikeu2scwgb3gyzfa2oveew6e",
		"sock_bufsize":	0,
		"sndbuf_actual":	212992,
		"rcvbuf_actual":	212992,
		"test_start":	{
			"protocol":	"UDP",
			"num_streams":	1,
			"blksize":	1448,
			"omit":	0,
			"duration":	30,
			"bytes":	0,
			"blocks":	0,
			"reverse":	0,
			"tos":	0
		}
	},
	"intervals":	[{
			"streams":	[{
					"socket":	7,
					"start":	0,
					"end":	1.000073,
					"seconds":	1.0000729560852051,
					"bytes":	131768,
					"bits_per_second":	1054067.0993908849,
					"packets":	91,
					"omitted":	false,
					"sender":	true
				}],
			"sum":	{
				"start":	0,
				"end":	1.000073,
				"seconds":	1.0000729560852051,
				"bytes":	131768,
				"bits_per_second":	1054067.0993908849,
				"packets":	91,
				"omitted":	false,
				"sender":	true
			}
		}, {
			"streams":	[{
					"socket":	7,
					"start":	1.000073,
					"end":	2.000065,
					"seconds":	0.9999920129776001,
					"bytes":	92672,
					"bits_per_second":	741381.92143401341,
					"packets":	64,
					"omitted":	false,
					"sender":	true
				}],
			"sum":	{
				"start":	1.000073,
				"end":	2.000065,
				"seconds":	0.9999920129776001,
				"bytes":	92672,
				"bits_per_second":	741381.92143401341,
				"packets":	64,
				"omitted":	false,
				"sender":	true
			}
		}, {
			"streams":	[{
					"socket":	7,
					"start":	2.000065,
					"end":	3.000077,
					"seconds":	1.0000120401382446,
					"bytes":	56472,
					"bits_per_second":	451770.56061999529,
					"packets":	39,
					"omitted":	false,
					"sender":	true
				}],
			"sum":	{
				"start":	2.000065,
				"end":	3.000077,
				"seconds":	1.0000120401382446,
				"bytes":	56472,
				"bits_per_second":	451770.56061999529,
				"packets":	39,
				"omitted":	false,
				"sender":	true
			}
		}, {
			"streams":	[{
					"socket":	7,
					"start":	3.000077,
					"end":	4.000074,
					"seconds":	0.99999701976776123,
					"bytes":	55024,
					"bits_per_second":	440193.31187829934,
					"packets":	38,
					"omitted":	false,
					"sender":	true
				}],
			"sum":	{
				"start":	3.000077,
				"end":	4.000074,
				"seconds":	0.99999701976776123,
				"bytes":	55024,
				"bits_per_second":	440193.31187829934,
				"packets":	38,
				"omitted":	false,
				"sender":	true
			}
		}, {
			"streams":	[{
					"socket":	7,
					"start":	4.000074,
					"end":	5.000078,
					"seconds":	1.0000040531158447,
					"bytes":	53576,
					"bits_per_second":	428606.26280916505,
					"packets":	37,
					"omitted":	false,
					"sender":	true
				}],
			"sum":	{
				"start":	4.000074,
				"end":	5.000078,
				"seconds":	1.0000040531158447,
				"bytes":	53576,
				"bits_per_second":	428606.26280916505,
				"packets":	37,
				"omitted":	false,
				"sender":	true
			}
		}, {
			"streams":	[{
					"socket":	7,
					"start":	5.000078,
					"end":	6.000053,
					"seconds":	0.99997502565383911,
					"bytes":	52128,
					"bits_per_second":	417034.41516184527,
					"packets":	36,
					"omitted":	false,
					"sender":	true
				}],
			"sum":	{
				"start":	5.000078,
				"end":	6.000053,
				"seconds":	0.99997502565383911,
				"bytes":	52128,
				"bits_per_second":	417034.41516184527,
				"packets":	36,
				"omitted":	false,
				"sender":	true
			}
		}, {
			"streams":	[{
					"socket":	7,
					"start":	6.000053,
					"end":	7.000082,
					"seconds":	1.0000289678573608,
					"bytes":	57920,
					"bits_per_second":	463346.57784242445,
					"packets":	40,
					"omitted":	false,
					"sender":	true
				}],
			"sum":	{
				"start":	6.000053,
				"end":	7.000082,
				"seconds":	1.0000289678573608,
				"bytes":	57920,
				"bits_per_second":	463346.57784242445,
				"packets":	40,
				"omitted":	false,
				"sender":	true
			}
		}, {
			"streams":	[{
					"socket":	7,
					"start":	7.000082,
					"end":	8.0001,
					"seconds":	1.0000180006027222,
					"bytes":	47784,
					"bits_per_second":	382265.11899745837,
					"packets":	33,
					"omitted":	false,
					"sender":	true
				}],
			"sum":	{
				"start":	7.000082,
				"end":	8.0001,
				"seconds":	1.0000180006027222,
				"bytes":	47784,
				"bits_per_second":	382265.11899745837,
				"packets":	33,
				"omitted":	false,
				"sender":	true
			}
		}, {
			"streams":	[{
					"socket":	7,
					"start":	8.0001,
					"end":	9.0001,
					"seconds":	1,
					"bytes":	46336,
					"bits_per_second":	370688,
					"packets":	32,
					"omitted":	false,
					"sender":	true
				}],
			"sum":	{
				"start":	8.0001,
				"end":	9.0001,
				"seconds":	1,
				"bytes":	46336,
				"bits_per_second":	370688,
				"packets":	32,
				"omitted":	false,
				"sender":	true
			}
		}, {
			"streams":	[{
					"socket":	7,
					"start":	9.0001,
					"end":	10.000095,
					"seconds":	0.99999499320983887,
					"bytes":	56472,
					"bits_per_second":	451778.261958957,
					"packets":	39,
					"omitted":	false,
					"sender":	true
				}],
			"sum":	{
				"start":	9.0001,
				"end":	10.000095,
				"seconds":	0.99999499320983887,
				"bytes":	56472,
				"bits_per_second":	451778.261958957,
				"packets":	39,
				"omitted":	false,
				"sender":	true
			}
		}, {
			"streams":	[{
					"socket":	7,
					"start":	10.000095,
					"end":	11.000074,
					"seconds":	0.99997901916503906,
					"bytes":	55024,
					"bits_per_second":	440201.23578947771,
					"packets":	38,
					"omitted":	false,
					"sender":	true
				}],
			"sum":	{
				"start":	10.000095,
				"end":	11.000074,
				"seconds":	0.99997901916503906,
				"bytes":	55024,
				"bits_per_second":	440201.23578947771,
				"packets":	38,
				"omitted":	false,
				"sender":	true
			}
		}, {
			"streams":	[{
					"socket":	7,
					"start":	11.000074,
					"end":	12.000101,
					"seconds":	1.0000269412994385,
					"bytes":	55024,
					"bits_per_second":	440180.14097501512,
					"packets":	38,
					"omitted":	false,
					"sender":	true
				}],
			"sum":	{
				"start":	11.000074,
				"end":	12.000101,
				"seconds":	1.0000269412994385,
				"bytes":	55024,
				"bits_per_second":	440180.14097501512,
				"packets":	38,
				"omitted":	false,
				"sender":	true
			}
		}, {
			"streams":	[{
					"socket":	7,
					"start":	12.000101,
					"end":	13.000092,
					"seconds":	0.99999099969863892,
					"bytes":	56472,
					"bits_per_second":	451780.06615674432,
					"packets":	39,
					"omitted":	false,
					"sender":	true
				}],
			"sum":	{
				"start":	12.000101,
				"end":	13.000092,
				"seconds":	0.99999099969863892,
				"bytes":	56472,
				"bits_per_second":	451780.06615674432,
				"packets":	39,
				"omitted":	false,
				"sender":	true
			}
		}, {
			"streams":	[{
					"socket":	7,
					"start":	13.000092,
					"end":	14.000077,
					"seconds":	0.9999849796295166,
					"bytes":	55024,
					"bits_per_second":	440198.61194623774,
					"packets":	38,
					"omitted":	false,
					"sender":	true
				}],
			"sum":	{
				"start":	13.000092,
				"end":	14.000077,
				"seconds":	0.9999849796295166,
				"bytes":	55024,
				"bits_per_second":	440198.61194623774,
				"packets":	38,
				"omitted":	false,
				"sender":	true
			}
		}, {
			"streams":	[{
					"socket":	7,
					"start":	14.000077,
					"end":	15.000104,
					"seconds":	1.0000269412994385,
					"bytes":	52128,
					"bits_per_second":	417012.76513422484,
					"packets":	36,
					"omitted":	false,
					"sender":	true
				}],
			"sum":	{
				"start":	14.000077,
				"end":	15.000104,
				"seconds":	1.0000269412994385,
				"bytes":	52128,
				"bits_per_second":	417012.76513422484,
				"packets":	36,
				"omitted":	false,
				"sender":	true
			}
		}, {
			"streams":	[{
					"socket":	7,
					"start":	15.000104,