{
	"start":	{
		"connected":	[{
				"socket":	7,
				"local_host":	"192.168.42.12",
				"local_port":	37702,
				"remote_host":	"192.168.42.1",
				"remote_port":	5211
			}],
		"version":	"iperf 3.7",
		"system_info":	"Linux rathan-VirtualBox 5.4.0-177-generic #197-Ubuntu SMP Thu Mar 28 22:45:47 UTC 2024 x86_64",
		"timestamp":	{
			"time":	"Thu, 07 Nov 2024 07:58:28 GMT",
			"timesecs":	1730966308
		},
		"connecting_to":	{
			"host":	"192.168.42.1",
			"port":	5211
		},
		"cookie":	"h52btrbap3pph5il2fbgkuw6xjaykh77i23z",
		"sock_bufsize":	0,
		"sndbuf_actual":	212992,
		"rcvbuf_actual":	212992,
		"test_start":	{
			"protocol":	"UDP",
			"num_streams":	1,
			"blksize":	1448,
			"omit":	0,
			"duration":	30,
			"bytes":	0,
			"blocks":	0,
			"reverse":	0,
			"tos":	0
		}
	},
	"intervals":	[{
			"streams":	[{
					"socket":	7,
					"start":	0,
					"end":	1.000096,
					"seconds":	1.0000959634780884,
					"bytes":	128872,
					"bits_per_second":	1030877.0734505501,
					"packets":	89,
					"omitted":	false,
					"sender":	true
				}],
			"sum":	{
				"start":	0,
				"end":	1.000096,
				"seconds":	1.0000959634780884,
				"bytes":	128872,
				"bits_per_second":	1030877.0734505501,
				"packets":	89,
				"omitted":	false,
				"sender":	true
			}
		}, {
			"streams":	[{
					"socket":	7,
					"start":	1.000096,
					"end":	2.000148,
					"seconds":	1.0000519752502441,
					"bytes":	57920,
					"bits_per_second":	463335.91799971485,
					"packets":	40,
					"omitted":	false,
					"sender":	true
				}],
			"sum":	{
				"start":	1.000096,
				"end":	2.000148,
				"seconds":	1.0000519752502441,
				"bytes":	57920,
				"bits_per_second":	463335.91799971485,
				"packets":	40,
				"omitted":	false,
				"sender":	true
			}
		}, {
			"streams":	[{
					"socket":	7,
					"start":	2.000148,
					"end":	3.000115,
					"seconds":	0.99996697902679443,
					"bytes":	55024,
					"bits_per_second":	440206.53604823176,
					"packets":	38,
					"omitted":	false,
					"sender":	true
				}],
			"sum":	{
				"start":	2.000148,
				"end":	3.000115,
				"seconds":	0.99996697902679443,
				"bytes":	55024,
				"bits_per_second":	440206.53604823176,
				"packets":	38,
				"omitted":	false,
				"sender":	true
			}
		}, {
			"streams":	[{
					"socket":	7,
					"start":	3.000115,
					"end":	4.000103,
					"seconds":	0.99998801946640015,
					"bytes":	50680,
					"bits_per_second":	405444.85744573752,
					"packets":	35,
					"omitted":	false,
					"sender":	true
				}],
			"sum":	{
				"start":	3.000115,
				"end":	4.000103,
				"seconds":	0.99998801946640015,
				"bytes":	50680,
				"bits_per_second":	405444.85744573752,
				"packets":	35,
				"omitted":	false,
				"sender":	true
			}
		}, {
			"streams":	[{
					"socket":	7,
					"start":	4.000103,
					"end":	5.000217,
					"seconds":	1.0001139640808105,
					"bytes":	53576,
					"bits_per_second":	428559.15964929765,
					"packets":	37,
					"omitted":	false,
					"sender":	true
				}],
			"sum":	{
				"start":	4.000103,
				"end":	5.000217,
				"seconds":	1.0001139640808105,
				"bytes":	53576,
				"bits_per_second":	428559.15964929765,
				"packets":	37,
				"omitted":	false,
				"sender":	true
			}
		}, {
			"streams":	[{
					"socket":	7,
					"start":	5.000217,
					"end":	6.00013,
					"seconds":	0.99991297721862793,
					"bytes":	56472,
					"bits_per_second":	451815.3182256585,
					"packets":	39,
					"omitted":	false,
					"sender":	true
				}],
			"sum":	{
				"start":	5.000217,
				"end":	6.00013,
				"seconds":	0.99991297721862793,
				"bytes":	56472,
				"bits_per_second":	451815.3182256585,
				"packets":	39,
				"omitted":	false,
				"sender":	true
			}
		}, {
			"streams":	[{
					"socket":	7,
					"start":	6.00013,
					"end":	7.000091,
					"seconds":	0.99996101856231689,
					"bytes":	50680,
					"bits_per_second":	405455.80525020562,
					"packets":	35,
					"omitted":	false,
					"sender":	true
				}],
			"sum":	{
				"start":	6.00013,
				"end":	7.000091,
				"seconds":	0.99996101856231689,
				"bytes":	50680,
				"bits_per_second":	405455.80525020562,
				"packets":	35,
				"omitted":	false,
				"sender":	true
			}
		}, {
			"streams":	[{
					"socket":	7,
					"start":	7.000091,
					"end":	8.000089,
					"seconds":	0.99999797344207764,
					"bytes":	44888,
					"bits_per_second":	359104.72774653096,
					"packets":	31,
					"omitted":	false,
					"sender":	true
				}],
			"sum":	{
				"start":	7.000091,
				"end":	8.000089,
				"seconds":	0.99999797344207764,
				"bytes":	44888,
				"bits_per_second":	359104.72774653096,
				"packets":	31,
				"omitted":	false,
				"sender":	true
			}
		}, {
			"streams":	[{
					"socket":	7,
					"start":	8.000089,
					"end":	9.000113,
					"seconds":	1.0000239610671997,
					"bytes":	52128,
					"bits_per_second":	417014.00789933349,
					"packets":	36,
					"omitted":	false,
					"sender":	true
				}],
			"sum":	{
				"start":	8.000089,
				"end":	9.000113,
				"seconds":	1.0000239610671997,
				"bytes":	52128,
				"bits_per_second":	417014.00789933349,
				"packets":	36,
				"omitted":	false,
				"sender":	true
			}
		}, {
			"streams":	[{
					"socket":	7,
					"start":	9.000113,
					"end":	10.000076,
					"seconds":	0.99996298551559448,
					"bytes":	59368,
					"bits_per_second":	474961.58045801311,
					"packets":	41,
					"omitted":	false,
					"sender":	true
				}],
			"sum":	{
				"start":	9.000113,
				"end":	10.000076,
				"seconds":	0.99996298551559448,
				"bytes":	59368,
				"bits_per_second":	474961.58045801311,
				"packets":	41,
				"omitted":	false,
				"sender":	true
			}
		}, {
			"streams":	[{
					"socket":	7,
					"start":	10.000076,
					"end":	11.000142,
					"seconds":	1.0000660419464111,
					"bytes":	55024,
					"bits_per_second":	440162.93078331306,
					"packets":	38,
					"omitted":	false,
					"sender":	true
				}],
			"sum":	{
				"start":	10.000076,
				"end":	11.000142,
				"seconds":	1.0000660419464111,
				"bytes":	55024,
				"bits_per_second":	440162.93078331306,
				"packets":	38,
				"omitted":	false,
				"sender":	true
			}
		}, {
			"streams":	[{
					"socket":	7,
					"start":	11.000142,
					"end":	12.000078,
					"seconds":	0.99993598461151123,
					"bytes":	56472,
					"bits_per_second":	451804.92246763292,
					"packets":	39,
					"omitted":	false,
					"sender":	true
				}],
			"sum":	{
				"start":	11.000142,
				"end":	12.000078,
				"seconds":	0.99993598461151123,
				"bytes":	56472,
				"bits_per_second":	451804.92246763292,
				"packets":	39,
				"omitted":	false,
				"sender":	true
			}
		}, {
			"streams":	[{
					"socket":	7,
					"start":	12.000078,
					"end":	13.000106,
					"seconds":	1.0000280141830444,
					"bytes":	52128,
					"bits_per_second":	417012.31774059904,
					"packets":	36,
					"omitted":	false,
					"sender":	true
				}],
			"sum":	{
				"start":	12.000078,
				"end":	13.000106,
				"seconds":	1.0000280141830444,
				"bytes":	52128,
				"bits_per_second":	417012.31774059904,
				"packets":	36,
				"omitted":	false,
				"sender":	true
			}
		}, {
			"streams":	[{
					"socket":	7,
					"start":	13.000106,
					"end":	14.001222,
					"seconds":	1.0011160373687744,
					"bytes":	53576,
					"bits_per_second":	428130.19070846884,
					"packets":	37,
					"omitted":	false,
					"sender":	true
				}],
			"sum":	{
				"start":	13.000106,
				"end":	14.001222,
				"seconds":	1.0011160373687744,
				"bytes":	53576,
				"bits_per_second":	428130.19070846884,
				"packets":	37,
				"omitted":	false,
				"sender":	true
			}
		}, {
			"streams":	[{
					"socket":	7,
					"start":	14.001222,
					"end":	15.000124,
					"seconds":	0.99890202283859253,
					"bytes":	56472,
					"bits_per_second":	452272.58496902674,
					"packets":	39,
					"omitted":	false,
					"sender":	true
				}],
			"sum":	{
				"start":	14.001222,
				"end":	15.000124,
				"seconds":	0.99890202283859253,
				"bytes":	56472,
				"bits_per_second":	452272.58496902674,
				"packets":	39,
				"omitted":	false,