{
	"start":	{
		"connected":	[{
				"socket":	7,
				"local_host":	"192.168.42.2",
				"local_port":	46425,
				"remote_host":	"192.168.42.1",
				"remote_port":	5201
			}],
		"version":	"iperf 3.7",
		"system_info":	"Linux rathan-VirtualBox 5.4.0-177-generic #197-Ubuntu SMP Thu Mar 28 22:45:47 UTC 2024 x86_64",
		"timestamp":	{
			"time":	"Thu, 07 Nov 2024 07:58:28 GMT",
			"timesecs":	1730966308
		},
		"connecting_to":	{
			"host":	"192.168.42.1",
			"port":	5201
		},
		"cookie":	"gpl3syxu24nd4dfswkg26lt3qbo3wd4p33ie",
		"sock_bufsize":	0,
		"sndbuf_actual":	212992,
		"rcvbuf_actual":	212992,
		"test_start":	{
			"protocol":	"UDP",
			"num_streams":	1,
			"blksize":	1448,
			"omit":	0,
			"duration":	30,
			"bytes":	0,
			"blocks":	0,
			"reverse":	0,
			"tos":	0
		}
	},
	"intervals":	[{
			"streams":	[{
					"socket":	7,
					"start":	0,
					"end":	1.000092,
					"seconds":	1.0000920295715332,
					"bytes":	131768,
					"bits_per_second":	1054046.9965065357,
					"packets":	91,
					"omitted":	false,
					"sender":	true
				}],
			"sum":	{
				"start":	0,
				"end":	1.000092,
				"seconds":	1.0000920295715332,
				"bytes":	131768,
				"bits_per_second":	1054046.9965065357,
				"packets":	91,
				"omitted":	false,
				"sender":	true
			}
		}, {
			"streams":	[{
					"socket":	7,
					"start":	1.000092,
					"end":	2.000079,
					"seconds":	0.999987006187439,
					"bytes":	101360,
					"bits_per_second":	810890.53655963962,
					"packets":	70,
					"omitted":	false,
					"sender":	true
				}],
			"sum":	{
				"start":	1.000092,
				"end":	2.000079,
				"seconds":	0.999987006187439,
				"bytes":	101360,
				"bits_per_second":	810890.53655963962,
				"packets":	70,
				"omitted":	false,
				"sender":	true
			}
		}, {
			"streams":	[{
					"socket":	7,
					"start":	2.000079,
					"end":	3.000094,
					"seconds":	1.0000150203704834,
					"bytes":	57920,
					"bits_per_second":	463353.04026567063,
					"packets":	40,
					"omitted":	false,
					"sender":	true
				}],
			"sum":	{
				"start":	2.000079,
				"end":	3.000094,
				"seconds":	1.0000150203704834,
				"bytes":	57920,
				"bits_per_second":	463353.04026567063,
				"packets":	40,
				"omitted":	false,
				"sender":	true
			}
		}, {
			"streams":	[{
					"socket":	7,
					"start":	3.000094,
					"end":	4.000096,
					"seconds":	1.0000020265579224,
					"bytes":	53576,
					"bits_per_second":	428607.13140282227,
					"packets":	37,
					"omitted":	false,
					"sender":	true
				}],
			"sum":	{
				"start":	3.000094,
				"end":	4.000096,
				"seconds":	1.0000020265579224,
				"bytes":	53576,
				"bits_per_second":	428607.13140282227,
				"packets":	37,
				"omitted":	false,
				"sender":	true
			}
		}, {
			"streams":	[{
					"socket":	7,
					"start":	4.000096,
					"end":	5.000069,
					"seconds":	0.99997299909591675,
					"bytes":	53576,
					"bits_per_second":	428619.57311598188,
					"packets":	37,
					"omitted":	false,
					"sender":	true
				}],
			"sum":	{
				"start":	4.000096,
				"end":	5.000069,
				"seconds":	0.99997299909591675,
				"bytes":	53576,
				"bits_per_second":	428619.57311598188,
				"packets":	37,
				"omitted":	false,
				"sender":	true
			}
		}, {
			"streams":	[{
					"socket":	7,
					"start":	5.000069,
					"end":	6.003704,
					"seconds":	1.003635048866272,
					"bytes":	52128,
					"bits_per_second":	415513.58780373342,
					"packets":	36,
					"omitted":	false,
					"sender":	true
				}],
			"sum":	{
				"start":	5.000069,
				"end":	6.003704,
				"seconds":	1.003635048866272,
				"bytes":	52128,
				"bits_per_second":	415513.58780373342,
				"packets":	36,
				"omitted":	false,
				"sender":	true
			}
		}, {
			"streams":	[{
					"socket":	7,
					"start":	6.003704,
					"end":	7.000076,
					"seconds":	0.99637198448181152,
					"bytes":	59368,
					"bits_per_second":	476673.37841399328,
					"packets":	41,
					"omitted":	false,
					"sender":	true
				}],
			"sum":	{
				"start":	6.003704,
				"end":	7.000076,
				"seconds":	0.99637198448181152,
				"bytes":	59368,
				"bits_per_second":	476673.37841399328,
				"packets":	41,
				"omitted":	false,
				"sender":	true
			}
		}, {
			"streams":	[{
					"socket":	7,
					"start":	7.000076,
					"end":	8.000022,
					"seconds":	0.9999459981918335,
					"bytes":	47784,
					"bits_per_second":	382292.6444940514,
					"packets":	33,
					"omitted":	false,
					"sender":	true
				}],
			"sum":	{
				"start":	7.000076,
				"end":	8.000022,
				"seconds":	0.9999459981918335,
				"bytes":	47784,
				"bits_per_second":	382292.6444940514,
				"packets":	33,
				"omitted":	false,
				"sender":	true
			}
		}, {
			"streams":	[{
					"socket":	7,
					"start":	8.000022,
					"end":	9.000083,
					"seconds":	1.00006103515625,
					"bytes":	46336,
					"bits_per_second":	370665.37638083613,
					"packets":	32,
					"omitted":	false,
					"sender":	true
				}],
			"sum":	{
				"start":	8.000022,
				"end":	9.000083,
				"seconds":	1.00006103515625,
				"bytes":	46336,
				"bits_per_second":	370665.37638083613,
				"packets":	32,
				"omitted":	false,
				"sender":	true
			}
		}, {
			"streams":	[{
					"socket":	7,
					"start":	9.000083,
					"end":	10.00003,
					"seconds":	0.99994701147079468,
					"bytes":	53576,
					"bits_per_second":	428630.71251102816,
					"packets":	37,
					"omitted":	false,
					"sender":	true
				}],
			"sum":	{
				"start":	9.000083,
				"end":	10.00003,
				"seconds":	0.99994701147079468,
				"bytes":	53576,
				"bits_per_second":	428630.71251102816,
				"packets":	37,
				"omitted":	false,
				"sender":	true
			}
		}, {
			"streams":	[{
					"socket":	7,
					"start":	10.00003,
					"end":	11.000075,
					"seconds":	1.0000449419021606,
					"bytes":	56472,
					"bits_per_second":	451755.69723965414,
					"packets":	39,
					"omitted":	false,
					"sender":	true
				}],
			"sum":	{
				"start":	10.00003,
				"end":	11.000075,
				"seconds":	1.0000449419021606,
				"bytes":	56472,
				"bits_per_second":	451755.69723965414,
				"packets":	39,
				"omitted":	false,
				"sender":	true
			}
		}, {
			"streams":	[{
					"socket":	7,
					"start":	11.000075,
					"end":	12.000102,
					"seconds":	1.0000269412994385,
					"bytes":	55024,
					"bits_per_second":	440180.14097501512,
					"packets":	38,
					"omitted":	false,
					"sender":	true
				}],
			"sum":	{
				"start":	11.000075,
				"end":	12.000102,
				"seconds":	1.0000269412994385,
				"bytes":	55024,
				"bits_per_second":	440180.14097501512,
				"packets":	38,
				"omitted":	false,
				"sender":	true
			}
		}, {
			"streams":	[{
					"socket":	7,
					"start":	12.000102,
					"end":	13.000071,
					"seconds":	0.9999690055847168,
					"bytes":	55024,
					"bits_per_second":	440205.64391653758,
					"packets":	38,
					"omitted":	false,
					"sender":	true
				}],
			"sum":	{
				"start":	12.000102,
				"end":	13.000071,
				"seconds":	0.9999690055847168,
				"bytes":	55024,
				"bits_per_second":	440205.64391653758,
				"packets":	38,
				"omitted":	false,
				"sender":	true
			}
		}, {
			"streams":	[{
					"socket":	7,
					"start":	13.000071,
					"end":	14.000063,
					"seconds":	0.9999920129776001,
					"bytes":	56472,
					"bits_per_second":	451779.60837385192,
					"packets":	39,
					"omitted":	false,
					"sender":	true
				}],
			"sum":	{
				"start":	13.000071,
				"end":	14.000063,
				"seconds":	0.9999920129776001,
				"bytes":	56472,
				"bits_per_second":	451779.60837385192,
				"packets":	39,
				"omitted":	false,
				"sender":	true
			}
		}, {
			"streams":	[{
					"socket":	7,
					"start":	14.000063,
					"end":	15.000103,
					"seconds":	1.0000400543212891,
					"bytes":	52128,
					"bits_per_second":	417007.29705574387,
					"packets":	36,
					"omitted":	false,
					"sender":	true
				}],
			"sum":	{
				"start":	14.000063,
				"end":	15.000103,
				"seconds":	1.0000400543212891,
				"bytes":	52128,
				"bits_per_second":	417007.29705574387,
				"packets":	36,
				"omitted":	false,