{
	"start":	{
		"connected":	[{
				"socket":	7,
				"local_host":	"192.168.42.3",
				"local_port":	56491,
				"remote_host":	"192.168.42.1",
				"remote_port":	5202
			}],
		"version":	"iperf 3.7",
		"system_info":	"Linux rathan-VirtualBox 5.4.0-177-generic #197-Ubuntu SMP Thu Mar 28 22:45:47 UTC 2024 x86_64",
		"timestamp":	{
			"time":	"Thu, 07 Nov 2024 07:58:28 GMT",
			"timesecs":	1730966308
		},
		"connecting_to":	{
			"host":	"192.168.42.1",
			"port":	5202
		},
		"cookie":	"p7rvw6n5wj7sls6konxn3nkr6miu3jzd3u7c",
		"sock_bufsize":	0,
		"sndbuf_actual":	212992,
		"rcvbuf_actual":	212992,
		"test_start":	{
			"protocol":	"UDP",
			"num_streams":	1,
			"blksize":	1448,
			"omit":	0,
			"duration":	30,
			"bytes":	0,
			"blocks":	0,
			"reverse":	0,
			"tos":	0
		}
	},
	"intervals":	[{
			"streams":	[{
					"socket":	7,
					"start":	0,
					"end":	1.000111,
					"seconds":	1.0001109838485718,
					"bytes":	131768,
					"bits_per_second":	1054027.0200248191,
					"packets":	91,
					"omitted":	false,
					"sender":	true
				}],
			"sum":	{
				"start":	0,
				"end":	1.000111,
				"seconds":	1.0001109838485718,
				"bytes":	131768,
				"bits_per_second":	1054027.0200248191,
				"packets":	91,
				"omitted":	false,
				"sender":	true
			}
		}, {
			"streams":	[{
					"socket":	7,
					"start":	1.000111,
					"end":	2.000094,
					"seconds":	0.999983012676239,
					"bytes":	101360,
					"bits_per_second":	810893.7749150903,
					"packets":	70,
					"omitted":	false,
					"sender":	true
				}],
			"sum":	{
				"start":	1.000111,
				"end":	2.000094,
				"seconds":	0.999983012676239,
				"bytes":	101360,
				"bits_per_second":	810893.7749150903,
				"packets":	70,
				"omitted":	false,
				"sender":	true
			}
		}, {
			"streams":	[{
					"socket":	7,
					"start":	2.000094,
					"end":	3.000047,
					"seconds":	0.99995297193527222,
					"bytes":	57920,
					"bits_per_second":	463381.79194890545,
					"packets":	40,
					"omitted":	false,
					"sender":	true
				}],
			"sum":	{
				"start":	2.000094,
				"end":	3.000047,
				"seconds":	0.99995297193527222,
				"bytes":	57920,
				"bits_per_second":	463381.79194890545,
				"packets":	40,
				"omitted":	false,
				"sender":	true
			}
		}, {
			"streams":	[{
					"socket":	7,
					"start":	3.000047,
					"end":	4.000086,
					"seconds":	1.0000389814376831,
					"bytes":	53576,
					"bits_per_second":	428591.29289522447,
					"packets":	37,
					"omitted":	false,
					"sender":	true
				}],
			"sum":	{
				"start":	3.000047,
				"end":	4.000086,
				"seconds":	1.0000389814376831,
				"bytes":	53576,
				"bits_per_second":	428591.29289522447,
				"packets":	37,
				"omitted":	false,
				"sender":	true
			}
		}, {
			"streams":	[{
					"socket":	7,
					"start":	4.000086,
					"end":	5.000027,
					"seconds":	0.99994099140167236,
					"bytes":	53576,
					"bits_per_second":	428633.29304981942,
					"packets":	37,
					"omitted":	false,
					"sender":	true
				}],
			"sum":	{
				"start":	4.000086,
				"end":	5.000027,
				"seconds":	0.99994099140167236,
				"bytes":	53576,
				"bits_per_second":	428633.29304981942,
				"packets":	37,
				"omitted":	false,
				"sender":	true
			}
		}, {
			"streams":	[{
					"socket":	7,
					"start":	5.000027,
					"end":	6.003836,
					"seconds":	1.0038089752197266,
					"bytes":	52128,
					"bits_per_second":	415441.59326600604,
					"packets":	36,
					"omitted":	false,
					"sender":	true
				}],
			"sum":	{
				"start":	5.000027,
				"end":	6.003836,
				"seconds":	1.0038089752197266,
				"bytes":	52128,
				"bits_per_second":	415441.59326600604,
				"packets":	36,
				"omitted":	false,
				"sender":	true
			}
		}, {
			"streams":	[{
					"socket":	7,
					"start":	6.003836,
					"end":	7.000065,
					"seconds":	0.99622899293899536,
					"bytes":	59368,
					"bits_per_second":	476741.79668156221,
					"packets":	41,
					"omitted":	false,
					"sender":	true
				}],
			"sum":	{
				"start":	6.003836,
				"end":	7.000065,
				"seconds":	0.99622899293899536,
				"bytes":	59368,
				"bits_per_second":	476741.79668156221,
				"packets":	41,
				"omitted":	false,
				"sender":	true
			}
		}, {
			"streams":	[{
					"socket":	7,
					"start":	7.000065,
					"end":	8.000079,
					"seconds":	1.0000139474868774,
					"bytes":	47784,
					"bits_per_second":	382266.66834065964,
					"packets":	33,
					"omitted":	false,
					"sender":	true
				}],
			"sum":	{
				"start":	7.000065,
				"end":	8.000079,
				"seconds":	1.0000139474868774,
				"bytes":	47784,
				"bits_per_second":	382266.66834065964,
				"packets":	33,
				"omitted":	false,
				"sender":	true
			}
		}, {
			"streams":	[{
					"socket":	7,
					"start":	8.000079,
					"end":	9.00009,
					"seconds":	1.0000109672546387,
					"bytes":	47784,
					"bits_per_second":	382267.80757161422,
					"packets":	33,
					"omitted":	false,
					"sender":	true
				}],
			"sum":	{
				"start":	8.000079,
				"end":	9.00009,
				"seconds":	1.0000109672546387,
				"bytes":	47784,
				"bits_per_second":	382267.80757161422,
				"packets":	33,
				"omitted":	false,
				"sender":	true
			}
		}, {
			"streams":	[{
					"socket":	7,
					"start":	9.00009,
					"end":	10.000068,
					"seconds":	0.99997800588607788,
					"bytes":	52128,
					"bits_per_second":	417033.17227510031,
					"packets":	36,
					"omitted":	false,
					"sender":	true
				}],
			"sum":	{
				"start":	9.00009,
				"end":	10.000068,
				"seconds":	0.99997800588607788,
				"bytes":	52128,
				"bits_per_second":	417033.17227510031,
				"packets":	36,
				"omitted":	false,
				"sender":	true
			}
		}, {
			"streams":	[{
					"socket":	7,
					"start":	10.000068,
					"end":	11.000089,
					"seconds":	1.0000209808349609,
					"bytes":	56472,
					"bits_per_second":	451766.52156117023,
					"packets":	39,
					"omitted":	false,
					"sender":	true
				}],
			"sum":	{
				"start":	10.000068,
				"end":	11.000089,
				"seconds":	1.0000209808349609,
				"bytes":	56472,
				"bits_per_second":	451766.52156117023,
				"packets":	39,
				"omitted":	false,
				"sender":	true
			}
		}, {
			"streams":	[{
					"socket":	7,
					"start":	11.000089,
					"end":	12.000135,
					"seconds":	1.0000460147857666,
					"bytes":	56472,
					"bits_per_second":	451755.21258067415,
					"packets":	39,
					"omitted":	false,
					"sender":	true
				}],
			"sum":	{
				"start":	11.000089,
				"end":	12.000135,
				"seconds":	1.0000460147857666,
				"bytes":	56472,
				"bits_per_second":	451755.21258067415,
				"packets":	39,
				"omitted":	false,
				"sender":	true
			}
		}, {
			"streams":	[{
					"socket":	7,
					"start":	12.000135,
					"end":	13.000079,
					"seconds":	0.99994397163391113,
					"bytes":	53576,
					"bits_per_second":	428632.01555148471,
					"packets":	37,
					"omitted":	false,
					"sender":	true
				}],
			"sum":	{
				"start":	12.000135,
				"end":	13.000079,
				"seconds":	0.99994397163391113,
				"bytes":	53576,
				"bits_per_second":	428632.01555148471,
				"packets":	37,
				"omitted":	false,
				"sender":	true
			}
		}, {
			"streams":	[{
					"socket":	7,
					"start":	13.000079,
					"end":	14.000026,
					"seconds":	0.99994701147079468,
					"bytes":	56472,
					"bits_per_second":	451799.940214327,
					"packets":	39,
					"omitted":	false,
					"sender":	true
				}],
			"sum":	{
				"start":	13.000079,
				"end":	14.000026,
				"seconds":	0.99994701147079468,
				"bytes":	56472,
				"bits_per_second":	451799.940214327,
				"packets":	39,
				"omitted":	false,
				"sender":	true
			}
		}, {
			"streams":	[{
					"socket":	7,
					"start":	14.000026,
					"end":	15.000094,
					"seconds":	1.0000679492950439,
					"bytes":	52128,
					"bits_per_second":	416995.66543849709,
					"packets":	36,
					"omitted":	false,
					"sender":	true
				}],
			"sum":	{
				"start":	14.000026,
				"end":	15.000094,
				"seconds":	1.0000679492950439,
				"bytes":	52128,
				"bits_per_second":	416995.66543849709,
				"packets":	36,
				"omitted":	false,