{
	"start":	{
		"connected":	[{
				"socket":	7,
				"local_host":	"192.168.42.4",
				"local_port":	59305,
				"remote_host":	"192.168.42.1",
				"remote_port":	5203
			}],
		"version":	"iperf 3.7",
		"system_info":	"Linux rathan-VirtualBox 5.4.0-177-generic #197-Ubuntu SMP Thu Mar 28 22:45:47 UTC 2024 x86_64",
		"timestamp":	{
			"time":	"Thu, 07 Nov 2024 07:58:28 GMT",
			"timesecs":	1730966308
		},
		"connecting_to":	{
			"host":	"192.168.42.1",
			"port":	5203
		},
		"cookie":	"mtbu74a2oxs3jh22acumcn2jfahlqt2rhixf",
		"sock_bufsize":	0,
		"sndbuf_actual":	212992,
		"rcvbuf_actual":	212992,
		"test_start":	{
			"protocol":	"UDP",
			"num_streams":	1,
			"blksize":	1448,
			"omit":	0,
			"duration":	30,
			"bytes":	0,
			"blocks":	0,
			"reverse":	0,
			"tos":	0
		}
	},
	"intervals":	[{
			"streams":	[{
					"socket":	7,
					"start":	0,
					"end":	1.000067,
					"seconds":	1.0000669956207275,
					"bytes":	131768,
					"bits_per_second":	1054073.3816995006,
					"packets":	91,
					"omitted":	false,
					"sender":	true
				}],
			"sum":	{
				"start":	0,
				"end":	1.000067,
				"seconds":	1.0000669956207275,
				"bytes":	131768,
				"bits_per_second":	1054073.3816995006,
				"packets":	91,
				"omitted":	false,
				"sender":	true
			}
		}, {
			"streams":	[{
					"socket":	7,
					"start":	1.000067,
					"end":	2.000094,
					"seconds":	1.0000269412994385,
					"bytes":	101360,
					"bits_per_second":	810858.15442765947,
					"packets":	70,
					"omitted":	false,
					"sender":	true
				}],
			"sum":	{
				"start":	1.000067,
				"end":	2.000094,
				"seconds":	1.0000269412994385,
				"bytes":	101360,
				"bits_per_second":	810858.15442765947,
				"packets":	70,
				"omitted":	false,
				"sender":	true
			}
		}, {
			"streams":	[{
					"socket":	7,
					"start":	2.000094,
					"end":	3.00008,
					"seconds":	0.99998599290847778,
					"bytes":	57920,
					"bits_per_second":	463366.4904168396,
					"packets":	40,
					"omitted":	false,
					"sender":	true
				}],
			"sum":	{
				"start":	2.000094,
				"end":	3.00008,
				"seconds":	0.99998599290847778,
				"bytes":	57920,
				"bits_per_second":	463366.4904168396,
				"packets":	40,
				"omitted":	false,
				"sender":	true
			}
		}, {
			"streams":	[{
					"socket":	7,
					"start":	3.00008,
					"end":	4.000085,
					"seconds":	1.0000050067901611,
					"bytes":	53576,
					"bits_per_second":	428605.85406042688,
					"packets":	37,
					"omitted":	false,
					"sender":	true
				}],
			"sum":	{
				"start":	3.00008,
				"end":	4.000085,
				"seconds":	1.0000050067901611,
				"bytes":	53576,
				"bits_per_second":	428605.85406042688,
				"packets":	37,
				"omitted":	false,
				"sender":	true
			}
		}, {
			"streams":	[{
					"socket":	7,
					"start":	4.000085,
					"end":	5.00007,
					"seconds":	0.9999849796295166,
					"bytes":	53576,
					"bits_per_second":	428614.43794765254,
					"packets":	37,
					"omitted":	false,
					"sender":	true
				}],
			"sum":	{
				"start":	4.000085,
				"end":	5.00007,
				"seconds":	0.9999849796295166,
				"bytes":	53576,
				"bits_per_second":	428614.43794765254,
				"packets":	37,
				"omitted":	false,
				"sender":	true
			}
		}, {
			"streams":	[{
					"socket":	7,
					"start":	5.00007,
					"end":	6.00285,
					"seconds":	1.0027799606323242,
					"bytes":	52128,
					"bits_per_second":	415867.90359974548,
					"packets":	36,
					"omitted":	false,
					"sender":	true
				}],
			"sum":	{
				"start":	5.00007,
				"end":	6.00285,
				"seconds":	1.0027799606323242,
				"bytes":	52128,
				"bits_per_second":	415867.90359974548,
				"packets":	36,
				"omitted":	false,
				"sender":	true
			}
		}, {
			"streams":	[{
					"socket":	7,
					"start":	6.00285,
					"end":	7.000111,
					"seconds":	0.99726098775863647,
					"bytes":	59368,
					"bits_per_second":	476248.45033539907,
					"packets":	41,
					"omitted":	false,
					"sender":	true
				}],
			"sum":	{
				"start":	6.00285,
				"end":	7.000111,
				"seconds":	0.99726098775863647,
				"bytes":	59368,
				"bits_per_second":	476248.45033539907,
				"packets":	41,
				"omitted":	false,
				"sender":	true
			}
		}, {
			"streams":	[{
					"socket":	7,
					"start":	7.000111,
					"end":	8.000017,
					"seconds":	0.99990600347518921,
					"bytes":	47784,
					"bits_per_second":	382307.93561735563,
					"packets":	33,
					"omitted":	false,
					"sender":	true
				}],
			"sum":	{
				"start":	7.000111,
				"end":	8.000017,
				"seconds":	0.99990600347518921,
				"bytes":	47784,
				"bits_per_second":	382307.93561735563,
				"packets":	33,
				"omitted":	false,
				"sender":	true
			}
		}, {
			"streams":	[{
					"socket":	7,
					"start":	8.000017,
					"end":	9.000106,
					"seconds":	1.0000890493392944,
					"bytes":	47784,
					"bits_per_second":	382237.96196203405,
					"packets":	33,
					"omitted":	false,
					"sender":	true
				}],
			"sum":	{
				"start":	8.000017,
				"end":	9.000106,
				"seconds":	1.0000890493392944,
				"bytes":	47784,
				"bits_per_second":	382237.96196203405,
				"packets":	33,
				"omitted":	false,
				"sender":	true
			}
		}, {
			"streams":	[{
					"socket":	7,
					"start":	9.000106,
					"end":	10.00006,
					"seconds":	0.9999539852142334,
					"bytes":	52128,
					"bits_per_second":	417043.19015305029,
					"packets":	36,
					"omitted":	false,
					"sender":	true
				}],
			"sum":	{
				"start":	9.000106,
				"end":	10.00006,
				"seconds":	0.9999539852142334,
				"bytes":	52128,
				"bits_per_second":	417043.19015305029,
				"packets":	36,
				"omitted":	false,
				"sender":	true
			}
		}, {
			"streams":	[{
					"socket":	7,
					"start":	10.00006,
					"end":	11.000092,
					"seconds":	1.0000319480895996,
					"bytes":	56472,
					"bits_per_second":	451761.56708097726,
					"packets":	39,
					"omitted":	false,
					"sender":	true
				}],
			"sum":	{
				"start":	10.00006,
				"end":	11.000092,
				"seconds":	1.0000319480895996,
				"bytes":	56472,
				"bits_per_second":	451761.56708097726,
				"packets":	39,
				"omitted":	false,
				"sender":	true
			}
		}, {
			"streams":	[{
					"socket":	7,
					"start":	11.000092,
					"end":	12.000027,
					"seconds":	0.99993497133255,
					"bytes":	55024,
					"bits_per_second":	440220.62696075527,
					"packets":	38,
					"omitted":	false,
					"sender":	true
				}],
			"sum":	{
				"start":	11.000092,
				"end":	12.000027,
				"seconds":	0.99993497133255,
				"bytes":	55024,
				"bits_per_second":	440220.62696075527,
				"packets":	38,
				"omitted":	false,
				"sender":	true
			}
		}, {
			"streams":	[{
					"socket":	7,
					"start":	12.000027,
					"end":	13.000074,
					"seconds":	1.000046968460083,
					"bytes":	55024,
					"bits_per_second":	440171.325830653,
					"packets":	38,
					"omitted":	false,
					"sender":	true
				}],
			"sum":	{
				"start":	12.000027,
				"end":	13.000074,
				"seconds":	1.000046968460083,
				"bytes":	55024,
				"bits_per_second":	440171.325830653,
				"packets":	38,
				"omitted":	false,
				"sender":	true
			}
		}, {
			"streams":	[{
					"socket":	7,
					"start":	13.000074,
					"end":	14.000109,
					"seconds":	1.0000350475311279,
					"bytes":	56472,
					"bits_per_second":	451760.16692148749,
					"packets":	39,
					"omitted":	false,
					"sender":	true
				}],
			"sum":	{
				"start":	13.000074,
				"end":	14.000109,
				"seconds":	1.0000350475311279,
				"bytes":	56472,
				"bits_per_second":	451760.16692148749,
				"packets":	39,
				"omitted":	false,
				"sender":	true
			}
		}, {
			"streams":	[{
					"socket":	7,
					"start":	14.000109,
					"end":	15.000102,
					"seconds":	0.99999302625656128,
					"bytes":	52128,
					"bits_per_second":	417026.90823866508,
					"packets":	36,
					"omitted":	false,
					"sender":	true
				}],
			"sum":	{
				"start":	14.000109,
				"end":	15.000102,
				"seconds":	0.99999302625656128,
				"bytes":	52128,
				"bits_per_second":	417026.90823866508,
				"packets":	36,
				"omitted":	false,