{
	"start":	{
		"connected":	[{
				"socket":	7,
				"local_host":	"192.168.42.5",
				"local_port":	39732,
				"remote_host":	"192.168.42.1",
				"remote_port":	5204
			}],
		"version":	"iperf 3.7",
		"system_info":	"Linux rathan-VirtualBox 5.4.0-177-generic #197-Ubuntu SMP Thu Mar 28 22:45:47 UTC 2024 x86_64",
		"timestamp":	{
			"time":	"Thu, 07 Nov 2024 07:58:28 GMT",
			"timesecs":	1730966308
		},
		"connecting_to":	{
			"host":	"192.168.42.1",
			"port":	5204
		},
		"cookie":	"wfhne2nnkvsiwcmir7xcxqwcps526f7lgpgu",
		"sock_bufsize":	0,
		"sndbuf_actual":	212992,
		"rcvbuf_actual":	212992,
		"test_start":	{
			"protocol":	"UDP",
			"num_streams":	1,
			"blksize":	1448,
			"omit":	0,
			"duration":	30,
			"bytes":	0,
			"blocks":	0,
			"reverse":	0,
			"tos":	0
		}
	},
	"intervals":	[{
			"streams":	[{
					"socket":	7,
					"start":	0,
					"end":	1.000053,
					"seconds":	1.00005304813385,
					"bytes":	131768,
					"bits_per_second":	1054088.0825943048,
					"packets":	91,
					"omitted":	false,
					"sender":	true
				}],
			"sum":	{
				"start":	0,
				"end":	1.000053,
				"seconds":	1.00005304813385,
				"bytes":	131768,
				"bits_per_second":	1054088.0825943048,
				"packets":	91,
				"omitted":	false,
				"sender":	true
			}
		}, {
			"streams":	[{
					"socket":	7,
					"start":	1.000053,
					"end":	2.000058,
					"seconds":	1.0000050067901611,
					"bytes":	101360,
					"bits_per_second":	810875.94011432119,
					"packets":	70,
					"omitted":	false,
					"sender":	true
				}],
			"sum":	{
				"start":	1.000053,
				"end":	2.000058,
				"seconds":	1.0000050067901611,
				"bytes":	101360,
				"bits_per_second":	810875.94011432119,
				"packets":	70,
				"omitted":	false,
				"sender":	true
			}
		}, {
			"streams":	[{
					"socket":	7,
					"start":	2.000058,
					"end":	3.000067,
					"seconds":	1.0000089406967163,
					"bytes":	56472,
					"bits_per_second":	451771.96084391314,
					"packets":	39,
					"omitted":	false,
					"sender":	true
				}],
			"sum":	{
				"start":	2.000058,
				"end":	3.000067,
				"seconds":	1.0000089406967163,
				"bytes":	56472,
				"bits_per_second":	451771.96084391314,
				"packets":	39,
				"omitted":	false,
				"sender":	true
			}
		}, {
			"streams":	[{
					"socket":	7,
					"start":	3.000067,
					"end":	4.000088,
					"seconds":	1.0000209808349609,
					"bytes":	55024,
					"bits_per_second":	440182.76459806331,
					"packets":	38,
					"omitted":	false,
					"sender":	true
				}],
			"sum":	{
				"start":	3.000067,
				"end":	4.000088,
				"seconds":	1.0000209808349609,
				"bytes":	55024,
				"bits_per_second":	440182.76459806331,
				"packets":	38,
				"omitted":	false,
				"sender":	true
			}
		}, {
			"streams":	[{
					"socket":	7,
					"start":	4.000088,
					"end":	5.000074,
					"seconds":	0.99998599290847778,
					"bytes":	53576,
					"bits_per_second":	428614.00363557664,
					"packets":	37,
					"omitted":	false,
					"sender":	true
				}],
			"sum":	{
				"start":	4.000088,
				"end":	5.000074,
				"seconds":	0.99998599290847778,
				"bytes":	53576,
				"bits_per_second":	428614.00363557664,
				"packets":	37,
				"omitted":	false,
				"sender":	true
			}
		}, {
			"streams":	[{
					"socket":	7,
					"start":	5.000074,
					"end":	6.002708,
					"seconds":	1.0026340484619141,
					"bytes":	52128,
					"bits_per_second":	415928.42437351262,
					"packets":	36,
					"omitted":	false,
					"sender":	true
				}],
			"sum":	{
				"start":	5.000074,
				"end":	6.002708,
				"seconds":	1.0026340484619141,
				"bytes":	52128,
				"bits_per_second":	415928.42437351262,
				"packets":	36,
				"omitted":	false,
				"sender":	true
			}
		}, {
			"streams":	[{
					"socket":	7,
					"start":	6.002708,
					"end":	7.000096,
					"seconds":	0.99738800525665283,
					"bytes":	59368,
					"bits_per_second":	476187.80003052577,
					"packets":	41,
					"omitted":	false,
					"sender":	true
				}],
			"sum":	{
				"start":	6.002708,
				"end":	7.000096,
				"seconds":	0.99738800525665283,
				"bytes":	59368,
				"bits_per_second":	476187.80003052577,
				"packets":	41,
				"omitted":	false,
				"sender":	true
			}
		}, {
			"streams":	[{
					"socket":	7,
					"start":	7.000096,
					"end":	8.000107,
					"seconds":	1.0000109672546387,
					"bytes":	47784,
					"bits_per_second":	382267.80757161422,
					"packets":	33,
					"omitted":	false,
					"sender":	true
				}],
			"sum":	{
				"start":	7.000096,
				"end":	8.000107,
				"seconds":	1.0000109672546387,
				"bytes":	47784,
				"bits_per_second":	382267.80757161422,
				"packets":	33,
				"omitted":	false,
				"sender":	true
			}
		}, {
			"streams":	[{
					"socket":	7,
					"start":	8.000107,
					"end":	9.000071,
					"seconds":	0.99996399879455566,
					"bytes":	47784,
					"bits_per_second":	382285.76274828316,
					"packets":	33,
					"omitted":	false,
					"sender":	true
				}],
			"sum":	{
				"start":	8.000107,
				"end":	9.000071,
				"seconds":	0.99996399879455566,
				"bytes":	47784,
				"bits_per_second":	382285.76274828316,
				"packets":	33,
				"omitted":	false,
				"sender":	true
			}
		}, {
			"streams":	[{
					"socket":	7,
					"start":	9.000071,
					"end":	10.000069,
					"seconds":	0.99999797344207764,
					"bytes":	52128,
					"bits_per_second":	417024.84512500372,
					"packets":	36,
					"omitted":	false,
					"sender":	true
				}],
			"sum":	{
				"start":	9.000071,
				"end":	10.000069,
				"seconds":	0.99999797344207764,
				"bytes":	52128,
				"bits_per_second":	417024.84512500372,
				"packets":	36,
				"omitted":	false,
				"sender":	true
			}
		}, {
			"streams":	[{
					"socket":	7,
					"start":	10.000069,
					"end":	11.000111,
					"seconds":	1.0000419616699219,
					"bytes":	56472,
					"bits_per_second":	451757.04352005495,
					"packets":	39,
					"omitted":	false,
					"sender":	true
				}],
			"sum":	{
				"start":	10.000069,
				"end":	11.000111,
				"seconds":	1.0000419616699219,
				"bytes":	56472,
				"bits_per_second":	451757.04352005495,
				"packets":	39,
				"omitted":	false,
				"sender":	true
			}
		}, {
			"streams":	[{
					"socket":	7,
					"start":	11.000111,
					"end":	12.000088,
					"seconds":	0.9999769926071167,
					"bytes":	55024,
					"bits_per_second":	440202.12790330476,
					"packets":	38,
					"omitted":	false,
					"sender":	true
				}],
			"sum":	{
				"start":	11.000111,
				"end":	12.000088,
				"seconds":	0.9999769926071167,
				"bytes":	55024,
				"bits_per_second":	440202.12790330476,
				"packets":	38,
				"omitted":	false,
				"sender":	true
			}
		}, {
			"streams":	[{
					"socket":	7,
					"start":	12.000088,
					"end":	13.000088,
					"seconds":	1,
					"bytes":	55024,
					"bits_per_second":	440192,
					"packets":	38,
					"omitted":	false,
					"sender":	true
				}],
			"sum":	{
				"start":	12.000088,
				"end":	13.000088,
				"seconds":	1,
				"bytes":	55024,
				"bits_per_second":	440192,
				"packets":	38,
				"omitted":	false,
				"sender":	true
			}
		}, {
			"streams":	[{
					"socket":	7,
					"start":	13.000088,
					"end":	14.000068,
					"seconds":	0.99997997283935547,
					"bytes":	55024,
					"bits_per_second":	440200.81597245735,
					"packets":	38,
					"omitted":	false,
					"sender":	true
				}],
			"sum":	{
				"start":	13.000088,
				"end":	14.000068,
				"seconds":	0.99997997283935547,
				"bytes":	55024,
				"bits_per_second":	440200.81597245735,
				"packets":	38,
				"omitted":	false,
				"sender":	true
			}
		}, {
			"streams":	[{
					"socket":	7,
					"start":	14.000068,
					"end":	15.000084,
					"seconds":	1.0000159740447998,
					"bytes":	52128,
					"bits_per_second":	417017.33854635176,
					"packets":	36,
					"omitted":	false,
					"sender":	true
				}],
			"sum":	{
				"start":	14.000068,
				"end":	15.000084,
				"seconds":	1.0000159740447998,
				"bytes":	52128,
				"bits_per_second":	417017.33854635176,
				"packets":	36,
				"omitted":	false,
				"sender":	true
			}
		}, {
			"streams":	[{
					"socket":	7,