{
	"start":	{
		"connected":	[{
				"socket":	7,
				"local_host":	"192.168.42.8",
				"local_port":	39455,
				"remote_host":	"192.168.42.1",
				"remote_port":	5207
			}],
		"version":	"iperf 3.7",
		"system_info":	"Linux rathan-VirtualBox 5.4.0-177-generic #197-Ubuntu SMP Thu Mar 28 22:45:47 UTC 2024 x86_64",
		"timestamp":	{
			"time":	"Thu, 07 Nov 2024 07:58:28 GMT",
			"timesecs":	1730966308
		},
		"connecting_to":	{
			"host":	"192.168.42.1",
			"port":	5207
		},
		"cookie":	"qkqvopeefcunxqeu7jzpfebgfpxli6wccusa",
		"sock_bufsize":	0,
		"sndbuf_actual":	212992,
		"rcvbuf_actual":	212992,
		"test_start":	{
			"protocol":	"UDP",
			"num_streams":	1,
			"blksize":	1448,
			"omit":	0,
			"duration":	30,
			"bytes":	0,
			"blocks":	0,
			"reverse":	0,
			"tos":	0
		}
	},
	"intervals":	[{
			"streams":	[{
					"socket":	7,
					"start":	0,
					"end":	1.000094,
					"seconds":	1.0000940561294556,
					"bytes":	131768,
					"bits_per_second":	1054044.8606201375,
					"packets":	91,
					"omitted":	false,
					"sender":	true
				}],
			"sum":	{
				"start":	0,
				"end":	1.000094,
				"seconds":	1.0000940561294556,
				"bytes":	131768,
				"bits_per_second":	1054044.8606201375,
				"packets":	91,
				"omitted":	false,
				"sender":	true
			}
		}, {
			"streams":	[{
					"socket":	7,
					"start":	1.000094,
					"end":	2.000019,
					"seconds":	0.99992501735687256,
					"bytes":	101360,
					"bits_per_second":	810940.80648509017,
					"packets":	70,
					"omitted":	false,
					"sender":	true
				}],
			"sum":	{
				"start":	1.000094,
				"end":	2.000019,
				"seconds":	0.99992501735687256,
				"bytes":	101360,
				"bits_per_second":	810940.80648509017,
				"packets":	70,
				"omitted":	false,
				"sender":	true
			}
		}, {
			"streams":	[{
					"socket":	7,
					"start":	2.000019,
					"end":	3.000086,
					"seconds":	1.0000669956207275,
					"bytes":	56472,
					"bits_per_second":	451745.73501407169,
					"packets":	39,
					"omitted":	false,
					"sender":	true
				}],
			"sum":	{
				"start":	2.000019,
				"end":	3.000086,
				"seconds":	1.0000669956207275,
				"bytes":	56472,
				"bits_per_second":	451745.73501407169,
				"packets":	39,
				"omitted":	false,
				"sender":	true
			}
		}, {
			"streams":	[{
					"socket":	7,
					"start":	3.000086,
					"end":	4.000098,
					"seconds":	1.0000120401382446,
					"bytes":	55024,
					"bits_per_second":	440186.70009127748,
					"packets":	38,
					"omitted":	false,
					"sender":	true
				}],
			"sum":	{
				"start":	3.000086,
				"end":	4.000098,
				"seconds":	1.0000120401382446,
				"bytes":	55024,
				"bits_per_second":	440186.70009127748,
				"packets":	38,
				"omitted":	false,
				"sender":	true
			}
		}, {
			"streams":	[{
					"socket":	7,
					"start":	4.000098,
					"end":	5.000086,
					"seconds":	0.99998801946640015,
					"bytes":	52128,
					"bits_per_second":	417028.99622990144,
					"packets":	36,
					"omitted":	false,
					"sender":	true
				}],
			"sum":	{
				"start":	4.000098,
				"end":	5.000086,
				"seconds":	0.99998801946640015,
				"bytes":	52128,
				"bits_per_second":	417028.99622990144,
				"packets":	36,
				"omitted":	false,
				"sender":	true
			}
		}, {
			"streams":	[{
					"socket":	7,
					"start":	5.000086,
					"end":	6.00271,
					"seconds":	1.0026240348815918,
					"bytes":	53576,
					"bits_per_second":	427486.26113936905,
					"packets":	37,
					"omitted":	false,
					"sender":	true
				}],
			"sum":	{
				"start":	5.000086,
				"end":	6.00271,
				"seconds":	1.0026240348815918,
				"bytes":	53576,
				"bits_per_second":	427486.26113936905,
				"packets":	37,
				"omitted":	false,
				"sender":	true
			}
		}, {
			"streams":	[{
					"socket":	7,
					"start":	6.00271,
					"end":	7.000112,
					"seconds":	0.997402012348175,
					"bytes":	59368,
					"bits_per_second":	476181.11265069881,
					"packets":	41,
					"omitted":	false,
					"sender":	true
				}],
			"sum":	{
				"start":	6.00271,
				"end":	7.000112,
				"seconds":	0.997402012348175,
				"bytes":	59368,
				"bits_per_second":	476181.11265069881,
				"packets":	41,
				"omitted":	false,
				"sender":	true
			}
		}, {
			"streams":	[{
					"socket":	7,
					"start":	7.000112,
					"end":	8.000064,
					"seconds":	0.99995201826095581,
					"bytes":	47784,
					"bits_per_second":	382290.3429554748,
					"packets":	33,
					"omitted":	false,
					"sender":	true
				}],
			"sum":	{
				"start":	7.000112,
				"end":	8.000064,
				"seconds":	0.99995201826095581,
				"bytes":	47784,
				"bits_per_second":	382290.3429554748,
				"packets":	33,
				"omitted":	false,
				"sender":	true
			}
		}, {
			"streams":	[{
					"socket":	7,
					"start":	8.000064,
					"end":	9.000142,
					"seconds":	1.0000779628753662,
					"bytes":	46336,
					"bits_per_second":	370659.10235060006,
					"packets":	32,
					"omitted":	false,
					"sender":	true
				}],
			"sum":	{
				"start":	8.000064,
				"end":	9.000142,
				"seconds":	1.0000779628753662,
				"bytes":	46336,
				"bits_per_second":	370659.10235060006,
				"packets":	32,
				"omitted":	false,
				"sender":	true
			}
		}, {
			"streams":	[{
					"socket":	7,
					"start":	9.000142,
					"end":	10.00007,
					"seconds":	0.99992799758911133,
					"bytes":	53576,
					"bits_per_second":	428638.86303153884,
					"packets":	37,
					"omitted":	false,
					"sender":	true
				}],
			"sum":	{
				"start":	9.000142,
				"end":	10.00007,
				"seconds":	0.99992799758911133,
				"bytes":	53576,
				"bits_per_second":	428638.86303153884,
				"packets":	37,
				"omitted":	false,
				"sender":	true
			}
		}, {
			"streams":	[{
					"socket":	7,
					"start":	10.00007,
					"end":	11.000182,
					"seconds":	1.0001120567321777,
					"bytes":	56472,
					"bits_per_second":	451725.38112994883,
					"packets":	39,
					"omitted":	false,
					"sender":	true
				}],
			"sum":	{
				"start":	10.00007,
				"end":	11.000182,
				"seconds":	1.0001120567321777,
				"bytes":	56472,
				"bits_per_second":	451725.38112994883,
				"packets":	39,
				"omitted":	false,
				"sender":	true
			}
		}, {
			"streams":	[{
					"socket":	7,
					"start":	11.000182,
					"end":	12.0001,
					"seconds":	0.99991798400878906,
					"bytes":	55024,
					"bits_per_second":	440228.10574445152,
					"packets":	38,
					"omitted":	false,
					"sender":	true
				}],
			"sum":	{
				"start":	11.000182,
				"end":	12.0001,
				"seconds":	0.99991798400878906,
				"bytes":	55024,
				"bits_per_second":	440228.10574445152,
				"packets":	38,
				"omitted":	false,
				"sender":	true
			}
		}, {
			"streams":	[{
					"socket":	7,
					"start":	12.0001,
					"end":	13.000074,
					"seconds":	0.99997401237487793,
					"bytes":	55024,
					"bits_per_second":	440203.43984197208,
					"packets":	38,
					"omitted":	false,
					"sender":	true
				}],
			"sum":	{
				"start":	12.0001,
				"end":	13.000074,
				"seconds":	0.99997401237487793,
				"bytes":	55024,
				"bits_per_second":	440203.43984197208,
				"packets":	38,
				"omitted":	false,
				"sender":	true
			}
		}, {
			"streams":	[{
					"socket":	7,
					"start":	13.000074,
					"end":	14.000124,
					"seconds":	1.0000499486923218,
					"bytes":	55024,
					"bits_per_second":	440170.01408339728,
					"packets":	38,
					"omitted":	false,
					"sender":	true
				}],
			"sum":	{
				"start":	13.000074,
				"end":	14.000124,
				"seconds":	1.0000499486923218,
				"bytes":	55024,
				"bits_per_second":	440170.01408339728,
				"packets":	38,
				"omitted":	false,
				"sender":	true
			}
		}, {
			"streams":	[{
					"socket":	7,
					"start":	14.000124,
					"end":	15.000092,
					"seconds":	0.99996799230575562,
					"bytes":	53576,
					"bits_per_second":	428621.71919293446,
					"packets":	37,
					"omitted":	false,
					"sender":	true
				}],
			"sum":	{
				"start":	14.000124,
				"end":	15.000092,
				"seconds":	0.99996799230575562,
				"bytes":	53576,
				"bits_per_second":	428621.71919293446,
				"packets":	37,
				"omitted":	false,