{
	"start":	{
		"connected":	[{
				"socket":	7,
				"local_host":	"192.168.42.9",
				"local_port":	42715,
				"remote_host":	"192.168.42.1",
				"remote_port":	5208
			}],
		"version":	"iperf 3.7",
		"system_info":	"Linux rathan-VirtualBox 5.4.0-177-generic #197-Ubuntu SMP Thu Mar 28 22:45:47 UTC 2024 x86_64",
		"timestamp":	{
			"time":	"Thu, 07 Nov 2024 07:58:28 GMT",
			"timesecs":	1730966308
		},
		"connecting_to":	{
			"host":	"192.168.42.1",
			"port":	5208
		},
		"cookie":	"cgvs22ehqmsasno7xervecby43ux6dnax7xu",
		"sock_bufsize":	0,
		"sndbuf_actual":	212992,
		"rcvbuf_actual":	212992,
		"test_start":	{
			"protocol":	"UDP",
			"num_streams":	1,
			"blksize":	1448,
			"omit":	0,
			"duration":	30,
			"bytes":	0,
			"blocks":	0,
			"reverse":	0,
			"tos":	0
		}
	},
	"intervals":	[{
			"streams":	[{
					"socket":	7,
					"start":	0,
					"end":	1.00011,
					"seconds":	1.0001100301742554,
					"bytes":	131768,
					"bits_per_second":	1054028.0251127267,
					"packets":	91,
					"omitted":	false,
					"sender":	true
				}],
			"sum":	{
				"start":	0,
				"end":	1.00011,
				"seconds":	1.0001100301742554,
				"bytes":	131768,
				"bits_per_second":	1054028.0251127267,
				"packets":	91,
				"omitted":	false,
				"sender":	true
			}
		}, {
			"streams":	[{
					"socket":	7,
					"start":	1.00011,
					"end":	2.000069,
					"seconds":	0.99995899200439453,
					"bytes":	101360,
					"bits_per_second":	810913.25392715342,
					"packets":	70,
					"omitted":	false,
					"sender":	true
				}],
			"sum":	{
				"start":	1.00011,
				"end":	2.000069,
				"seconds":	0.99995899200439453,
				"bytes":	101360,
				"bits_per_second":	810913.25392715342,
				"packets":	70,
				"omitted":	false,
				"sender":	true
			}
		}, {
			"streams":	[{
					"socket":	7,
					"start":	2.000069,
					"end":	3.000121,
					"seconds":	1.0000519752502441,
					"bytes":	57920,
					"bits_per_second":	463335.91799971485,
					"packets":	40,
					"omitted":	false,
					"sender":	true
				}],
			"sum":	{
				"start":	2.000069,
				"end":	3.000121,
				"seconds":	1.0000519752502441,
				"bytes":	57920,
				"bits_per_second":	463335.91799971485,
				"packets":	40,
				"omitted":	false,
				"sender":	true
			}
		}, {
			"streams":	[{
					"socket":	7,
					"start":	3.000121,
					"end":	4.000069,
					"seconds":	0.99994802474975586,
					"bytes":	55024,
					"bits_per_second":	440214.88027856365,
					"packets":	38,
					"omitted":	false,
					"sender":	true
				}],
			"sum":	{
				"start":	3.000121,
				"end":	4.000069,
				"seconds":	0.99994802474975586,
				"bytes":	55024,
				"bits_per_second":	440214.88027856365,
				"packets":	38,
				"omitted":	false,
				"sender":	true
			}
		}, {
			"streams":	[{
					"socket":	7,
					"start":	4.000069,
					"end":	5.00013,
					"seconds":	1.00006103515625,
					"bytes":	52128,
					"bits_per_second":	416998.54842844064,
					"packets":	36,
					"omitted":	false,
					"sender":	true
				}],
			"sum":	{
				"start":	4.000069,
				"end":	5.00013,
				"seconds":	1.00006103515625,
				"bytes":	52128,
				"bits_per_second":	416998.54842844064,
				"packets":	36,
				"omitted":	false,
				"sender":	true
			}
		}, {
			"streams":	[{
					"socket":	7,
					"start":	5.00013,
					"end":	6.001332,
					"seconds":	1.0012019872665405,
					"bytes":	53576,
					"bits_per_second":	428093.43713966856,
					"packets":	37,
					"omitted":	false,
					"sender":	true
				}],
			"sum":	{
				"start":	5.00013,
				"end":	6.001332,
				"seconds":	1.0012019872665405,
				"bytes":	53576,
				"bits_per_second":	428093.43713966856,
				"packets":	37,
				"omitted":	false,
				"sender":	true
			}
		}, {
			"streams":	[{
					"socket":	7,
					"start":	6.001332,
					"end":	7.000127,
					"seconds":	0.99879497289657593,
					"bytes":	57920,
					"bits_per_second":	463919.0350109826,
					"packets":	40,
					"omitted":	false,
					"sender":	true
				}],
			"sum":	{
				"start":	6.001332,
				"end":	7.000127,
				"seconds":	0.99879497289657593,
				"bytes":	57920,
				"bits_per_second":	463919.0350109826,
				"packets":	40,
				"omitted":	false,
				"sender":	true
			}
		}, {
			"streams":	[{
					"socket":	7,
					"start":	7.000127,
					"end":	8.000068,
					"seconds":	0.99994099140167236,
					"bytes":	49232,
					"bits_per_second":	393879.24226199626,
					"packets":	34,
					"omitted":	false,
					"sender":	true
				}],
			"sum":	{
				"start":	7.000127,
				"end":	8.000068,
				"seconds":	0.99994099140167236,
				"bytes":	49232,
				"bits_per_second":	393879.24226199626,
				"packets":	34,
				"omitted":	false,
				"sender":	true
			}
		}, {
			"streams":	[{
					"socket":	7,
					"start":	8.000068,
					"end":	9.000102,
					"seconds":	1.000033974647522,
					"bytes":	46336,
					"bits_per_second":	370675.40643372136,
					"packets":	32,
					"omitted":	false,
					"sender":	true
				}],
			"sum":	{
				"start":	8.000068,
				"end":	9.000102,
				"seconds":	1.000033974647522,
				"bytes":	46336,
				"bits_per_second":	370675.40643372136,
				"packets":	32,
				"omitted":	false,
				"sender":	true
			}
		}, {
			"streams":	[{
					"socket":	7,
					"start":	9.000102,
					"end":	10.000102,
					"seconds":	1,
					"bytes":	53576,
					"bits_per_second":	428608,
					"packets":	37,
					"omitted":	false,
					"sender":	true
				}],
			"sum":	{
				"start":	9.000102,
				"end":	10.000102,
				"seconds":	1,
				"bytes":	53576,
				"bits_per_second":	428608,
				"packets":	37,
				"omitted":	false,
				"sender":	true
			}
		}, {
			"streams":	[{
					"socket":	7,
					"start":	10.000102,
					"end":	11.000079,
					"seconds":	0.9999769926071167,
					"bytes":	56472,
					"bits_per_second":	451786.39442707592,
					"packets":	39,
					"omitted":	false,
					"sender":	true
				}],
			"sum":	{
				"start":	10.000102,
				"end":	11.000079,
				"seconds":	0.9999769926071167,
				"bytes":	56472,
				"bits_per_second":	451786.39442707592,
				"packets":	39,
				"omitted":	false,
				"sender":	true
			}
		}, {
			"streams":	[{
					"socket":	7,
					"start":	11.000079,
					"end":	12.000026,
					"seconds":	0.99994701147079468,
					"bytes":	55024,
					"bits_per_second":	440215.32636267762,
					"packets":	38,
					"omitted":	false,
					"sender":	true
				}],
			"sum":	{
				"start":	11.000079,
				"end":	12.000026,
				"seconds":	0.99994701147079468,
				"bytes":	55024,
				"bits_per_second":	440215.32636267762,
				"packets":	38,
				"omitted":	false,
				"sender":	true
			}
		}, {
			"streams":	[{
					"socket":	7,
					"start":	12.000026,
					"end":	13.000089,
					"seconds":	1.0000629425048828,
					"bytes":	53576,
					"bits_per_second":	428581.02403680189,
					"packets":	37,
					"omitted":	false,
					"sender":	true
				}],
			"sum":	{
				"start":	12.000026,
				"end":	13.000089,
				"seconds":	1.0000629425048828,
				"bytes":	53576,
				"bits_per_second":	428581.02403680189,
				"packets":	37,
				"omitted":	false,
				"sender":	true
			}
		}, {
			"streams":	[{
					"socket":	7,
					"start":	13.000089,
					"end":	14.000019,
					"seconds":	0.99993002414703369,
					"bytes":	56472,
					"bits_per_second":	451807.61562327994,
					"packets":	39,
					"omitted":	false,
					"sender":	true
				}],
			"sum":	{
				"start":	13.000089,
				"end":	14.000019,
				"seconds":	0.99993002414703369,
				"bytes":	56472,
				"bits_per_second":	451807.61562327994,
				"packets":	39,
				"omitted":	false,
				"sender":	true
			}
		}, {
			"streams":	[{
					"socket":	7,
					"start":	14.000019,
					"end":	15.000092,
					"seconds":	1.0000729560852051,
					"bytes":	52128,
					"bits_per_second":	416993.57778100943,
					"packets":	36,
					"omitted":	false,
					"sender":	true
				}],
			"sum":	{
				"start":	14.000019,
				"end":	15.000092,
				"seconds":	1.0000729560852051,
				"bytes":	52128,
				"bits_per_second":	416993.57778100943,
				"packets":	36,
				"omitted":	false,
				"sender":	true
			}
		}, {
			"streams":	[{
					"socket":	7,
					"start":	15.000092,