{
	"start":	{
		"connected":	[{
				"socket":	7,
				"local_host":	"192.168.42.10",
				"local_port":	52522,
				"remote_host":	"192.168.42.1",
				"remote_port":	5209
			}],
		"version":	"iperf 3.7",
		"system_info":	"Linux rathan-VirtualBox 5.4.0-177-generic #197-Ubuntu SMP Thu Mar 28 22:45:47 UTC 2024 x86_64",
		"timestamp":	{
			"time":	"Thu, 07 Nov 2024 07:58:28 GMT",
			"timesecs":	1730966308
		},
		"connecting_to":	{
			"host":	"192.168.42.1",
			"port":	5209
		},
		"cookie":	"yfrulaetn4ev3uvl7zrbwd6zzazjygo3sqkd",
		"sock_bufsize":	0,
		"sndbuf_actual":	212992,
		"rcvbuf_actual":	212992,
		"test_start":	{
			"protocol":	"UDP",
			"num_streams":	1,
			"blksize":	1448,
			"omit":	0,
			"duration":	30,
			"bytes":	0,
			"blocks":	0,
			"reverse":	0,
			"tos":	0
		}
	},
	"intervals":	[{
			"streams":	[{
					"socket":	7,
					"start":	0,
					"end":	1.000128,
					"seconds":	1.0001280307769775,
					"bytes":	131768,
					"bits_per_second":	1054009.0544018236,
					"packets":	91,
					"omitted":	false,
					"sender":	true
				}],
			"sum":	{
				"start":	0,
				"end":	1.000128,
				"seconds":	1.0001280307769775,
				"bytes":	131768,
				"bits_per_second":	1054009.0544018236,
				"packets":	91,
				"omitted":	false,
				"sender":	true
			}
		}, {
			"streams":	[{
					"socket":	7,
					"start":	1.000128,
					"end":	2.000093,
					"seconds":	0.99996501207351685,
					"bytes":	99912,
					"bits_per_second":	799323.96668818267,
					"packets":	69,
					"omitted":	false,
					"sender":	true
				}],
			"sum":	{
				"start":	1.000128,
				"end":	2.000093,
				"seconds":	0.99996501207351685,
				"bytes":	99912,
				"bits_per_second":	799323.96668818267,
				"packets":	69,
				"omitted":	false,
				"sender":	true
			}
		}, {
			"streams":	[{
					"socket":	7,
					"start":	2.000093,
					"end":	3.000099,
					"seconds":	1.0000059604644775,
					"bytes":	57920,
					"bits_per_second":	463357.23817564145,
					"packets":	40,
					"omitted":	false,
					"sender":	true
				}],
			"sum":	{
				"start":	2.000093,
				"end":	3.000099,
				"seconds":	1.0000059604644775,
				"bytes":	57920,
				"bits_per_second":	463357.23817564145,
				"packets":	40,
				"omitted":	false,
				"sender":	true
			}
		}, {
			"streams":	[{
					"socket":	7,
					"start":	3.000099,
					"end":	4.000127,
					"seconds":	1.0000280141830444,
					"bytes":	55024,
					"bits_per_second":	440179.66872618784,
					"packets":	38,
					"omitted":	false,
					"sender":	true
				}],
			"sum":	{
				"start":	3.000099,
				"end":	4.000127,
				"seconds":	1.0000280141830444,
				"bytes":	55024,
				"bits_per_second":	440179.66872618784,
				"packets":	38,
				"omitted":	false,
				"sender":	true
			}
		}, {
			"streams":	[{
					"socket":	7,
					"start":	4.000127,
					"end":	5.000211,
					"seconds":	1.0000840425491333,
					"bytes":	53576,
					"bits_per_second":	428571.98171816929,
					"packets":	37,
					"omitted":	false,
					"sender":	true
				}],
			"sum":	{
				"start":	4.000127,
				"end":	5.000211,
				"seconds":	1.0000840425491333,
				"bytes":	53576,
				"bits_per_second":	428571.98171816929,
				"packets":	37,
				"omitted":	false,
				"sender":	true
			}
		}, {
			"streams":	[{
					"socket":	7,
					"start":	5.000211,
					"end":	6.000137,
					"seconds":	0.999925971031189,
					"bytes":	52128,
					"bits_per_second":	417054.87414227036,
					"packets":	36,
					"omitted":	false,
					"sender":	true
				}],
			"sum":	{
				"start":	5.000211,
				"end":	6.000137,
				"seconds":	0.999925971031189,
				"bytes":	52128,
				"bits_per_second":	417054.87414227036,
				"packets":	36,
				"omitted":	false,
				"sender":	true
			}
		}, {
			"streams":	[{
					"socket":	7,
					"start":	6.000137,
					"end":	7.000144,
					"seconds":	1.0000070333480835,
					"bytes":	57920,
					"bits_per_second":	463356.74105075334,
					"packets":	40,
					"omitted":	false,
					"sender":	true
				}],
			"sum":	{
				"start":	6.000137,
				"end":	7.000144,
				"seconds":	1.0000070333480835,
				"bytes":	57920,
				"bits_per_second":	463356.74105075334,
				"packets":	40,
				"omitted":	false,
				"sender":	true
			}
		}, {
			"streams":	[{
					"socket":	7,
					"start":	7.000144,
					"end":	8.000189,
					"seconds":	1.0000449419021606,
					"bytes":	49232,
					"bits_per_second":	393838.30015764717,
					"packets":	34,
					"omitted":	false,
					"sender":	true
				}],
			"sum":	{
				"start":	7.000144,
				"end":	8.000189,
				"seconds":	1.0000449419021606,
				"bytes":	49232,
				"bits_per_second":	393838.30015764717,
				"packets":	34,
				"omitted":	false,
				"sender":	true
			}
		}, {
			"streams":	[{
					"socket":	7,
					"start":	8.000189,
					"end":	9.000113,
					"seconds":	0.99992400407791138,
					"bytes":	46336,
					"bits_per_second":	370716.172917394,
					"packets":	32,
					"omitted":	false,
					"sender":	true
				}],
			"sum":	{
				"start":	8.000189,
				"end":	9.000113,
				"seconds":	0.99992400407791138,
				"bytes":	46336,
				"bits_per_second":	370716.172917394,
				"packets":	32,
				"omitted":	false,
				"sender":	true
			}
		}, {
			"streams":	[{
					"socket":	7,
					"start":	9.000113,
					"end":	10.000103,
					"seconds":	0.99998998641967773,
					"bytes":	53576,
					"bits_per_second":	428612.29194361251,
					"packets":	37,
					"omitted":	false,
					"sender":	true
				}],
			"sum":	{
				"start":	9.000113,
				"end":	10.000103,
				"seconds":	0.99998998641967773,
				"bytes":	53576,
				"bits_per_second":	428612.29194361251,
				"packets":	37,
				"omitted":	false,
				"sender":	true
			}
		}, {
			"streams":	[{
					"socket":	7,
					"start":	10.000103,
					"end":	11.000103,
					"seconds":	1,
					"bytes":	56472,
					"bits_per_second":	451776,
					"packets":	39,
					"omitted":	false,
					"sender":	true
				}],
			"sum":	{
				"start":	10.000103,
				"end":	11.000103,
				"seconds":	1,
				"bytes":	56472,
				"bits_per_second":	451776,
				"packets":	39,
				"omitted":	false,
				"sender":	true
			}
		}, {
			"streams":	[{
					"socket":	7,
					"start":	11.000103,
					"end":	12.000168,
					"seconds":	1.0000649690628052,
					"bytes":	55024,
					"bits_per_second":	440163.40299622621,
					"packets":	38,
					"omitted":	false,
					"sender":	true
				}],
			"sum":	{
				"start":	11.000103,
				"end":	12.000168,
				"seconds":	1.0000649690628052,
				"bytes":	55024,
				"bits_per_second":	440163.40299622621,
				"packets":	38,
				"omitted":	false,
				"sender":	true
			}
		}, {
			"streams":	[{
					"socket":	7,
					"start":	12.000168,
					"end":	13.000172,
					"seconds":	1.0000040531158447,
					"bytes":	55024,
					"bits_per_second":	440190.21585806139,
					"packets":	38,
					"omitted":	false,
					"sender":	true
				}],
			"sum":	{
				"start":	12.000168,
				"end":	13.000172,
				"seconds":	1.0000040531158447,
				"bytes":	55024,
				"bits_per_second":	440190.21585806139,
				"packets":	38,
				"omitted":	false,
				"sender":	true
			}
		}, {
			"streams":	[{
					"socket":	7,
					"start":	13.000172,
					"end":	14.000082,
					"seconds":	0.99990999698638916,
					"bytes":	55024,
					"bits_per_second":	440231.62217268231,
					"packets":	38,
					"omitted":	false,
					"sender":	true
				}],
			"sum":	{
				"start":	13.000172,
				"end":	14.000082,
				"seconds":	0.99990999698638916,
				"bytes":	55024,
				"bits_per_second":	440231.62217268231,
				"packets":	38,
				"omitted":	false,
				"sender":	true
			}
		}, {
			"streams":	[{
					"socket":	7,
					"start":	14.000082,
					"end":	15.000093,
					"seconds":	1.0000109672546387,
					"bytes":	52128,
					"bits_per_second":	417019.42644176097,
					"packets":	36,
					"omitted":	false,
					"sender":	true
				}],
			"sum":	{
				"start":	14.000082,
				"end":	15.000093,
				"seconds":	1.0000109672546387,
				"bytes":	52128,
				"bits_per_second":	417019.42644176097,
				"packets":	36,
				"omitted":	false,
				"sender":	true
			}
		}, {
			"streams":	[{
					"socket":	7,
					"start":	15.000093,