{
	"start":	{
		"connected":	[{
				"socket":	7,
				"local_host":	"192.168.42.12",
				"local_port":	55058,
				"remote_host":	"192.168.42.1",
				"remote_port":	5211
			}],
		"version":	"iperf 3.7",
		"system_info":	"Linux rathan-VirtualBox 5.4.0-177-generic #197-Ubuntu SMP Thu Mar 28 22:45:47 UTC 2024 x86_64",
		"timestamp":	{
			"time":	"Wed, 06 Nov 2024 09:11:15 GMT",
			"timesecs":	1730884275
		},
		"connecting_to":	{
			"host":	"192.168.42.1",
			"port":	5211
		},
		"cookie":	"37olt2ztcht6qk5lhyo7cqscpxcqtnrxswid",
		"tcp_mss_default":	1448,
		"sock_bufsize":	0,
		"sndbuf_actual":	87380,
		"rcvbuf_actual":	87380,
		"test_start":	{
			"protocol":	"TCP",
			"num_streams":	1,
			"blksize":	131072,
			"omit":	0,
			"duration":	30,
			"bytes":	0,
			"blocks":	0,
			"reverse":	0,
			"tos":	0
		}
	},
	"intervals":	[{
			"streams":	[{
					"socket":	7,
					"start":	0,
					"end":	1.000623,
					"seconds":	1.0006229877471924,
					"bytes":	101360,
					"bits_per_second":	810375.14621327992,
					"retransmits":	3,
					"snd_cwnd":	14480,
					"rtt":	227727,
					"rttvar":	34697,
					"pmtu":	1500,
					"omitted":	false,
					"sender":	true
				}],
			"sum":	{
				"start":	0,
				"end":	1.000623,
				"seconds":	1.0006229877471924,
				"bytes":	101360,
				"bits_per_second":	810375.14621327992,
				"retransmits":	3,
				"omitted":	false,
				"sender":	true
			}
		}, {
			"streams":	[{
					"socket":	7,
					"start":	1.000623,
					"end":	2.003269,
					"seconds":	1.0026459693908691,
					"bytes":	65160,
					"bits_per_second":	519904.34900634945,
					"retransmits":	0,
					"snd_cwnd":	14480,
					"rtt":	245602,
					"rttvar":	41362,
					"pmtu":	1500,
					"omitted":	false,
					"sender":	true
				}],
			"sum":	{
				"start":	1.000623,
				"end":	2.003269,
				"seconds":	1.0026459693908691,
				"bytes":	65160,
				"bits_per_second":	519904.34900634945,
				"retransmits":	0,
				"omitted":	false,
				"sender":	true
			}
		}, {
			"streams":	[{
					"socket":	7,
					"start":	2.003269,
					"end":	3.006526,
					"seconds":	1.0032570362091064,
					"bytes":	0,
					"bits_per_second":	0,
					"retransmits":	1,
					"snd_cwnd":	4344,
					"rtt":	347940,
					"rttvar":	88474,
					"pmtu":	1500,
					"omitted":	false,
					"sender":	true
				}],
			"sum":	{
				"start":	2.003269,
				"end":	3.006526,
				"seconds":	1.0032570362091064,
				"bytes":	0,
				"bits_per_second":	0,
				"retransmits":	1,
				"omitted":	false,
				"sender":	true
			}
		}, {
			"streams":	[{
					"socket":	7,
					"start":	3.006526,
					"end":	4.003627,
					"seconds":	0.99710100889205933,
					"bytes":	0,
					"bits_per_second":	0,
					"retransmits":	1,
					"snd_cwnd":	10136,
					"rtt":	410310,
					"rttvar":	112252,
					"pmtu":	1500,
					"omitted":	false,
					"sender":	true
				}],
			"sum":	{
				"start":	3.006526,
				"end":	4.003627,
				"seconds":	0.99710100889205933,
				"bytes":	0,
				"bits_per_second":	0,
				"retransmits":	1,
				"omitted":	false,
				"sender":	true
			}
		}, {
			"streams":	[{
					"socket":	7,
					"start":	4.003627,
					"end":	5.001039,
					"seconds":	0.99741202592849731,
					"bytes":	0,
					"bits_per_second":	0,
					"retransmits":	2,
					"snd_cwnd":	2896,
					"rtt":	396484,
					"rttvar":	49634,
					"pmtu":	1500,
					"omitted":	false,
					"sender":	true
				}],
			"sum":	{
				"start":	4.003627,
				"end":	5.001039,
				"seconds":	0.99741202592849731,
				"bytes":	0,
				"bits_per_second":	0,
				"retransmits":	2,
				"omitted":	false,
				"sender":	true
			}
		}, {
			"streams":	[{
					"socket":	7,
					"start":	5.001039,
					"end":	6.00162,
					"seconds":	1.0005810260772705,
					"bytes":	0,
					"bits_per_second":	0,
					"retransmits":	1,
					"snd_cwnd":	2896,
					"rtt":	391112,
					"rttvar":	44416,
					"pmtu":	1500,
					"omitted":	false,
					"sender":	true
				}],
			"sum":	{
				"start":	5.001039,
				"end":	6.00162,
				"seconds":	1.0005810260772705,
				"bytes":	0,
				"bits_per_second":	0,
				"retransmits":	1,
				"omitted":	false,
				"sender":	true
			}
		}, {
			"streams":	[{
					"socket":	7,
					"start":	6.00162,
					"end":	7.002639,
					"seconds":	1.00101900100708,
					"bytes":	0,
					"bits_per_second":	0,
					"retransmits":	0,
					"snd_cwnd":	4344,
					"rtt":	379107,
					"rttvar":	33096,
					"pmtu":	1500,
					"omitted":	false,
					"sender":	true
				}],
			"sum":	{
				"start":	6.00162,
				"end":	7.002639,
				"seconds":	1.00101900100708,
				"bytes":	0,
				"bits_per_second":	0,
				"retransmits":	0,
				"omitted":	false,
				"sender":	true
			}
		}, {
			"streams":	[{
					"socket":	7,
					"start":	7.002639,
					"end":	8.002997,
					"seconds":	1.000357985496521,
					"bytes":	0,
					"bits_per_second":	0,
					"retransmits":	1,
					"snd_cwnd":	1448,
					"rtt":	387197,
					"rttvar":	38181,
					"pmtu":	1500,
					"omitted":	false,
					"sender":	true
				}],
			"sum":	{
				"start":	7.002639,
				"end":	8.002997,
				"seconds":	1.000357985496521,
				"bytes":	0,
				"bits_per_second":	0,
				"retransmits":	1,
				"omitted":	false,
				"sender":	true
			}
		}, {
			"streams":	[{
					"socket":	7,
					"start":	8.002997,
					"end":	9.000046,
					"seconds":	0.99704897403717041,
					"bytes":	86880,
					"bits_per_second":	697097.15179355734,
					"retransmits":	2,
					"snd_cwnd":	2896,
					"rtt":	388048,
					"rttvar":	30337,
					"pmtu":	1500,
					"omitted":	false,
					"sender":	true
				}],
			"sum":	{
				"start":	8.002997,
				"end":	9.000046,
				"seconds":	0.99704897403717041,
				"bytes":	86880,
				"bits_per_second":	697097.15179355734,
				"retransmits":	2,
				"omitted":	false,
				"sender":	true
			}
		}, {
			"streams":	[{
					"socket":	7,
					"start":	9.000046,
					"end":	10.006918,
					"seconds":	1.0068720579147339,
					"bytes":	0,
					"bits_per_second":	0,
					"retransmits":	0,
					"snd_cwnd":	4344,
					"rtt":	357885,
					"rttvar":	27839,
					"pmtu":	1500,
					"omitted":	false,
					"sender":	true
				}],
			"sum":	{
				"start":	9.000046,
				"end":	10.006918,
				"seconds":	1.0068720579147339,
				"bytes":	0,
				"bits_per_second":	0,
				"retransmits":	0,
				"omitted":	false,
				"sender":	true
			}
		}, {
			"streams":	[{
					"socket":	7,
					"start":	10.006918,
					"end":	11.00323,
					"seconds":	0.99631202220916748,
					"bytes":	0,
					"bits_per_second":	0,
					"retransmits":	1,
					"snd_cwnd":	2896,
					"rtt":	389908,
					"rttvar":	96001,
					"pmtu":	1500,
					"omitted":	false,
					"sender":	true
				}],
			"sum":	{
				"start":	10.006918,
				"end":	11.00323,
				"seconds":	0.99631202220916748,
				"bytes":	0,
				"bits_per_second":	0,
				"retransmits":	1,
				"omitted":	false,
				"sender":	true
			}
		}, {
			"streams":	[{
					"socket":	7,
					"start":	11.00323,
					"end":	12.01133,
					"seconds":	1.0081000328063965,
					"bytes":	0,
					"bits_per_second":	0,
					"retransmits":	1,
					"snd_cwnd":	2896,
					"rtt":	388870,
					"rttvar":	42993,
					"pmtu":	1500,
					"omitted":	false,
					"sender":	true
				}],
			"sum":	{
				"start":	11.00323,
				"end":	12.01133,
				"seconds":	1.0081000328063965,
				"bytes":	0,
				"bits_per_second":	0,
				"retransmits":	1,
				"omitted":	false,
				"sender":	true
			}
		}, {
			"streams":	[{
					"socket":	7,
					"start":	12.01133,
					"end":	13.001562,
					"seconds":	0.990231990814209,
					"bytes":	0,
					"bits_per_second":	0,
					"retransmits":	1,
					"snd_cwnd":	2896,
					"rtt":	385548,
					"rttvar":	43096,
					"pmtu":	1500,
					"omitted":	false,
					"sender":	true
				}],
			"sum":	{
				"start":	12.01133,
				"end":	13.001562,
				"seconds":	0.990231990814209,
				"bytes":	0,
				"bits_per_second":	0,
				"retransmits":	1,
				"omitted":	false,
				"sender":	true
			}
		}, {
			"streams":	[{
					"socket":	7,
					"start":	13.001562,
					"end":	14.000813,
					"seconds":	0.99925100803375244,
					"bytes":	0,
					"bits_per_second":	0,
					"retransmits":	0,