{
	"start":	{
		"connected":	[{
				"socket":	7,
				"local_host":	"192.168.42.11",
				"local_port":	42342,
				"remote_host":	"192.168.42.1",
				"remote_port":	5210
			}],
		"version":	"iperf 3.7",
		"system_info":	"Linux rathan-VirtualBox 5.4.0-177-generic #197-Ubuntu SMP Thu Mar 28 22:45:47 UTC 2024 x86_64",
		"timestamp":	{
			"time":	"Wed, 06 Nov 2024 09:11:15 GMT",
			"timesecs":	1730884275
		},
		"connecting_to":	{
			"host":	"192.168.42.1",
			"port":	5210
		},
		"cookie":	"v7i4ggfrntrlf6dwtjzgaghmzt5zpom73b7c",
		"tcp_mss_default":	1448,
		"sock_bufsize":	0,
		"sndbuf_actual":	87380,
		"rcvbuf_actual":	87380,
		"test_start":	{
			"protocol":	"TCP",
			"num_streams":	1,
			"blksize":	131072,
			"omit":	0,
			"duration":	30,
			"bytes":	0,
			"blocks":	0,
			"reverse":	0,
			"tos":	0
		}
	},
	"intervals":	[{
			"streams":	[{
					"socket":	7,
					"start":	0,
					"end":	1.000929,
					"seconds":	1.0009289979934692,
					"bytes":	101360,
					"bits_per_second":	810127.393277191,
					"retransmits":	7,
					"snd_cwnd":	7240,
					"rtt":	191992,
					"rttvar":	154167,
					"pmtu":	1500,
					"omitted":	false,
					"sender":	true
				}],
			"sum":	{
				"start":	0,
				"end":	1.000929,
				"seconds":	1.0009289979934692,
				"bytes":	101360,
				"bits_per_second":	810127.393277191,
				"retransmits":	7,
				"omitted":	false,
				"sender":	true
			}
		}, {
			"streams":	[{
					"socket":	7,
					"start":	1.000929,
					"end":	2.000266,
					"seconds":	0.99933701753616333,
					"bytes":	65160,
					"bits_per_second":	521625.82877716352,
					"retransmits":	1,
					"snd_cwnd":	10136,
					"rtt":	222107,
					"rttvar":	60715,
					"pmtu":	1500,
					"omitted":	false,
					"sender":	true
				}],
			"sum":	{
				"start":	1.000929,
				"end":	2.000266,
				"seconds":	0.99933701753616333,
				"bytes":	65160,
				"bits_per_second":	521625.82877716352,
				"retransmits":	1,
				"omitted":	false,
				"sender":	true
			}
		}, {
			"streams":	[{
					"socket":	7,
					"start":	2.000266,
					"end":	3.001424,
					"seconds":	1.0011579990386963,
					"bytes":	0,
					"bits_per_second":	0,
					"retransmits":	1,
					"snd_cwnd":	11584,
					"rtt":	305635,
					"rttvar":	117363,
					"pmtu":	1500,
					"omitted":	false,
					"sender":	true
				}],
			"sum":	{
				"start":	2.000266,
				"end":	3.001424,
				"seconds":	1.0011579990386963,
				"bytes":	0,
				"bits_per_second":	0,
				"retransmits":	1,
				"omitted":	false,
				"sender":	true
			}
		}, {
			"streams":	[{
					"socket":	7,
					"start":	3.001424,
					"end":	4.001104,
					"seconds":	0.99967998266220093,
					"bytes":	0,
					"bits_per_second":	0,
					"retransmits":	0,
					"snd_cwnd":	11584,
					"rtt":	340090,
					"rttvar":	16953,
					"pmtu":	1500,
					"omitted":	false,
					"sender":	true
				}],
			"sum":	{
				"start":	3.001424,
				"end":	4.001104,
				"seconds":	0.99967998266220093,
				"bytes":	0,
				"bits_per_second":	0,
				"retransmits":	0,
				"omitted":	false,
				"sender":	true
			}
		}, {
			"streams":	[{
					"socket":	7,
					"start":	4.001104,
					"end":	5.009126,
					"seconds":	1.0080219507217407,
					"bytes":	0,
					"bits_per_second":	0,
					"retransmits":	0,
					"snd_cwnd":	11584,
					"rtt":	361083,
					"rttvar":	36547,
					"pmtu":	1500,
					"omitted":	false,
					"sender":	true
				}],
			"sum":	{
				"start":	4.001104,
				"end":	5.009126,
				"seconds":	1.0080219507217407,
				"bytes":	0,
				"bits_per_second":	0,
				"retransmits":	0,
				"omitted":	false,
				"sender":	true
			}
		}, {
			"streams":	[{
					"socket":	7,
					"start":	5.009126,
					"end":	6.021848,
					"seconds":	1.0127220153808594,
					"bytes":	86880,
					"bits_per_second":	686308.769281186,
					"retransmits":	0,
					"snd_cwnd":	11584,
					"rtt":	358023,
					"rttvar":	19696,
					"pmtu":	1500,
					"omitted":	false,
					"sender":	true
				}],
			"sum":	{
				"start":	5.009126,
				"end":	6.021848,
				"seconds":	1.0127220153808594,
				"bytes":	86880,
				"bits_per_second":	686308.769281186,
				"retransmits":	0,
				"omitted":	false,
				"sender":	true
			}
		}, {
			"streams":	[{
					"socket":	7,
					"start":	6.021848,
					"end":	7.000099,
					"seconds":	0.97825098037719727,
					"bytes":	0,
					"bits_per_second":	0,
					"retransmits":	0,
					"snd_cwnd":	11584,
					"rtt":	349985,
					"rttvar":	27602,
					"pmtu":	1500,
					"omitted":	false,
					"sender":	true
				}],
			"sum":	{
				"start":	6.021848,
				"end":	7.000099,
				"seconds":	0.97825098037719727,
				"bytes":	0,
				"bits_per_second":	0,
				"retransmits":	0,
				"omitted":	false,
				"sender":	true
			}
		}, {
			"streams":	[{
					"socket":	7,
					"start":	7.000099,
					"end":	8.001207,
					"seconds":	1.0011080503463745,
					"bytes":	0,
					"bits_per_second":	0,
					"retransmits":	0,
					"snd_cwnd":	11584,
					"rtt":	347676,
					"rttvar":	15298,
					"pmtu":	1500,
					"omitted":	false,
					"sender":	true
				}],
			"sum":	{
				"start":	7.000099,
				"end":	8.001207,
				"seconds":	1.0011080503463745,
				"bytes":	0,
				"bits_per_second":	0,
				"retransmits":	0,
				"omitted":	false,
				"sender":	true
			}
		}, {
			"streams":	[{
					"socket":	7,
					"start":	8.001207,
					"end":	9.000878,
					"seconds":	0.99967098236083984,
					"bytes":	0,
					"bits_per_second":	0,
					"retransmits":	0,
					"snd_cwnd":	11584,
					"rtt":	336042,
					"rttvar":	16273,
					"pmtu":	1500,
					"omitted":	false,
					"sender":	true
				}],
			"sum":	{
				"start":	8.001207,
				"end":	9.000878,
				"seconds":	0.99967098236083984,
				"bytes":	0,
				"bits_per_second":	0,
				"retransmits":	0,
				"omitted":	false,
				"sender":	true
			}
		}, {
			"streams":	[{
					"socket":	7,
					"start":	9.000878,
					"end":	10.000862,
					"seconds":	0.9999840259552002,
					"bytes":	0,
					"bits_per_second":	0,
					"retransmits":	0,
					"snd_cwnd":	11584,
					"rtt":	337201,
					"rttvar":	26293,
					"pmtu":	1500,
					"omitted":	false,
					"sender":	true
				}],
			"sum":	{
				"start":	9.000878,
				"end":	10.000862,
				"seconds":	0.9999840259552002,
				"bytes":	0,
				"bits_per_second":	0,
				"retransmits":	0,
				"omitted":	false,
				"sender":	true
			}
		}, {
			"streams":	[{
					"socket":	7,
					"start":	10.000862,
					"end":	11.000685,
					"seconds":	0.99982297420501709,
					"bytes":	57920,
					"bits_per_second":	463442.04119577119,
					"retransmits":	0,
					"snd_cwnd":	11584,
					"rtt":	337523,
					"rttvar":	27969,
					"pmtu":	1500,
					"omitted":	false,
					"sender":	true
				}],
			"sum":	{
				"start":	10.000862,
				"end":	11.000685,
				"seconds":	0.99982297420501709,
				"bytes":	57920,
				"bits_per_second":	463442.04119577119,
				"retransmits":	0,
				"omitted":	false,
				"sender":	true
			}
		}, {
			"streams":	[{
					"socket":	7,
					"start":	11.000685,
					"end":	12.004951,
					"seconds":	1.0042660236358643,
					"bytes":	0,
					"bits_per_second":	0,
					"retransmits":	0,
					"snd_cwnd":	11584,
					"rtt":	345212,
					"rttvar":	20784,
					"pmtu":	1500,
					"omitted":	false,
					"sender":	true
				}],
			"sum":	{
				"start":	11.000685,
				"end":	12.004951,
				"seconds":	1.0042660236358643,
				"bytes":	0,
				"bits_per_second":	0,
				"retransmits":	0,
				"omitted":	false,
				"sender":	true
			}
		}, {
			"streams":	[{
					"socket":	7,
					"start":	12.004951,
					"end":	13.016735,
					"seconds":	1.0117839574813843,
					"bytes":	0,
					"bits_per_second":	0,
					"retransmits":	0,
					"snd_cwnd":	11584,
					"rtt":	342758,
					"rttvar":	30310,
					"pmtu":	1500,
					"omitted":	false,
					"sender":	true
				}],
			"sum":	{
				"start":	12.004951,
				"end":	13.016735,
				"seconds":	1.0117839574813843,
				"bytes":	0,
				"bits_per_second":	0,
				"retransmits":	0,
				"omitted":	false,
				"sender":	true
			}
		}, {
			"streams":	[{
					"socket":	7,
					"start":	13.016735,
					"end":	14.015329,
					"seconds":	0.99859398603439331,