{
	"start":	{
		"connected":	[{
				"socket":	7,
				"local_host":	"192.168.42.3",
				"local_port":	51192,
				"remote_host":	"192.168.42.1",
				"remote_port":	5202
			}],
		"version":	"iperf 3.7",
		"system_info":	"Linux rathan-VirtualBox 5.4.0-177-generic #197-Ubuntu SMP Thu Mar 28 22:45:47 UTC 2024 x86_64",
		"timestamp":	{
			"time":	"Wed, 06 Nov 2024 09:17:35 GMT",
			"timesecs":	1730884655
		},
		"connecting_to":	{
			"host":	"192.168.42.1",
			"port":	5202
		},
		"cookie":	"qf523i6hh5wvpwzcey4kisttkbgnhwzbulcq",
		"sock_bufsize":	0,
		"sndbuf_actual":	212992,
		"rcvbuf_actual":	212992,
		"test_start":	{
			"protocol":	"UDP",
			"num_streams":	1,
			"blksize":	1448,
			"omit":	0,
			"duration":	30,
			"bytes":	0,
			"blocks":	0,
			"reverse":	0,
			"tos":	0
		}
	},
	"intervals":	[{
			"streams":	[{
					"socket":	7,
					"start":	0,
					"end":	1.000043,
					"seconds":	1.0000430345535278,
					"bytes":	131768,
					"bits_per_second":	1054098.637335768,
					"packets":	91,
					"omitted":	false,
					"sender":	true
				}],
			"sum":	{
				"start":	0,
				"end":	1.000043,
				"seconds":	1.0000430345535278,
				"bytes":	131768,
				"bits_per_second":	1054098.637335768,
				"packets":	91,
				"omitted":	false,
				"sender":	true
			}
		}, {
			"streams":	[{
					"socket":	7,
					"start":	1.000043,
					"end":	2.000183,
					"seconds":	1.0001399517059326,
					"bytes":	55024,
					"bits_per_second":	440130.40299926745,
					"packets":	38,
					"omitted":	false,
					"sender":	true
				}],
			"sum":	{
				"start":	1.000043,
				"end":	2.000183,
				"seconds":	1.0001399517059326,
				"bytes":	55024,
				"bits_per_second":	440130.40299926745,
				"packets":	38,
				"omitted":	false,
				"sender":	true
			}
		}, {
			"streams":	[{
					"socket":	7,
					"start":	2.000183,
					"end":	3.000377,
					"seconds":	1.0001939535140991,
					"bytes":	47784,
					"bits_per_second":	382197.87137976469,
					"packets":	33,
					"omitted":	false,
					"sender":	true
				}],
			"sum":	{
				"start":	2.000183,
				"end":	3.000377,
				"seconds":	1.0001939535140991,
				"bytes":	47784,
				"bits_per_second":	382197.87137976469,
				"packets":	33,
				"omitted":	false,
				"sender":	true
			}
		}, {
			"streams":	[{
					"socket":	7,
					"start":	3.000377,
					"end":	4.000032,
					"seconds":	0.99965500831604,
					"bytes":	49232,
					"bits_per_second":	393991.92393730575,
					"packets":	34,
					"omitted":	false,
					"sender":	true
				}],
			"sum":	{
				"start":	3.000377,
				"end":	4.000032,
				"seconds":	0.99965500831604,
				"bytes":	49232,
				"bits_per_second":	393991.92393730575,
				"packets":	34,
				"omitted":	false,
				"sender":	true
			}
		}, {
			"streams":	[{
					"socket":	7,
					"start":	4.000032,
					"end":	5.000198,
					"seconds":	1.0001660585403442,
					"bytes":	43440,
					"bits_per_second":	347462.300917485,
					"packets":	30,
					"omitted":	false,
					"sender":	true
				}],
			"sum":	{
				"start":	4.000032,
				"end":	5.000198,
				"seconds":	1.0001660585403442,
				"bytes":	43440,
				"bits_per_second":	347462.300917485,
				"packets":	30,
				"omitted":	false,
				"sender":	true
			}
		}, {
			"streams":	[{
					"socket":	7,
					"start":	5.000198,
					"end":	6.000143,
					"seconds":	0.99994498491287231,
					"bytes":	47784,
					"bits_per_second":	382293.03188445745,
					"packets":	33,
					"omitted":	false,
					"sender":	true
				}],
			"sum":	{
				"start":	5.000198,
				"end":	6.000143,
				"seconds":	0.99994498491287231,
				"bytes":	47784,
				"bits_per_second":	382293.03188445745,
				"packets":	33,
				"omitted":	false,
				"sender":	true
			}
		}, {
			"streams":	[{
					"socket":	7,
					"start":	6.000143,
					"end":	7.000201,
					"seconds":	1.0000580549240112,
					"bytes":	47784,
					"bits_per_second":	382249.80851641326,
					"packets":	33,
					"omitted":	false,
					"sender":	true
				}],
			"sum":	{
				"start":	6.000143,
				"end":	7.000201,
				"seconds":	1.0000580549240112,
				"bytes":	47784,
				"bits_per_second":	382249.80851641326,
				"packets":	33,
				"omitted":	false,
				"sender":	true
			}
		}, {
			"streams":	[{
					"socket":	7,
					"start":	7.000201,
					"end":	8.000161,
					"seconds":	0.99996000528335571,
					"bytes":	553136,
					"bits_per_second":	4425264.98721924,
					"packets":	382,
					"omitted":	false,
					"sender":	true
				}],
			"sum":	{
				"start":	7.000201,
				"end":	8.000161,
				"seconds":	0.99996000528335571,
				"bytes":	553136,
				"bits_per_second":	4425264.98721924,
				"packets":	382,
				"omitted":	false,
				"sender":	true
			}
		}, {
			"streams":	[{
					"socket":	7,
					"start":	8.000161,
					"end":	9.000123,
					"seconds":	0.9999619722366333,
					"bytes":	43440,
					"bits_per_second":	347533.21591089672,
					"packets":	30,
					"omitted":	false,
					"sender":	true
				}],
			"sum":	{
				"start":	8.000161,
				"end":	9.000123,
				"seconds":	0.9999619722366333,
				"bytes":	43440,
				"bits_per_second":	347533.21591089672,
				"packets":	30,
				"omitted":	false,
				"sender":	true
			}
		}, {
			"streams":	[{
					"socket":	7,
					"start":	9.000123,
					"end":	10.000111,
					"seconds":	0.99998801946640015,
					"bytes":	47784,
					"bits_per_second":	382276.57987740968,
					"packets":	33,
					"omitted":	false,
					"sender":	true
				}],
			"sum":	{
				"start":	9.000123,
				"end":	10.000111,
				"seconds":	0.99998801946640015,
				"bytes":	47784,
				"bits_per_second":	382276.57987740968,
				"packets":	33,
				"omitted":	false,
				"sender":	true
			}
		}, {
			"streams":	[{
					"socket":	7,
					"start":	10.000111,
					"end":	11.000099,
					"seconds":	0.99998801946640015,
					"bytes":	41992,
					"bits_per_second":	335940.02474075393,
					"packets":	29,
					"omitted":	false,
					"sender":	true
				}],
			"sum":	{
				"start":	10.000111,
				"end":	11.000099,
				"seconds":	0.99998801946640015,
				"bytes":	41992,
				"bits_per_second":	335940.02474075393,
				"packets":	29,
				"omitted":	false,
				"sender":	true
			}
		}, {
			"streams":	[{
					"socket":	7,
					"start":	11.000099,
					"end":	12.000119,
					"seconds":	1.0000200271606445,
					"bytes":	41992,
					"bits_per_second":	335929.27229049866,
					"packets":	29,
					"omitted":	false,
					"sender":	true
				}],
			"sum":	{
				"start":	11.000099,
				"end":	12.000119,
				"seconds":	1.0000200271606445,
				"bytes":	41992,
				"bits_per_second":	335929.27229049866,
				"packets":	29,
				"omitted":	false,
				"sender":	true
			}
		}, {
			"streams":	[{
					"socket":	7,
					"start":	12.000119,
					"end":	13.000105,
					"seconds":	0.99998599290847778,
					"bytes":	43440,
					"bits_per_second":	347524.86781262967,
					"packets":	30,
					"omitted":	false,
					"sender":	true
				}],
			"sum":	{
				"start":	12.000119,
				"end":	13.000105,
				"seconds":	0.99998599290847778,
				"bytes":	43440,
				"bits_per_second":	347524.86781262967,
				"packets":	30,
				"omitted":	false,
				"sender":	true
			}
		}, {
			"streams":	[{
					"socket":	7,
					"start":	13.000105,
					"end":	14.000069,
					"seconds":	0.99996399879455566,
					"bytes":	44888,
					"bits_per_second":	359116.92864232662,
					"packets":	31,
					"omitted":	false,
					"sender":	true
				}],
			"sum":	{
				"start":	13.000105,
				"end":	14.000069,
				"seconds":	0.99996399879455566,
				"bytes":	44888,
				"bits_per_second":	359116.92864232662,
				"packets":	31,
				"omitted":	false,
				"sender":	true
			}
		}, {
			"streams":	[{
					"socket":	7,
					"start":	14.000069,
					"end":	15.000103,
					"seconds":	1.000033974647522,
					"bytes":	44888,
					"bits_per_second":	359091.79998266755,
					"packets":	31,
					"omitted":	false,
					"sender":	true
				}],
			"sum":	{
				"start":	14.000069,
				"end":	15.000103,
				"seconds":	1.000033974647522,
				"bytes":	44888,
				"bits_per_second":	359091.79998266755,
				"packets":	31,
				"omitted":	false,