{
	"start":	{
		"connected":	[{
				"socket":	7,
				"local_host":	"192.168.42.5",
				"local_port":	38996,
				"remote_host":	"192.168.42.1",
				"remote_port":	5204
			}],
		"version":	"iperf 3.7",
		"system_info":	"Linux rathan-VirtualBox 5.4.0-177-generic #197-Ubuntu SMP Thu Mar 28 22:45:47 UTC 2024 x86_64",
		"timestamp":	{
			"time":	"Wed, 06 Nov 2024 09:17:35 GMT",
			"timesecs":	1730884655
		},
		"connecting_to":	{
			"host":	"192.168.42.1",
			"port":	5204
		},
		"cookie":	"jtancpoi5ifgs3cgbq2bosj4oe57kp5zjvxt",
		"sock_bufsize":	0,
		"sndbuf_actual":	212992,
		"rcvbuf_actual":	212992,
		"test_start":	{
			"protocol":	"UDP",
			"num_streams":	1,
			"blksize":	1448,
			"omit":	0,
			"duration":	30,
			"bytes":	0,
			"blocks":	0,
			"reverse":	0,
			"tos":	0
		}
	},
	"intervals":	[{
			"streams":	[{
					"socket":	7,
					"start":	0,
					"end":	1.000261,
					"seconds":	1.0002609491348267,
					"bytes":	131768,
					"bits_per_second":	1053868.9937978478,
					"packets":	91,
					"omitted":	false,
					"sender":	true
				}],
			"sum":	{
				"start":	0,
				"end":	1.000261,
				"seconds":	1.0002609491348267,
				"bytes":	131768,
				"bits_per_second":	1053868.9937978478,
				"packets":	91,
				"omitted":	false,
				"sender":	true
			}
		}, {
			"streams":	[{
					"socket":	7,
					"start":	1.000261,
					"end":	2.000099,
					"seconds":	0.99983799457550049,
					"bytes":	17376,
					"bits_per_second":	139030.52369901026,
					"packets":	12,
					"omitted":	false,
					"sender":	true
				}],
			"sum":	{
				"start":	1.000261,
				"end":	2.000099,
				"seconds":	0.99983799457550049,
				"bytes":	17376,
				"bits_per_second":	139030.52369901026,
				"packets":	12,
				"omitted":	false,
				"sender":	true
			}
		}, {
			"streams":	[{
					"socket":	7,
					"start":	2.000099,
					"end":	3.000059,
					"seconds":	0.99996000528335571,
					"bytes":	68056,
					"bits_per_second":	544469.77591440908,
					"packets":	47,
					"omitted":	false,
					"sender":	true
				}],
			"sum":	{
				"start":	2.000099,
				"end":	3.000059,
				"seconds":	0.99996000528335571,
				"bytes":	68056,
				"bits_per_second":	544469.77591440908,
				"packets":	47,
				"omitted":	false,
				"sender":	true
			}
		}, {
			"streams":	[{
					"socket":	7,
					"start":	3.000059,
					"end":	4.000489,
					"seconds":	1.0004299879074097,
					"bytes":	65160,
					"bits_per_second":	521055.95224145235,
					"packets":	45,
					"omitted":	false,
					"sender":	true
				}],
			"sum":	{
				"start":	3.000059,
				"end":	4.000489,
				"seconds":	1.0004299879074097,
				"bytes":	65160,
				"bits_per_second":	521055.95224145235,
				"packets":	45,
				"omitted":	false,
				"sender":	true
			}
		}, {
			"streams":	[{
					"socket":	7,
					"start":	4.000489,
					"end":	5.000051,
					"seconds":	0.99956202507019043,
					"bytes":	2896,
					"bits_per_second":	23178.151449254103,
					"packets":	2,
					"omitted":	false,
					"sender":	true
				}],
			"sum":	{
				"start":	4.000489,
				"end":	5.000051,
				"seconds":	0.99956202507019043,
				"bytes":	2896,
				"bits_per_second":	23178.151449254103,
				"packets":	2,
				"omitted":	false,
				"sender":	true
			}
		}, {
			"streams":	[{
					"socket":	7,
					"start":	5.000051,
					"end":	6.000128,
					"seconds":	1.0000770092010498,
					"bytes":	431504,
					"bits_per_second":	3451766.1822440946,
					"packets":	298,
					"omitted":	false,
					"sender":	true
				}],
			"sum":	{
				"start":	5.000051,
				"end":	6.000128,
				"seconds":	1.0000770092010498,
				"bytes":	431504,
				"bits_per_second":	3451766.1822440946,
				"packets":	298,
				"omitted":	false,
				"sender":	true
			}
		}, {
			"streams":	[{
					"socket":	7,
					"start":	6.000128,
					"end":	7.000109,
					"seconds":	0.99998098611831665,
					"bytes":	63712,
					"bits_per_second":	509705.69148371118,
					"packets":	44,
					"omitted":	false,
					"sender":	true
				}],
			"sum":	{
				"start":	6.000128,
				"end":	7.000109,
				"seconds":	0.99998098611831665,
				"bytes":	63712,
				"bits_per_second":	509705.69148371118,
				"packets":	44,
				"omitted":	false,
				"sender":	true
			}
		}, {
			"streams":	[{
					"socket":	7,
					"start":	7.000109,
					"end":	8.000118,
					"seconds":	1.0000089406967163,
					"bytes":	4344,
					"bits_per_second":	34751.689295685625,
					"packets":	3,
					"omitted":	false,
					"sender":	true
				}],
			"sum":	{
				"start":	7.000109,
				"end":	8.000118,
				"seconds":	1.0000089406967163,
				"bytes":	4344,
				"bits_per_second":	34751.689295685625,
				"packets":	3,
				"omitted":	false,
				"sender":	true
			}
		}, {
			"streams":	[{
					"socket":	7,
					"start":	8.000118,
					"end":	9.000099,
					"seconds":	0.99998098611831665,
					"bytes":	68056,
					"bits_per_second":	544458.35226669151,
					"packets":	47,
					"omitted":	false,
					"sender":	true
				}],
			"sum":	{
				"start":	8.000118,
				"end":	9.000099,
				"seconds":	0.99998098611831665,
				"bytes":	68056,
				"bits_per_second":	544458.35226669151,
				"packets":	47,
				"omitted":	false,
				"sender":	true
			}
		}, {
			"streams":	[{
					"socket":	7,
					"start":	9.000099,
					"end":	10.000093,
					"seconds":	0.99999397993087769,
					"bytes":	52128,
					"bits_per_second":	417026.51052841923,
					"packets":	36,
					"omitted":	false,
					"sender":	true
				}],
			"sum":	{
				"start":	9.000099,
				"end":	10.000093,
				"seconds":	0.99999397993087769,
				"bytes":	52128,
				"bits_per_second":	417026.51052841923,
				"packets":	36,
				"omitted":	false,
				"sender":	true
			}
		}, {
			"streams":	[{
					"socket":	7,
					"start":	10.000093,
					"end":	11.002928,
					"seconds":	1.0028350353240967,
					"bytes":	15928,
					"bits_per_second":	127063.76972441839,
					"packets":	11,
					"omitted":	false,
					"sender":	true
				}],
			"sum":	{
				"start":	10.000093,
				"end":	11.002928,
				"seconds":	1.0028350353240967,
				"bytes":	15928,
				"bits_per_second":	127063.76972441839,
				"packets":	11,
				"omitted":	false,
				"sender":	true
			}
		}, {
			"streams":	[{
					"socket":	7,
					"start":	11.002928,
					"end":	12.000189,
					"seconds":	0.99726098775863647,
					"bytes":	68056,
					"bits_per_second":	545943.345506433,
					"packets":	47,
					"omitted":	false,
					"sender":	true
				}],
			"sum":	{
				"start":	11.002928,
				"end":	12.000189,
				"seconds":	0.99726098775863647,
				"bytes":	68056,
				"bits_per_second":	545943.345506433,
				"packets":	47,
				"omitted":	false,
				"sender":	true
			}
		}, {
			"streams":	[{
					"socket":	7,
					"start":	12.000189,
					"end":	13.000087,
					"seconds":	0.99989801645278931,
					"bytes":	39096,
					"bits_per_second":	312799.90044341434,
					"packets":	27,
					"omitted":	false,
					"sender":	true
				}],
			"sum":	{
				"start":	12.000189,
				"end":	13.000087,
				"seconds":	0.99989801645278931,
				"bytes":	39096,
				"bits_per_second":	312799.90044341434,
				"packets":	27,
				"omitted":	false,
				"sender":	true
			}
		}, {
			"streams":	[{
					"socket":	7,
					"start":	13.000087,
					"end":	14.000036,
					"seconds":	0.99994897842407227,
					"bytes":	28960,
					"bits_per_second":	231691.82128185136,
					"packets":	20,
					"omitted":	false,
					"sender":	true
				}],
			"sum":	{
				"start":	13.000087,
				"end":	14.000036,
				"seconds":	0.99994897842407227,
				"bytes":	28960,
				"bits_per_second":	231691.82128185136,
				"packets":	20,
				"omitted":	false,
				"sender":	true
			}
		}, {
			"streams":	[{
					"socket":	7,
					"start":	14.000036,
					"end":	15.000057,
					"seconds":	1.0000209808349609,
					"bytes":	68056,
					"bits_per_second":	544436.57726602571,
					"packets":	47,
					"omitted":	false,
					"sender":	true
				}],
			"sum":	{
				"start":	14.000036,
				"end":	15.000057,
				"seconds":	1.0000209808349609,
				"bytes":	68056,
				"bits_per_second":	544436.57726602571,
				"packets":	47,
				"omitted":	false,