{
	"start":	{
		"connected":	[{
				"socket":	7,
				"local_host":	"192.168.42.6",
				"local_port":	54204,
				"remote_host":	"192.168.42.1",
				"remote_port":	5205
			}],
		"version":	"iperf 3.7",
		"system_info":	"Linux rathan-VirtualBox 5.4.0-177-generic #197-Ubuntu SMP Thu Mar 28 22:45:47 UTC 2024 x86_64",
		"timestamp":	{
			"time":	"Wed, 06 Nov 2024 09:11:16 GMT",
			"timesecs":	1730884276
		},
		"connecting_to":	{
			"host":	"192.168.42.1",
			"port":	5205
		},
		"cookie":	"lnwteqma7mar4c2lu4seged33d6v3wlcb4go",
		"tcp_mss_default":	1448,
		"sock_bufsize":	0,
		"sndbuf_actual":	87380,
		"rcvbuf_actual":	87380,
		"test_start":	{
			"protocol":	"TCP",
			"num_streams":	1,
			"blksize":	131072,
			"omit":	0,
			"duration":	30,
			"bytes":	0,
			"blocks":	0,
			"reverse":	0,
			"tos":	0
		}
	},
	"intervals":	[{
			"streams":	[{
					"socket":	7,
					"start":	0,
					"end":	1.002036,
					"seconds":	1.0020359754562378,
					"bytes":	95568,
					"bits_per_second":	762990.56992628914,
					"retransmits":	0,
					"snd_cwnd":	17376,
					"rtt":	336104,
					"rttvar":	126047,
					"pmtu":	1500,
					"omitted":	false,
					"sender":	true
				}],
			"sum":	{
				"start":	0,
				"end":	1.002036,
				"seconds":	1.0020359754562378,
				"bytes":	95568,
				"bits_per_second":	762990.56992628914,
				"retransmits":	0,
				"omitted":	false,
				"sender":	true
			}
		}, {
			"streams":	[{
					"socket":	7,
					"start":	1.002036,
					"end":	2.000844,
					"seconds":	0.99880802631378174,
					"bytes":	0,
					"bits_per_second":	0,
					"retransmits":	0,
					"snd_cwnd":	17376,
					"rtt":	363412,
					"rttvar":	39897,
					"pmtu":	1500,
					"omitted":	false,
					"sender":	true
				}],
			"sum":	{
				"start":	1.002036,
				"end":	2.000844,
				"seconds":	0.99880802631378174,
				"bytes":	0,
				"bits_per_second":	0,
				"retransmits":	0,
				"omitted":	false,
				"sender":	true
			}
		}, {
			"streams":	[{
					"socket":	7,
					"start":	2.000844,
					"end":	3.00313,
					"seconds":	1.0022859573364258,
					"bytes":	43440,
					"bits_per_second":	346727.39596545295,
					"retransmits":	0,
					"snd_cwnd":	17376,
					"rtt":	364554,
					"rttvar":	17830,
					"pmtu":	1500,
					"omitted":	false,
					"sender":	true
				}],
			"sum":	{
				"start":	2.000844,
				"end":	3.00313,
				"seconds":	1.0022859573364258,
				"bytes":	43440,
				"bits_per_second":	346727.39596545295,
				"retransmits":	0,
				"omitted":	false,
				"sender":	true
			}
		}, {
			"streams":	[{
					"socket":	7,
					"start":	3.00313,
					"end":	4.002182,
					"seconds":	0.99905198812484741,
					"bytes":	0,
					"bits_per_second":	0,
					"retransmits":	0,
					"snd_cwnd":	20272,
					"rtt":	352484,
					"rttvar":	18964,
					"pmtu":	1500,
					"omitted":	false,
					"sender":	true
				}],
			"sum":	{
				"start":	3.00313,
				"end":	4.002182,
				"seconds":	0.99905198812484741,
				"bytes":	0,
				"bits_per_second":	0,
				"retransmits":	0,
				"omitted":	false,
				"sender":	true
			}
		}, {
			"streams":	[{
					"socket":	7,
					"start":	4.002182,
					"end":	5.003828,
					"seconds":	1.0016460418701172,
					"bytes":	43440,
					"bits_per_second":	346948.90757134615,
					"retransmits":	0,
					"snd_cwnd":	20272,
					"rtt":	352505,
					"rttvar":	20530,
					"pmtu":	1500,
					"omitted":	false,
					"sender":	true
				}],
			"sum":	{
				"start":	4.002182,
				"end":	5.003828,
				"seconds":	1.0016460418701172,
				"bytes":	43440,
				"bits_per_second":	346948.90757134615,
				"retransmits":	0,
				"omitted":	false,
				"sender":	true
			}
		}, {
			"streams":	[{
					"socket":	7,
					"start":	5.003828,
					"end":	6.001042,
					"seconds":	0.99721401929855347,
					"bytes":	0,
					"bits_per_second":	0,
					"retransmits":	0,
					"snd_cwnd":	20272,
					"rtt":	345508,
					"rttvar":	16749,
					"pmtu":	1500,
					"omitted":	false,
					"sender":	true
				}],
			"sum":	{
				"start":	5.003828,
				"end":	6.001042,
				"seconds":	0.99721401929855347,
				"bytes":	0,
				"bits_per_second":	0,
				"retransmits":	0,
				"omitted":	false,
				"sender":	true
			}
		}, {
			"streams":	[{
					"socket":	7,
					"start":	6.001042,
					"end":	7.000241,
					"seconds":	0.99919897317886353,
					"bytes":	43440,
					"bits_per_second":	347798.59600375261,
					"retransmits":	0,
					"snd_cwnd":	20272,
					"rtt":	330344,
					"rttvar":	14893,
					"pmtu":	1500,
					"omitted":	false,
					"sender":	true
				}],
			"sum":	{
				"start":	6.001042,
				"end":	7.000241,
				"seconds":	0.99919897317886353,
				"bytes":	43440,
				"bits_per_second":	347798.59600375261,
				"retransmits":	0,
				"omitted":	false,
				"sender":	true
			}
		}, {
			"streams":	[{
					"socket":	7,
					"start":	7.000241,
					"end":	8.00108,
					"seconds":	1.0008389949798584,
					"bytes":	0,
					"bits_per_second":	0,
					"retransmits":	0,
					"snd_cwnd":	20272,
					"rtt":	343095,
					"rttvar":	25315,
					"pmtu":	1500,
					"omitted":	false,
					"sender":	true
				}],
			"sum":	{
				"start":	7.000241,
				"end":	8.00108,
				"seconds":	1.0008389949798584,
				"bytes":	0,
				"bits_per_second":	0,
				"retransmits":	0,
				"omitted":	false,
				"sender":	true
			}
		}, {
			"streams":	[{
					"socket":	7,
					"start":	8.00108,
					"end":	9.001498,
					"seconds":	1.000417947769165,
					"bytes":	0,
					"bits_per_second":	0,
					"retransmits":	0,
					"snd_cwnd":	20272,
					"rtt":	342812,
					"rttvar":	22930,
					"pmtu":	1500,
					"omitted":	false,
					"sender":	true
				}],
			"sum":	{
				"start":	8.00108,
				"end":	9.001498,
				"seconds":	1.000417947769165,
				"bytes":	0,
				"bits_per_second":	0,
				"retransmits":	0,
				"omitted":	false,
				"sender":	true
			}
		}, {
			"streams":	[{
					"socket":	7,
					"start":	9.001498,
					"end":	10.000765,
					"seconds":	0.99926698207855225,
					"bytes":	43440,
					"bits_per_second":	347774.9252528405,
					"retransmits":	0,
					"snd_cwnd":	20272,
					"rtt":	345915,
					"rttvar":	22703,
					"pmtu":	1500,
					"omitted":	false,
					"sender":	true
				}],
			"sum":	{
				"start":	9.001498,
				"end":	10.000765,
				"seconds":	0.99926698207855225,
				"bytes":	43440,
				"bits_per_second":	347774.9252528405,
				"retransmits":	0,
				"omitted":	false,
				"sender":	true
			}
		}, {
			"streams":	[{
					"socket":	7,
					"start":	10.000765,
					"end":	11.002755,
					"seconds":	1.0019899606704712,
					"bytes":	0,
					"bits_per_second":	0,
					"retransmits":	0,
					"snd_cwnd":	20272,
					"rtt":	334104,
					"rttvar":	13502,
					"pmtu":	1500,
					"omitted":	false,
					"sender":	true
				}],
			"sum":	{
				"start":	10.000765,
				"end":	11.002755,
				"seconds":	1.0019899606704712,
				"bytes":	0,
				"bits_per_second":	0,
				"retransmits":	0,
				"omitted":	false,
				"sender":	true
			}
		}, {
			"streams":	[{
					"socket":	7,
					"start":	11.002755,
					"end":	12.004118,
					"seconds":	1.0013630390167236,
					"bytes":	43440,
					"bits_per_second":	347046.96145090705,
					"retransmits":	0,
					"snd_cwnd":	20272,
					"rtt":	329898,
					"rttvar":	14313,
					"pmtu":	1500,
					"omitted":	false,
					"sender":	true
				}],
			"sum":	{
				"start":	11.002755,
				"end":	12.004118,
				"seconds":	1.0013630390167236,
				"bytes":	43440,
				"bits_per_second":	347046.96145090705,
				"retransmits":	0,
				"omitted":	false,
				"sender":	true
			}
		}, {
			"streams":	[{
					"socket":	7,
					"start":	12.004118,
					"end":	13.001094,
					"seconds":	0.99697601795196533,
					"bytes":	0,
					"bits_per_second":	0,
					"retransmits":	0,
					"snd_cwnd":	20272,
					"rtt":	338823,
					"rttvar":	26572,
					"pmtu":	1500,
					"omitted":	false,
					"sender":	true
				}],
			"sum":	{
				"start":	12.004118,
				"end":	13.001094,
				"seconds":	0.99697601795196533,
				"bytes":	0,
				"bits_per_second":	0,
				"retransmits":	0,
				"omitted":	false,
				"sender":	true
			}
		}, {
			"streams":	[{
					"socket":	7,