{
	"start":	{
		"connected":	[{
				"socket":	7,
				"local_host":	"192.168.42.7",
				"local_port":	43526,
				"remote_host":	"192.168.42.1",
				"remote_port":	5206
			}],
		"version":	"iperf 3.7",
		"system_info":	"Linux rathan-VirtualBox 5.4.0-177-generic #197-Ubuntu SMP Thu Mar 28 22:45:47 UTC 2024 x86_64",
		"timestamp":	{
			"time":	"Wed, 06 Nov 2024 09:11:16 GMT",
			"timesecs":	1730884276
		},
		"connecting_to":	{
			"host":	"192.168.42.1",
			"port":	5206
		},
		"cookie":	"fd3yuxs7pus6ak3fzo2fkrurtbkmgfmrp6y5",
		"tcp_mss_default":	1448,
		"sock_bufsize":	0,
		"sndbuf_actual":	87380,
		"rcvbuf_actual":	87380,
		"test_start":	{
			"protocol":	"TCP",
			"num_streams":	1,
			"blksize":	131072,
			"omit":	0,
			"duration":	30,
			"bytes":	0,
			"blocks":	0,
			"reverse":	0,
			"tos":	0
		}
	},
	"intervals":	[{
			"streams":	[{
					"socket":	7,
					"start":	0,
					"end":	1.001506,
					"seconds":	1.001505970954895,
					"bytes":	95568,
					"bits_per_second":	763394.35028134531,
					"retransmits":	1,
					"snd_cwnd":	17376,
					"rtt":	740873,
					"rttvar":	553705,
					"pmtu":	1500,
					"omitted":	false,
					"sender":	true
				}],
			"sum":	{
				"start":	0,
				"end":	1.001506,
				"seconds":	1.001505970954895,
				"bytes":	95568,
				"bits_per_second":	763394.35028134531,
				"retransmits":	1,
				"omitted":	false,
				"sender":	true
			}
		}, {
			"streams":	[{
					"socket":	7,
					"start":	1.001506,
					"end":	2.000936,
					"seconds":	0.99943000078201294,
					"bytes":	0,
					"bits_per_second":	0,
					"retransmits":	0,
					"snd_cwnd":	17376,
					"rtt":	465286,
					"rttvar":	167762,
					"pmtu":	1500,
					"omitted":	false,
					"sender":	true
				}],
			"sum":	{
				"start":	1.001506,
				"end":	2.000936,
				"seconds":	0.99943000078201294,
				"bytes":	0,
				"bits_per_second":	0,
				"retransmits":	0,
				"omitted":	false,
				"sender":	true
			}
		}, {
			"streams":	[{
					"socket":	7,
					"start":	2.000936,
					"end":	3.001063,
					"seconds":	1.0001269578933716,
					"bytes":	43440,
					"bits_per_second":	347475.88519361836,
					"retransmits":	0,
					"snd_cwnd":	20272,
					"rtt":	402896,
					"rttvar":	78650,
					"pmtu":	1500,
					"omitted":	false,
					"sender":	true
				}],
			"sum":	{
				"start":	2.000936,
				"end":	3.001063,
				"seconds":	1.0001269578933716,
				"bytes":	43440,
				"bits_per_second":	347475.88519361836,
				"retransmits":	0,
				"omitted":	false,
				"sender":	true
			}
		}, {
			"streams":	[{
					"socket":	7,
					"start":	3.001063,
					"end":	4.001222,
					"seconds":	1.0001590251922607,
					"bytes":	0,
					"bits_per_second":	0,
					"retransmits":	0,
					"snd_cwnd":	20272,
					"rtt":	375690,
					"rttvar":	37609,
					"pmtu":	1500,
					"omitted":	false,
					"sender":	true
				}],
			"sum":	{
				"start":	3.001063,
				"end":	4.001222,
				"seconds":	1.0001590251922607,
				"bytes":	0,
				"bits_per_second":	0,
				"retransmits":	0,
				"omitted":	false,
				"sender":	true
			}
		}, {
			"streams":	[{
					"socket":	7,
					"start":	4.001222,
					"end":	5.001547,
					"seconds":	1.0003249645233154,
					"bytes":	43440,
					"bits_per_second":	347407.10501572216,
					"retransmits":	0,
					"snd_cwnd":	20272,
					"rtt":	354790,
					"rttvar":	22340,
					"pmtu":	1500,
					"omitted":	false,
					"sender":	true
				}],
			"sum":	{
				"start":	4.001222,
				"end":	5.001547,
				"seconds":	1.0003249645233154,
				"bytes":	43440,
				"bits_per_second":	347407.10501572216,
				"retransmits":	0,
				"omitted":	false,
				"sender":	true
			}
		}, {
			"streams":	[{
					"socket":	7,
					"start":	5.001547,
					"end":	6.008491,
					"seconds":	1.006943941116333,
					"bytes":	0,
					"bits_per_second":	0,
					"retransmits":	0,
					"snd_cwnd":	20272,
					"rtt":	344959,
					"rttvar":	18172,
					"pmtu":	1500,
					"omitted":	false,
					"sender":	true
				}],
			"sum":	{
				"start":	5.001547,
				"end":	6.008491,
				"seconds":	1.006943941116333,
				"bytes":	0,
				"bits_per_second":	0,
				"retransmits":	0,
				"omitted":	false,
				"sender":	true
			}
		}, {
			"streams":	[{
					"socket":	7,
					"start":	6.008491,
					"end":	7.002722,
					"seconds":	0.99423098564147949,
					"bytes":	43440,
					"bits_per_second":	349536.48097758641,
					"retransmits":	0,
					"snd_cwnd":	20272,
					"rtt":	335212,
					"rttvar":	13842,
					"pmtu":	1500,
					"omitted":	false,
					"sender":	true
				}],
			"sum":	{
				"start":	6.008491,
				"end":	7.002722,
				"seconds":	0.99423098564147949,
				"bytes":	43440,
				"bits_per_second":	349536.48097758641,
				"retransmits":	0,
				"omitted":	false,
				"sender":	true
			}
		}, {
			"streams":	[{
					"socket":	7,
					"start":	7.002722,
					"end":	8.000966,
					"seconds":	0.99824398756027222,
					"bytes":	0,
					"bits_per_second":	0,
					"retransmits":	0,
					"snd_cwnd":	20272,
					"rtt":	340202,
					"rttvar":	22377,
					"pmtu":	1500,
					"omitted":	false,
					"sender":	true
				}],
			"sum":	{
				"start":	7.002722,
				"end":	8.000966,
				"seconds":	0.99824398756027222,
				"bytes":	0,
				"bits_per_second":	0,
				"retransmits":	0,
				"omitted":	false,
				"sender":	true
			}
		}, {
			"streams":	[{
					"socket":	7,
					"start":	8.000966,
					"end":	9.002626,
					"seconds":	1.0016599893569946,
					"bytes":	0,
					"bits_per_second":	0,
					"retransmits":	0,
					"snd_cwnd":	20272,
					"rtt":	331687,
					"rttvar":	27739,
					"pmtu":	1500,
					"omitted":	false,
					"sender":	true
				}],
			"sum":	{
				"start":	8.000966,
				"end":	9.002626,
				"seconds":	1.0016599893569946,
				"bytes":	0,
				"bits_per_second":	0,
				"retransmits":	0,
				"omitted":	false,
				"sender":	true
			}
		}, {
			"streams":	[{
					"socket":	7,
					"start":	9.002626,
					"end":	10.000293,
					"seconds":	0.99766701459884644,
					"bytes":	43440,
					"bits_per_second":	348332.65499885741,
					"retransmits":	0,
					"snd_cwnd":	20272,
					"rtt":	347522,
					"rttvar":	42067,
					"pmtu":	1500,
					"omitted":	false,
					"sender":	true
				}],
			"sum":	{
				"start":	9.002626,
				"end":	10.000293,
				"seconds":	0.99766701459884644,
				"bytes":	43440,
				"bits_per_second":	348332.65499885741,
				"retransmits":	0,
				"omitted":	false,
				"sender":	true
			}
		}, {
			"streams":	[{
					"socket":	7,
					"start":	10.000293,
					"end":	11.002035,
					"seconds":	1.0017420053482056,
					"bytes":	0,
					"bits_per_second":	0,
					"retransmits":	0,
					"snd_cwnd":	20272,
					"rtt":	338225,
					"rttvar":	30413,
					"pmtu":	1500,
					"omitted":	false,
					"sender":	true
				}],
			"sum":	{
				"start":	10.000293,
				"end":	11.002035,
				"seconds":	1.0017420053482056,
				"bytes":	0,
				"bits_per_second":	0,
				"retransmits":	0,
				"omitted":	false,
				"sender":	true
			}
		}, {
			"streams":	[{
					"socket":	7,
					"start":	11.002035,
					"end":	12.001244,
					"seconds":	0.99920898675918579,
					"bytes":	43440,
					"bits_per_second":	347795.11053752562,
					"retransmits":	0,
					"snd_cwnd":	20272,
					"rtt":	330691,
					"rttvar":	14883,
					"pmtu":	1500,
					"omitted":	false,
					"sender":	true
				}],
			"sum":	{
				"start":	11.002035,
				"end":	12.001244,
				"seconds":	0.99920898675918579,
				"bytes":	43440,
				"bits_per_second":	347795.11053752562,
				"retransmits":	0,
				"omitted":	false,
				"sender":	true
			}
		}, {
			"streams":	[{
					"socket":	7,
					"start":	12.001244,
					"end":	13.001977,
					"seconds":	1.0007330179214478,
					"bytes":	0,
					"bits_per_second":	0,
					"retransmits":	0,
					"snd_cwnd":	20272,
					"rtt":	335114,
					"rttvar":	21644,
					"pmtu":	1500,
					"omitted":	false,
					"sender":	true
				}],
			"sum":	{
				"start":	12.001244,
				"end":	13.001977,
				"seconds":	1.0007330179214478,
				"bytes":	0,
				"bits_per_second":	0,
				"retransmits":	0,
				"omitted":	false,
				"sender":	true
			}
		}, {
			"streams":	[{
					"socket":	7,