{
	"start":	{
		"connected":	[{
				"socket":	7,
				"local_host":	"192.168.42.8",
				"local_port":	33546,
				"remote_host":	"192.168.42.1",
				"remote_port":	5207
			}],
		"version":	"iperf 3.7",
		"system_info":	"Linux rathan-VirtualBox 5.4.0-177-generic #197-Ubuntu SMP Thu Mar 28 22:45:47 UTC 2024 x86_64",
		"timestamp":	{
			"time":	"Wed, 06 Nov 2024 09:11:16 GMT",
			"timesecs":	1730884276
		},
		"connecting_to":	{
			"host":	"192.168.42.1",
			"port":	5207
		},
		"cookie":	"hjytdgzmmmaqlkdop327ro5qxo4myok4anfh",
		"tcp_mss_default":	1448,
		"sock_bufsize":	0,
		"sndbuf_actual":	87380,
		"rcvbuf_actual":	87380,
		"test_start":	{
			"protocol":	"TCP",
			"num_streams":	1,
			"blksize":	131072,
			"omit":	0,
			"duration":	30,
			"bytes":	0,
			"blocks":	0,
			"reverse":	0,
			"tos":	0
		}
	},
	"intervals":	[{
			"streams":	[{
					"socket":	7,
					"start":	0,
					"end":	1.000821,
					"seconds":	1.0008209943771362,
					"bytes":	95568,
					"bits_per_second":	763916.82857913675,
					"retransmits":	1,
					"snd_cwnd":	17376,
					"rtt":	636779,
					"rttvar":	414493,
					"pmtu":	1500,
					"omitted":	false,
					"sender":	true
				}],
			"sum":	{
				"start":	0,
				"end":	1.000821,
				"seconds":	1.0008209943771362,
				"bytes":	95568,
				"bits_per_second":	763916.82857913675,
				"retransmits":	1,
				"omitted":	false,
				"sender":	true
			}
		}, {
			"streams":	[{
					"socket":	7,
					"start":	1.000821,
					"end":	2.000226,
					"seconds":	0.999405026435852,
					"bytes":	43440,
					"bits_per_second":	347726.88830608554,
					"retransmits":	0,
					"snd_cwnd":	20272,
					"rtt":	448015,
					"rttvar":	163567,
					"pmtu":	1500,
					"omitted":	false,
					"sender":	true
				}],
			"sum":	{
				"start":	1.000821,
				"end":	2.000226,
				"seconds":	0.999405026435852,
				"bytes":	43440,
				"bits_per_second":	347726.88830608554,
				"retransmits":	0,
				"omitted":	false,
				"sender":	true
			}
		}, {
			"streams":	[{
					"socket":	7,
					"start":	2.000226,
					"end":	3.001046,
					"seconds":	1.0008200407028198,
					"bytes":	0,
					"bits_per_second":	0,
					"retransmits":	0,
					"snd_cwnd":	20272,
					"rtt":	402213,
					"rttvar":	63270,
					"pmtu":	1500,
					"omitted":	false,
					"sender":	true
				}],
			"sum":	{
				"start":	2.000226,
				"end":	3.001046,
				"seconds":	1.0008200407028198,
				"bytes":	0,
				"bits_per_second":	0,
				"retransmits":	0,
				"omitted":	false,
				"sender":	true
			}
		}, {
			"streams":	[{
					"socket":	7,
					"start":	3.001046,
					"end":	4.005761,
					"seconds":	1.0047149658203125,
					"bytes":	0,
					"bits_per_second":	0,
					"retransmits":	0,
					"snd_cwnd":	20272,
					"rtt":	381400,
					"rttvar":	32289,
					"pmtu":	1500,
					"omitted":	false,
					"sender":	true
				}],
			"sum":	{
				"start":	3.001046,
				"end":	4.005761,
				"seconds":	1.0047149658203125,
				"bytes":	0,
				"bits_per_second":	0,
				"retransmits":	0,
				"omitted":	false,
				"sender":	true
			}
		}, {
			"streams":	[{
					"socket":	7,
					"start":	4.005761,
					"end":	5.007662,
					"seconds":	1.0019010305404663,
					"bytes":	43440,
					"bits_per_second":	346860.607392063,
					"retransmits":	0,
					"snd_cwnd":	20272,
					"rtt":	361958,
					"rttvar":	40296,
					"pmtu":	1500,
					"omitted":	false,
					"sender":	true
				}],
			"sum":	{
				"start":	4.005761,
				"end":	5.007662,
				"seconds":	1.0019010305404663,
				"bytes":	43440,
				"bits_per_second":	346860.607392063,
				"retransmits":	0,
				"omitted":	false,
				"sender":	true
			}
		}, {
			"streams":	[{
					"socket":	7,
					"start":	5.007662,
					"end":	6.000545,
					"seconds":	0.992883026599884,
					"bytes":	0,
					"bits_per_second":	0,
					"retransmits":	0,
					"snd_cwnd":	20272,
					"rtt":	353090,
					"rttvar":	21235,
					"pmtu":	1500,
					"omitted":	false,
					"sender":	true
				}],
			"sum":	{
				"start":	5.007662,
				"end":	6.000545,
				"seconds":	0.992883026599884,
				"bytes":	0,
				"bits_per_second":	0,
				"retransmits":	0,
				"omitted":	false,
				"sender":	true
			}
		}, {
			"streams":	[{
					"socket":	7,
					"start":	6.000545,
					"end":	7.00243,
					"seconds":	1.0018850564956665,
					"bytes":	43440,
					"bits_per_second":	346866.13773393788,
					"retransmits":	0,
					"snd_cwnd":	20272,
					"rtt":	340234,
					"rttvar":	13819,
					"pmtu":	1500,
					"omitted":	false,
					"sender":	true
				}],
			"sum":	{
				"start":	6.000545,
				"end":	7.00243,
				"seconds":	1.0018850564956665,
				"bytes":	43440,
				"bits_per_second":	346866.13773393788,
				"retransmits":	0,
				"omitted":	false,
				"sender":	true
			}
		}, {
			"streams":	[{
					"socket":	7,
					"start":	7.00243,
					"end":	8.000764,
					"seconds":	0.99833399057388306,
					"bytes":	0,
					"bits_per_second":	0,
					"retransmits":	0,
					"snd_cwnd":	20272,
					"rtt":	322081,
					"rttvar":	13297,
					"pmtu":	1500,
					"omitted":	false,
					"sender":	true
				}],
			"sum":	{
				"start":	7.00243,
				"end":	8.000764,
				"seconds":	0.99833399057388306,
				"bytes":	0,
				"bits_per_second":	0,
				"retransmits":	0,
				"omitted":	false,
				"sender":	true
			}
		}, {
			"streams":	[{
					"socket":	7,
					"start":	8.000764,
					"end":	9.000706,
					"seconds":	0.99994200468063354,
					"bytes":	0,
					"bits_per_second":	0,
					"retransmits":	0,
					"snd_cwnd":	20272,
					"rtt":	335386,
					"rttvar":	22130,
					"pmtu":	1500,
					"omitted":	false,
					"sender":	true
				}],
			"sum":	{
				"start":	8.000764,
				"end":	9.000706,
				"seconds":	0.99994200468063354,
				"bytes":	0,
				"bits_per_second":	0,
				"retransmits":	0,
				"omitted":	false,
				"sender":	true
			}
		}, {
			"streams":	[{
					"socket":	7,
					"start":	9.000706,
					"end":	10.000731,
					"seconds":	1.0000250339508057,
					"bytes":	43440,
					"bits_per_second":	347511.30041920091,
					"retransmits":	0,
					"snd_cwnd":	20272,
					"rtt":	348515,
					"rttvar":	19509,
					"pmtu":	1500,
					"omitted":	false,
					"sender":	true
				}],
			"sum":	{
				"start":	9.000706,
				"end":	10.000731,
				"seconds":	1.0000250339508057,
				"bytes":	43440,
				"bits_per_second":	347511.30041920091,
				"retransmits":	0,
				"omitted":	false,
				"sender":	true
			}
		}, {
			"streams":	[{
					"socket":	7,
					"start":	10.000731,
					"end":	11.000527,
					"seconds":	0.99979597330093384,
					"bytes":	0,
					"bits_per_second":	0,
					"retransmits":	0,
					"snd_cwnd":	20272,
					"rtt":	336136,
					"rttvar":	17110,
					"pmtu":	1500,
					"omitted":	false,
					"sender":	true
				}],
			"sum":	{
				"start":	10.000731,
				"end":	11.000527,
				"seconds":	0.99979597330093384,
				"bytes":	0,
				"bits_per_second":	0,
				"retransmits":	0,
				"omitted":	false,
				"sender":	true
			}
		}, {
			"streams":	[{
					"socket":	7,
					"start":	11.000527,
					"end":	12.000216,
					"seconds":	0.999688982963562,
					"bytes":	43440,
					"bits_per_second":	347628.118267126,
					"retransmits":	0,
					"snd_cwnd":	20272,
					"rtt":	339234,
					"rttvar":	12017,
					"pmtu":	1500,
					"omitted":	false,
					"sender":	true
				}],
			"sum":	{
				"start":	11.000527,
				"end":	12.000216,
				"seconds":	0.999688982963562,
				"bytes":	43440,
				"bits_per_second":	347628.118267126,
				"retransmits":	0,
				"omitted":	false,
				"sender":	true
			}
		}, {
			"streams":	[{
					"socket":	7,
					"start":	12.000216,
					"end":	13.00087,
					"seconds":	1.0006539821624756,
					"bytes":	0,
					"bits_per_second":	0,
					"retransmits":	0,
					"snd_cwnd":	20272,
					"rtt":	324626,
					"rttvar":	20346,
					"pmtu":	1500,
					"omitted":	false,
					"sender":	true
				}],
			"sum":	{
				"start":	12.000216,
				"end":	13.00087,
				"seconds":	1.0006539821624756,
				"bytes":	0,
				"bits_per_second":	0,
				"retransmits":	0,
				"omitted":	false,
				"sender":	true
			}
		}, {
			"streams":	[{
					"socket":	7,
					"start":	13.00087,