{
	"start":	{
		"connected":	[{
				"socket":	7,
				"local_host":	"192.168.42.9",
				"local_port":	52622,
				"remote_host":	"192.168.42.1",
				"remote_port":	5208
			}],
		"version":	"iperf 3.7",
		"system_info":	"Linux rathan-VirtualBox 5.4.0-177-generic #197-Ubuntu SMP Thu Mar 28 22:45:47 UTC 2024 x86_64",
		"timestamp":	{
			"time":	"Wed, 06 Nov 2024 09:11:15 GMT",
			"timesecs":	1730884275
		},
		"connecting_to":	{
			"host":	"192.168.42.1",
			"port":	5208
		},
		"cookie":	"w3qxxz7xym4wizpfhd26b5kc6lgs6xikhmo5",
		"tcp_mss_default":	1448,
		"sock_bufsize":	0,
		"sndbuf_actual":	87380,
		"rcvbuf_actual":	87380,
		"test_start":	{
			"protocol":	"TCP",
			"num_streams":	1,
			"blksize":	131072,
			"omit":	0,
			"duration":	30,
			"bytes":	0,
			"blocks":	0,
			"reverse":	0,
			"tos":	0
		}
	},
	"intervals":	[{
			"streams":	[{
					"socket":	7,
					"start":	0,
					"end":	1.000624,
					"seconds":	1.0006239414215088,
					"bytes":	95568,
					"bits_per_second":	764067.26678343478,
					"retransmits":	0,
					"snd_cwnd":	20272,
					"rtt":	258122,
					"rttvar":	41259,
					"pmtu":	1500,
					"omitted":	false,
					"sender":	true
				}],
			"sum":	{
				"start":	0,
				"end":	1.000624,
				"seconds":	1.0006239414215088,
				"bytes":	95568,
				"bits_per_second":	764067.26678343478,
				"retransmits":	0,
				"omitted":	false,
				"sender":	true
			}
		}, {
			"streams":	[{
					"socket":	7,
					"start":	1.000624,
					"end":	2.003852,
					"seconds":	1.0032279491424561,
					"bytes":	43440,
					"bits_per_second":	346401.83250183053,
					"retransmits":	0,
					"snd_cwnd":	20272,
					"rtt":	230996,
					"rttvar":	21481,
					"pmtu":	1500,
					"omitted":	false,
					"sender":	true
				}],
			"sum":	{
				"start":	1.000624,
				"end":	2.003852,
				"seconds":	1.0032279491424561,
				"bytes":	43440,
				"bits_per_second":	346401.83250183053,
				"retransmits":	0,
				"omitted":	false,
				"sender":	true
			}
		}, {
			"streams":	[{
					"socket":	7,
					"start":	2.003852,
					"end":	3.000213,
					"seconds":	0.99636101722717285,
					"bytes":	0,
					"bits_per_second":	0,
					"retransmits":	0,
					"snd_cwnd":	20272,
					"rtt":	305997,
					"rttvar":	89757,
					"pmtu":	1500,
					"omitted":	false,
					"sender":	true
				}],
			"sum":	{
				"start":	2.003852,
				"end":	3.000213,
				"seconds":	0.99636101722717285,
				"bytes":	0,
				"bits_per_second":	0,
				"retransmits":	0,
				"omitted":	false,
				"sender":	true
			}
		}, {
			"streams":	[{
					"socket":	7,
					"start":	3.000213,
					"end":	4.002056,
					"seconds":	1.0018429756164551,
					"bytes":	43440,
					"bits_per_second":	346880.70731460053,
					"retransmits":	0,
					"snd_cwnd":	20272,
					"rtt":	347934,
					"rttvar":	60309,
					"pmtu":	1500,
					"omitted":	false,
					"sender":	true
				}],
			"sum":	{
				"start":	3.000213,
				"end":	4.002056,
				"seconds":	1.0018429756164551,
				"bytes":	43440,
				"bits_per_second":	346880.70731460053,
				"retransmits":	0,
				"omitted":	false,
				"sender":	true
			}
		}, {
			"streams":	[{
					"socket":	7,
					"start":	4.002056,
					"end":	5.001039,
					"seconds":	0.99898302555084229,
					"bytes":	0,
					"bits_per_second":	0,
					"retransmits":	0,
					"snd_cwnd":	20272,
					"rtt":	352468,
					"rttvar":	20738,
					"pmtu":	1500,
					"omitted":	false,
					"sender":	true
				}],
			"sum":	{
				"start":	4.002056,
				"end":	5.001039,
				"seconds":	0.99898302555084229,
				"bytes":	0,
				"bits_per_second":	0,
				"retransmits":	0,
				"omitted":	false,
				"sender":	true
			}
		}, {
			"streams":	[{
					"socket":	7,
					"start":	5.001039,
					"end":	6.000726,
					"seconds":	0.99968701601028442,
					"bytes":	43440,
					"bits_per_second":	347628.80224946811,
					"retransmits":	0,
					"snd_cwnd":	20272,
					"rtt":	344053,
					"rttvar":	15640,
					"pmtu":	1500,
					"omitted":	false,
					"sender":	true
				}],
			"sum":	{
				"start":	5.001039,
				"end":	6.000726,
				"seconds":	0.99968701601028442,
				"bytes":	43440,
				"bits_per_second":	347628.80224946811,
				"retransmits":	0,
				"omitted":	false,
				"sender":	true
			}
		}, {
			"streams":	[{
					"socket":	7,
					"start":	6.000726,
					"end":	7.005155,
					"seconds":	1.0044289827346802,
					"bytes":	0,
					"bits_per_second":	0,
					"retransmits":	0,
					"snd_cwnd":	20272,
					"rtt":	348859,
					"rttvar":	24604,
					"pmtu":	1500,
					"omitted":	false,
					"sender":	true
				}],
			"sum":	{
				"start":	6.000726,
				"end":	7.005155,
				"seconds":	1.0044289827346802,
				"bytes":	0,
				"bits_per_second":	0,
				"retransmits":	0,
				"omitted":	false,
				"sender":	true
			}
		}, {
			"streams":	[{
					"socket":	7,
					"start":	7.005155,
					"end":	8.004015,
					"seconds":	0.99886000156402588,
					"bytes":	0,
					"bits_per_second":	0,
					"retransmits":	0,
					"snd_cwnd":	20272,
					"rtt":	341953,
					"rttvar":	23193,
					"pmtu":	1500,
					"omitted":	false,
					"sender":	true
				}],
			"sum":	{
				"start":	7.005155,
				"end":	8.004015,
				"seconds":	0.99886000156402588,
				"bytes":	0,
				"bits_per_second":	0,
				"retransmits":	0,
				"omitted":	false,
				"sender":	true
			}
		}, {
			"streams":	[{
					"socket":	7,
					"start":	8.004015,
					"end":	9.000088,
					"seconds":	0.99607300758361816,
					"bytes":	43440,
					"bits_per_second":	348890.0887326037,
					"retransmits":	0,
					"snd_cwnd":	20272,
					"rtt":	334699,
					"rttvar":	25643,
					"pmtu":	1500,
					"omitted":	false,
					"sender":	true
				}],
			"sum":	{
				"start":	8.004015,
				"end":	9.000088,
				"seconds":	0.99607300758361816,
				"bytes":	43440,
				"bits_per_second":	348890.0887326037,
				"retransmits":	0,
				"omitted":	false,
				"sender":	true
			}
		}, {
			"streams":	[{
					"socket":	7,
					"start":	9.000088,
					"end":	10.001073,
					"seconds":	1.0009850263595581,
					"bytes":	0,
					"bits_per_second":	0,
					"retransmits":	0,
					"snd_cwnd":	20272,
					"rtt":	342445,
					"rttvar":	19909,
					"pmtu":	1500,
					"omitted":	false,
					"sender":	true
				}],
			"sum":	{
				"start":	9.000088,
				"end":	10.001073,
				"seconds":	1.0009850263595581,
				"bytes":	0,
				"bits_per_second":	0,
				"retransmits":	0,
				"omitted":	false,
				"sender":	true
			}
		}, {
			"streams":	[{
					"socket":	7,
					"start":	10.001073,
					"end":	11.001003,
					"seconds":	0.99993002414703369,
					"bytes":	43440,
					"bits_per_second":	347544.31971021532,
					"retransmits":	0,
					"snd_cwnd":	20272,
					"rtt":	351365,
					"rttvar":	18626,
					"pmtu":	1500,
					"omitted":	false,
					"sender":	true
				}],
			"sum":	{
				"start":	10.001073,
				"end":	11.001003,
				"seconds":	0.99993002414703369,
				"bytes":	43440,
				"bits_per_second":	347544.31971021532,
				"retransmits":	0,
				"omitted":	false,
				"sender":	true
			}
		}, {
			"streams":	[{
					"socket":	7,
					"start":	11.001003,
					"end":	12.0157,
					"seconds":	1.0146969556808472,
					"bytes":	0,
					"bits_per_second":	0,
					"retransmits":	0,
					"snd_cwnd":	20272,
					"rtt":	353626,
					"rttvar":	15340,
					"pmtu":	1500,
					"omitted":	false,
					"sender":	true
				}],
			"sum":	{
				"start":	11.001003,
				"end":	12.0157,
				"seconds":	1.0146969556808472,
				"bytes":	0,
				"bits_per_second":	0,
				"retransmits":	0,
				"omitted":	false,
				"sender":	true
			}
		}, {
			"streams":	[{
					"socket":	7,
					"start":	12.0157,
					"end":	13.001769,
					"seconds":	0.98606902360916138,
					"bytes":	0,
					"bits_per_second":	0,
					"retransmits":	0,
					"snd_cwnd":	20272,
					"rtt":	331135,
					"rttvar":	15976,
					"pmtu":	1500,
					"omitted":	false,
					"sender":	true
				}],
			"sum":	{
				"start":	12.0157,
				"end":	13.001769,
				"seconds":	0.98606902360916138,
				"bytes":	0,
				"bits_per_second":	0,
				"retransmits":	0,
				"omitted":	false,
				"sender":	true
			}
		}, {
			"streams":	[{
					"socket":	7,