{
	"start":	{
		"connected":	[{
				"socket":	7,
				"local_host":	"192.168.42.10",
				"local_port":	35976,
				"remote_host":	"192.168.42.1",
				"remote_port":	5209
			}],
		"version":	"iperf 3.7",
		"system_info":	"Linux rathan-VirtualBox 5.4.0-177-generic #197-Ubuntu SMP Thu Mar 28 22:45:47 UTC 2024 x86_64",
		"timestamp":	{
			"time":	"Wed, 06 Nov 2024 09:11:15 GMT",
			"timesecs":	1730884275
		},
		"connecting_to":	{
			"host":	"192.168.42.1",
			"port":	5209
		},
		"cookie":	"vcfpj6jqbqteedims3sx2dmxnw4dyu5k2hd7",
		"tcp_mss_default":	1448,
		"sock_bufsize":	0,
		"sndbuf_actual":	87380,
		"rcvbuf_actual":	87380,
		"test_start":	{
			"protocol":	"TCP",
			"num_streams":	1,
			"blksize":	131072,
			"omit":	0,
			"duration":	30,
			"bytes":	0,
			"blocks":	0,
			"reverse":	0,
			"tos":	0
		}
	},
	"intervals":	[{
			"streams":	[{
					"socket":	7,
					"start":	0,
					"end":	1.000717,
					"seconds":	1.0007170438766479,
					"bytes":	165072,
					"bits_per_second":	1319629.7675557318,
					"retransmits":	1,
					"snd_cwnd":	34752,
					"rtt":	202822,
					"rttvar":	113619,
					"pmtu":	1500,
					"omitted":	false,
					"sender":	true
				}],
			"sum":	{
				"start":	0,
				"end":	1.000717,
				"seconds":	1.0007170438766479,
				"bytes":	165072,
				"bits_per_second":	1319629.7675557318,
				"retransmits":	1,
				"omitted":	false,
				"sender":	true
			}
		}, {
			"streams":	[{
					"socket":	7,
					"start":	1.000717,
					"end":	2.000194,
					"seconds":	0.99947702884674072,
					"bytes":	82536,
					"bits_per_second":	660633.4922593286,
					"retransmits":	0,
					"snd_cwnd":	34752,
					"rtt":	209029,
					"rttvar":	26579,
					"pmtu":	1500,
					"omitted":	false,
					"sender":	true
				}],
			"sum":	{
				"start":	1.000717,
				"end":	2.000194,
				"seconds":	0.99947702884674072,
				"bytes":	82536,
				"bits_per_second":	660633.4922593286,
				"retransmits":	0,
				"omitted":	false,
				"sender":	true
			}
		}, {
			"streams":	[{
					"socket":	7,
					"start":	2.000194,
					"end":	3.003718,
					"seconds":	1.0035239458084106,
					"bytes":	0,
					"bits_per_second":	0,
					"retransmits":	0,
					"snd_cwnd":	34752,
					"rtt":	260611,
					"rttvar":	70430,
					"pmtu":	1500,
					"omitted":	false,
					"sender":	true
				}],
			"sum":	{
				"start":	2.000194,
				"end":	3.003718,
				"seconds":	1.0035239458084106,
				"bytes":	0,
				"bits_per_second":	0,
				"retransmits":	0,
				"omitted":	false,
				"sender":	true
			}
		}, {
			"streams":	[{
					"socket":	7,
					"start":	3.003718,
					"end":	4.001157,
					"seconds":	0.99743902683258057,
					"bytes":	0,
					"bits_per_second":	0,
					"retransmits":	0,
					"snd_cwnd":	34752,
					"rtt":	312513,
					"rttvar":	57014,
					"pmtu":	1500,
					"omitted":	false,
					"sender":	true
				}],
			"sum":	{
				"start":	3.003718,
				"end":	4.001157,
				"seconds":	0.99743902683258057,
				"bytes":	0,
				"bits_per_second":	0,
				"retransmits":	0,
				"omitted":	false,
				"sender":	true
			}
		}, {
			"streams":	[{
					"socket":	7,
					"start":	4.001157,
					"end":	5.000552,
					"seconds":	0.99939501285552979,
					"bytes":	0,
					"bits_per_second":	0,
					"retransmits":	0,
					"snd_cwnd":	34752,
					"rtt":	349153,
					"rttvar":	46418,
					"pmtu":	1500,
					"omitted":	false,
					"sender":	true
				}],
			"sum":	{
				"start":	4.001157,
				"end":	5.000552,
				"seconds":	0.99939501285552979,
				"bytes":	0,
				"bits_per_second":	0,
				"retransmits":	0,
				"omitted":	false,
				"sender":	true
			}
		}, {
			"streams":	[{
					"socket":	7,
					"start":	5.000552,
					"end":	6.008882,
					"seconds":	1.00832998752594,
					"bytes":	95568,
					"bits_per_second":	758227.97046421433,
					"retransmits":	0,
					"snd_cwnd":	34752,
					"rtt":	357769,
					"rttvar":	24270,
					"pmtu":	1500,
					"omitted":	false,
					"sender":	true
				}],
			"sum":	{
				"start":	5.000552,
				"end":	6.008882,
				"seconds":	1.00832998752594,
				"bytes":	95568,
				"bits_per_second":	758227.97046421433,
				"retransmits":	0,
				"omitted":	false,
				"sender":	true
			}
		}, {
			"streams":	[{
					"socket":	7,
					"start":	6.008882,
					"end":	7.000464,
					"seconds":	0.99158197641372681,
					"bytes":	0,
					"bits_per_second":	0,
					"retransmits":	0,
					"snd_cwnd":	34752,
					"rtt":	338780,
					"rttvar":	18297,
					"pmtu":	1500,
					"omitted":	false,
					"sender":	true
				}],
			"sum":	{
				"start":	6.008882,
				"end":	7.000464,
				"seconds":	0.99158197641372681,
				"bytes":	0,
				"bits_per_second":	0,
				"retransmits":	0,
				"omitted":	false,
				"sender":	true
			}
		}, {
			"streams":	[{
					"socket":	7,
					"start":	7.000464,
					"end":	8.001077,
					"seconds":	1.0006129741668701,
					"bytes":	0,
					"bits_per_second":	0,
					"retransmits":	0,
					"snd_cwnd":	34752,
					"rtt":	350334,
					"rttvar":	18932,
					"pmtu":	1500,
					"omitted":	false,
					"sender":	true
				}],
			"sum":	{
				"start":	7.000464,
				"end":	8.001077,
				"seconds":	1.0006129741668701,
				"bytes":	0,
				"bits_per_second":	0,
				"retransmits":	0,
				"omitted":	false,
				"sender":	true
			}
		}, {
			"streams":	[{
					"socket":	7,
					"start":	8.001077,
					"end":	9.002916,
					"seconds":	1.0018390417099,
					"bytes":	0,
					"bits_per_second":	0,
					"retransmits":	0,
					"snd_cwnd":	34752,
					"rtt":	334965,
					"rttvar":	15885,
					"pmtu":	1500,
					"omitted":	false,
					"sender":	true
				}],
			"sum":	{
				"start":	8.001077,
				"end":	9.002916,
				"seconds":	1.0018390417099,
				"bytes":	0,
				"bits_per_second":	0,
				"retransmits":	0,
				"omitted":	false,
				"sender":	true
			}
		}, {
			"streams":	[{
					"socket":	7,
					"start":	9.002916,
					"end":	10.001949,
					"seconds":	0.99903297424316406,
					"bytes":	0,
					"bits_per_second":	0,
					"retransmits":	0,
					"snd_cwnd":	34752,
					"rtt":	330969,
					"rttvar":	10557,
					"pmtu":	1500,
					"omitted":	false,
					"sender":	true
				}],
			"sum":	{
				"start":	9.002916,
				"end":	10.001949,
				"seconds":	0.99903297424316406,
				"bytes":	0,
				"bits_per_second":	0,
				"retransmits":	0,
				"omitted":	false,
				"sender":	true
			}
		}, {
			"streams":	[{
					"socket":	7,
					"start":	10.001949,
					"end":	11.002297,
					"seconds":	1.0003479719161987,
					"bytes":	81088,
					"bits_per_second":	648478.34774672124,
					"retransmits":	0,
					"snd_cwnd":	34752,
					"rtt":	333940,
					"rttvar":	18637,
					"pmtu":	1500,
					"omitted":	false,
					"sender":	true
				}],
			"sum":	{
				"start":	10.001949,
				"end":	11.002297,
				"seconds":	1.0003479719161987,
				"bytes":	81088,
				"bits_per_second":	648478.34774672124,
				"retransmits":	0,
				"omitted":	false,
				"sender":	true
			}
		}, {
			"streams":	[{
					"socket":	7,
					"start":	11.002297,
					"end":	12.001077,
					"seconds":	0.9987800121307373,
					"bytes":	0,
					"bits_per_second":	0,
					"retransmits":	0,
					"snd_cwnd":	34752,
					"rtt":	345909,
					"rttvar":	17899,
					"pmtu":	1500,
					"omitted":	false,
					"sender":	true
				}],
			"sum":	{
				"start":	11.002297,
				"end":	12.001077,
				"seconds":	0.9987800121307373,
				"bytes":	0,
				"bits_per_second":	0,
				"retransmits":	0,
				"omitted":	false,
				"sender":	true
			}
		}, {
			"streams":	[{
					"socket":	7,
					"start":	12.001077,
					"end":	13.002215,
					"seconds":	1.0011379718780518,
					"bytes":	0,
					"bits_per_second":	0,
					"retransmits":	0,
					"snd_cwnd":	34752,
					"rtt":	343846,
					"rttvar":	25886,
					"pmtu":	1500,
					"omitted":	false,
					"sender":	true
				}],
			"sum":	{
				"start":	12.001077,
				"end":	13.002215,
				"seconds":	1.0011379718780518,
				"bytes":	0,
				"bits_per_second":	0,
				"retransmits":	0,
				"omitted":	false,
				"sender":	true
			}
		}, {
			"streams":	[{
					"socket":	7,
					"start":	13.002215,
					"end":	14.005776,
					"seconds":	1.0035610198974609,
					"bytes":	0,