{
	"start":	{
		"connected":	[{
				"socket":	7,
				"local_host":	"192.168.42.11",
				"local_port":	53022,
				"remote_host":	"192.168.42.1",
				"remote_port":	5210
			}],
		"version":	"iperf 3.7",
		"system_info":	"Linux rathan-VirtualBox 5.4.0-177-generic #197-Ubuntu SMP Thu Mar 28 22:45:47 UTC 2024 x86_64",
		"timestamp":	{
			"time":	"Wed, 06 Nov 2024 09:11:48 GMT",
			"timesecs":	1730884308
		},
		"connecting_to":	{
			"host":	"192.168.42.1",
			"port":	5210
		},
		"cookie":	"b4m4hpyco5fy5kmvvzkyfesococl3zisusl3",
		"sock_bufsize":	0,
		"sndbuf_actual":	212992,
		"rcvbuf_actual":	212992,
		"test_start":	{
			"protocol":	"UDP",
			"num_streams":	1,
			"blksize":	1448,
			"omit":	0,
			"duration":	30,
			"bytes":	0,
			"blocks":	0,
			"reverse":	0,
			"tos":	0
		}
	},
	"intervals":	[{
			"streams":	[{
					"socket":	7,
					"start":	0,
					"end":	1.000057,
					"seconds":	1.0000569820404053,
					"bytes":	94120,
					"bits_per_second":	752917.09724754281,
					"packets":	65,
					"omitted":	false,
					"sender":	true
				}],
			"sum":	{
				"start":	0,
				"end":	1.000057,
				"seconds":	1.0000569820404053,
				"bytes":	94120,
				"bits_per_second":	752917.09724754281,
				"packets":	65,
				"omitted":	false,
				"sender":	true
			}
		}, {
			"streams":	[{
					"socket":	7,
					"start":	1.000057,
					"end":	2.000076,
					"seconds":	1.0000189542770386,
					"bytes":	30408,
					"bits_per_second":	243259.38919414498,
					"packets":	21,
					"omitted":	false,
					"sender":	true
				}],
			"sum":	{
				"start":	1.000057,
				"end":	2.000076,
				"seconds":	1.0000189542770386,
				"bytes":	30408,
				"bits_per_second":	243259.38919414498,
				"packets":	21,
				"omitted":	false,
				"sender":	true
			}
		}, {
			"streams":	[{
					"socket":	7,
					"start":	2.000076,
					"end":	3.000101,
					"seconds":	1.0000250339508057,
					"bytes":	27512,
					"bits_per_second":	220090.49026549389,
					"packets":	19,
					"omitted":	false,
					"sender":	true
				}],
			"sum":	{
				"start":	2.000076,
				"end":	3.000101,
				"seconds":	1.0000250339508057,
				"bytes":	27512,
				"bits_per_second":	220090.49026549389,
				"packets":	19,
				"omitted":	false,
				"sender":	true
			}
		}, {
			"streams":	[{
					"socket":	7,
					"start":	3.000101,
					"end":	4.00009,
					"seconds":	0.99998897314071655,
					"bytes":	13032,
					"bits_per_second":	104257.14962891825,
					"packets":	9,
					"omitted":	false,
					"sender":	true
				}],
			"sum":	{
				"start":	3.000101,
				"end":	4.00009,
				"seconds":	0.99998897314071655,
				"bytes":	13032,
				"bits_per_second":	104257.14962891825,
				"packets":	9,
				"omitted":	false,
				"sender":	true
			}
		}, {
			"streams":	[{
					"socket":	7,
					"start":	4.00009,
					"end":	5.000283,
					"seconds":	1.0001929998397827,
					"bytes":	14480,
					"bits_per_second":	115817.64721264395,
					"packets":	10,
					"omitted":	false,
					"sender":	true
				}],
			"sum":	{
				"start":	4.00009,
				"end":	5.000283,
				"seconds":	1.0001929998397827,
				"bytes":	14480,
				"bits_per_second":	115817.64721264395,
				"packets":	10,
				"omitted":	false,
				"sender":	true
			}
		}, {
			"streams":	[{
					"socket":	7,
					"start":	5.000283,
					"end":	6.00007,
					"seconds":	0.99978697299957275,
					"bytes":	23168,
					"bits_per_second":	185383.49168916326,
					"packets":	16,
					"omitted":	false,
					"sender":	true
				}],
			"sum":	{
				"start":	5.000283,
				"end":	6.00007,
				"seconds":	0.99978697299957275,
				"bytes":	23168,
				"bits_per_second":	185383.49168916326,
				"packets":	16,
				"omitted":	false,
				"sender":	true
			}
		}, {
			"streams":	[{
					"socket":	7,
					"start":	6.00007,
					"end":	7.001019,
					"seconds":	1.0009490251541138,
					"bytes":	21720,
					"bits_per_second":	173595.25373756827,
					"packets":	15,
					"omitted":	false,
					"sender":	true
				}],
			"sum":	{
				"start":	6.00007,
				"end":	7.001019,
				"seconds":	1.0009490251541138,
				"bytes":	21720,
				"bits_per_second":	173595.25373756827,
				"packets":	15,
				"omitted":	false,
				"sender":	true
			}
		}, {
			"streams":	[{
					"socket":	7,
					"start":	7.001019,
					"end":	8.000074,
					"seconds":	0.999055027961731,
					"bytes":	15928,
					"bits_per_second":	127544.5260107144,
					"packets":	11,
					"omitted":	false,
					"sender":	true
				}],
			"sum":	{
				"start":	7.001019,
				"end":	8.000074,
				"seconds":	0.999055027961731,
				"bytes":	15928,
				"bits_per_second":	127544.5260107144,
				"packets":	11,
				"omitted":	false,
				"sender":	true
			}
		}, {
			"streams":	[{
					"socket":	7,
					"start":	8.000074,
					"end":	9.000066,
					"seconds":	0.9999920129776001,
					"bytes":	14480,
					"bits_per_second":	115840.92522406459,
					"packets":	10,
					"omitted":	false,
					"sender":	true
				}],
			"sum":	{
				"start":	8.000074,
				"end":	9.000066,
				"seconds":	0.9999920129776001,
				"bytes":	14480,
				"bits_per_second":	115840.92522406459,
				"packets":	10,
				"omitted":	false,
				"sender":	true
			}
		}, {
			"streams":	[{
					"socket":	7,
					"start":	9.000066,
					"end":	10.000086,
					"seconds":	1.0000200271606445,
					"bytes":	27512,
					"bits_per_second":	220091.59219032669,
					"packets":	19,
					"omitted":	false,
					"sender":	true
				}],
			"sum":	{
				"start":	9.000066,
				"end":	10.000086,
				"seconds":	1.0000200271606445,
				"bytes":	27512,
				"bits_per_second":	220091.59219032669,
				"packets":	19,
				"omitted":	false,
				"sender":	true
			}
		}, {
			"streams":	[{
					"socket":	7,
					"start":	10.000086,
					"end":	11.000115,
					"seconds":	1.0000289678573608,
					"bytes":	15928,
					"bits_per_second":	127420.30890666672,
					"packets":	11,
					"omitted":	false,
					"sender":	true
				}],
			"sum":	{
				"start":	10.000086,
				"end":	11.000115,
				"seconds":	1.0000289678573608,
				"bytes":	15928,
				"bits_per_second":	127420.30890666672,
				"packets":	11,
				"omitted":	false,
				"sender":	true
			}
		}, {
			"streams":	[{
					"socket":	7,
					"start":	11.000115,
					"end":	12.000083,
					"seconds":	0.99996799230575562,
					"bytes":	13032,
					"bits_per_second":	104259.33710098405,
					"packets":	9,
					"omitted":	false,
					"sender":	true
				}],
			"sum":	{
				"start":	11.000115,
				"end":	12.000083,
				"seconds":	0.99996799230575562,
				"bytes":	13032,
				"bits_per_second":	104259.33710098405,
				"packets":	9,
				"omitted":	false,
				"sender":	true
			}
		}, {
			"streams":	[{
					"socket":	7,
					"start":	12.000083,
					"end":	13.000103,
					"seconds":	1.0000200271606445,
					"bytes":	20272,
					"bits_per_second":	162172.75214024071,
					"packets":	14,
					"omitted":	false,
					"sender":	true
				}],
			"sum":	{
				"start":	12.000083,
				"end":	13.000103,
				"seconds":	1.0000200271606445,
				"bytes":	20272,
				"bits_per_second":	162172.75214024071,
				"packets":	14,
				"omitted":	false,
				"sender":	true
			}
		}, {
			"streams":	[{
					"socket":	7,
					"start":	13.000103,
					"end":	14.000126,
					"seconds":	1.0000230073928833,
					"bytes":	27512,
					"bits_per_second":	220090.93628135891,
					"packets":	19,
					"omitted":	false,
					"sender":	true
				}],
			"sum":	{
				"start":	13.000103,
				"end":	14.000126,
				"seconds":	1.0000230073928833,
				"bytes":	27512,
				"bits_per_second":	220090.93628135891,
				"packets":	19,
				"omitted":	false,
				"sender":	true
			}
		}, {
			"streams":	[{
					"socket":	7,
					"start":	14.000126,
					"end":	15.000076,
					"seconds":	0.99994999170303345,
					"bytes":	14480,
					"bits_per_second":	115845.79325083121,
					"packets":	10,
					"omitted":	false,
					"sender":	true
				}],
			"sum":	{
				"start":	14.000126,
				"end":	15.000076,
				"seconds":	0.99994999170303345,
				"bytes":	14480,
				"bits_per_second":	115845.79325083121,
				"packets":	10,
				"omitted":	false,