{
	"start":	{
		"connected":	[{
				"socket":	7,
				"local_host":	"192.168.42.2",
				"local_port":	33713,
				"remote_host":	"192.168.42.1",
				"remote_port":	5201
			}],
		"version":	"iperf 3.7",
		"system_info":	"Linux rathan-VirtualBox 5.4.0-177-generic #197-Ubuntu SMP Thu Mar 28 22:45:47 UTC 2024 x86_64",
		"timestamp":	{
			"time":	"Wed, 06 Nov 2024 09:11:48 GMT",
			"timesecs":	1730884308
		},
		"connecting_to":	{
			"host":	"192.168.42.1",
			"port":	5201
		},
		"cookie":	"tignvfxtq7p5h7nm2frb67hnr6ixrei6pjpd",
		"sock_bufsize":	0,
		"sndbuf_actual":	212992,
		"rcvbuf_actual":	212992,
		"test_start":	{
			"protocol":	"UDP",
			"num_streams":	1,
			"blksize":	1448,
			"omit":	0,
			"duration":	30,
			"bytes":	0,
			"blocks":	0,
			"reverse":	0,
			"tos":	0
		}
	},
	"intervals":	[{
			"streams":	[{
					"socket":	7,
					"start":	0,
					"end":	1.308338,
					"seconds":	1.3083380460739136,
					"bytes":	1448,
					"bits_per_second":	8853.9808459759261,
					"packets":	1,
					"omitted":	false,
					"sender":	true
				}],
			"sum":	{
				"start":	0,
				"end":	1.308338,
				"seconds":	1.3083380460739136,
				"bytes":	1448,
				"bits_per_second":	8853.9808459759261,
				"packets":	1,
				"omitted":	false,
				"sender":	true
			}
		}, {
			"streams":	[{
					"socket":	7,
					"start":	1.308338,
					"end":	2.000114,
					"seconds":	0.69177597761154175,
					"bytes":	220096,
					"bits_per_second":	2545286.4178361762,
					"packets":	152,
					"omitted":	false,
					"sender":	true
				}],
			"sum":	{
				"start":	1.308338,
				"end":	2.000114,
				"seconds":	0.69177597761154175,
				"bytes":	220096,
				"bits_per_second":	2545286.4178361762,
				"packets":	152,
				"omitted":	false,
				"sender":	true
			}
		}, {
			"streams":	[{
					"socket":	7,
					"start":	2.000114,
					"end":	3.000089,
					"seconds":	0.99997502565383911,
					"bytes":	0,
					"bits_per_second":	0,
					"packets":	0,
					"omitted":	false,
					"sender":	true
				}],
			"sum":	{
				"start":	2.000114,
				"end":	3.000089,
				"seconds":	0.99997502565383911,
				"bytes":	0,
				"bits_per_second":	0,
				"packets":	0,
				"omitted":	false,
				"sender":	true
			}
		}, {
			"streams":	[{
					"socket":	7,
					"start":	3.000089,
					"end":	4.000048,
					"seconds":	0.99995899200439453,
					"bytes":	0,
					"bits_per_second":	0,
					"packets":	0,
					"omitted":	false,
					"sender":	true
				}],
			"sum":	{
				"start":	3.000089,
				"end":	4.000048,
				"seconds":	0.99995899200439453,
				"bytes":	0,
				"bits_per_second":	0,
				"packets":	0,
				"omitted":	false,
				"sender":	true
			}
		}, {
			"streams":	[{
					"socket":	7,
					"start":	4.000048,
					"end":	5.00007,
					"seconds":	1.0000220537185669,
					"bytes":	34752,
					"bits_per_second":	278009.86884859361,
					"packets":	24,
					"omitted":	false,
					"sender":	true
				}],
			"sum":	{
				"start":	4.000048,
				"end":	5.00007,
				"seconds":	1.0000220537185669,
				"bytes":	34752,
				"bits_per_second":	278009.86884859361,
				"packets":	24,
				"omitted":	false,
				"sender":	true
			}
		}, {
			"streams":	[{
					"socket":	7,
					"start":	5.00007,
					"end":	6.000082,
					"seconds":	1.0000120401382446,
					"bytes":	33304,
					"bits_per_second":	266428.79216051,
					"packets":	23,
					"omitted":	false,
					"sender":	true
				}],
			"sum":	{
				"start":	5.00007,
				"end":	6.000082,
				"seconds":	1.0000120401382446,
				"bytes":	33304,
				"bits_per_second":	266428.79216051,
				"packets":	23,
				"omitted":	false,
				"sender":	true
			}
		}, {
			"streams":	[{
					"socket":	7,
					"start":	6.000082,
					"end":	7.000073,
					"seconds":	0.99999099969863892,
					"bytes":	0,
					"bits_per_second":	0,
					"packets":	0,
					"omitted":	false,
					"sender":	true
				}],
			"sum":	{
				"start":	6.000082,
				"end":	7.000073,
				"seconds":	0.99999099969863892,
				"bytes":	0,
				"bits_per_second":	0,
				"packets":	0,
				"omitted":	false,
				"sender":	true
			}
		}, {
			"streams":	[{
					"socket":	7,
					"start":	7.000073,
					"end":	8.00009,
					"seconds":	1.0000170469284058,
					"bytes":	0,
					"bits_per_second":	0,
					"packets":	0,
					"omitted":	false,
					"sender":	true
				}],
			"sum":	{
				"start":	7.000073,
				"end":	8.00009,
				"seconds":	1.0000170469284058,
				"bytes":	0,
				"bits_per_second":	0,
				"packets":	0,
				"omitted":	false,
				"sender":	true
			}
		}, {
			"streams":	[{
					"socket":	7,
					"start":	8.00009,
					"end":	9.000082,
					"seconds":	0.9999920129776001,
					"bytes":	68056,
					"bits_per_second":	544452.34855310363,
					"packets":	47,
					"omitted":	false,
					"sender":	true
				}],
			"sum":	{
				"start":	8.00009,
				"end":	9.000082,
				"seconds":	0.9999920129776001,
				"bytes":	68056,
				"bits_per_second":	544452.34855310363,
				"packets":	47,
				"omitted":	false,
				"sender":	true
			}
		}, {
			"streams":	[{
					"socket":	7,
					"start":	9.000082,
					"end":	10.00014,
					"seconds":	1.0000580549240112,
					"bytes":	0,
					"bits_per_second":	0,
					"packets":	0,
					"omitted":	false,
					"sender":	true
				}],
			"sum":	{
				"start":	9.000082,
				"end":	10.00014,
				"seconds":	1.0000580549240112,
				"bytes":	0,
				"bits_per_second":	0,
				"packets":	0,
				"omitted":	false,
				"sender":	true
			}
		}, {
			"streams":	[{
					"socket":	7,
					"start":	10.00014,
					"end":	11.000091,
					"seconds":	0.99995100498199463,
					"bytes":	0,
					"bits_per_second":	0,
					"packets":	0,
					"omitted":	false,
					"sender":	true
				}],
			"sum":	{
				"start":	10.00014,
				"end":	11.000091,
				"seconds":	0.99995100498199463,
				"bytes":	0,
				"bits_per_second":	0,
				"packets":	0,
				"omitted":	false,
				"sender":	true
			}
		}, {
			"streams":	[{
					"socket":	7,
					"start":	11.000091,
					"end":	12.00009,
					"seconds":	0.99999898672103882,
					"bytes":	21720,
					"bits_per_second":	173760.1760675307,
					"packets":	15,
					"omitted":	false,
					"sender":	true
				}],
			"sum":	{
				"start":	11.000091,
				"end":	12.00009,
				"seconds":	0.99999898672103882,
				"bytes":	21720,
				"bits_per_second":	173760.1760675307,
				"packets":	15,
				"omitted":	false,
				"sender":	true
			}
		}, {
			"streams":	[{
					"socket":	7,
					"start":	12.00009,
					"end":	13.000036,
					"seconds":	0.9999459981918335,
					"bytes":	46336,
					"bits_per_second":	370708.01890332258,
					"packets":	32,
					"omitted":	false,
					"sender":	true
				}],
			"sum":	{
				"start":	12.00009,
				"end":	13.000036,
				"seconds":	0.9999459981918335,
				"bytes":	46336,
				"bits_per_second":	370708.01890332258,
				"packets":	32,
				"omitted":	false,
				"sender":	true
			}
		}, {
			"streams":	[{
					"socket":	7,
					"start":	13.000036,
					"end":	14.000081,
					"seconds":	1.0000449419021606,
					"bytes":	0,
					"bits_per_second":	0,
					"packets":	0,
					"omitted":	false,
					"sender":	true
				}],
			"sum":	{
				"start":	13.000036,
				"end":	14.000081,
				"seconds":	1.0000449419021606,
				"bytes":	0,
				"bits_per_second":	0,
				"packets":	0,
				"omitted":	false,
				"sender":	true
			}
		}, {
			"streams":	[{
					"socket":	7,
					"start":	14.000081,
					"end":	15.000081,
					"seconds":	1,
					"bytes":	0,
					"bits_per_second":	0,
					"packets":	0,
					"omitted":	false,
					"sender":	true
				}],
			"sum":	{
				"start":	14.000081,
				"end":	15.000081,
				"seconds":	1,
				"bytes":	0,
				"bits_per_second":	0,
				"packets":	0,
				"omitted":	false,
				"sender":	true
			}
		}, {
			"streams":	[{
					"socket":	7,
					"start":	15.000081,
					"end":	16.000068,
					"seconds":	0.999987006187439,
					"bytes":	53576,
					"bits_per_second":	428613.56932438089,
					"packets":	37,
					"omitted":	false,
					"sender":	true
				}],
			"sum":	{
				"start":	15.000081,
				"end":	16.000068,
				"seconds":	0.999987006187439,
				"bytes":	53576,