{
	"start":	{
		"connected":	[{
				"socket":	7,
				"local_host":	"192.168.42.3",
				"local_port":	37513,
				"remote_host":	"192.168.42.1",
				"remote_port":	5202
			}],
		"version":	"iperf 3.7",
		"system_info":	"Linux rathan-VirtualBox 5.4.0-177-generic #197-Ubuntu SMP Thu Mar 28 22:45:47 UTC 2024 x86_64",
		"timestamp":	{
			"time":	"Wed, 06 Nov 2024 09:11:48 GMT",
			"timesecs":	1730884308
		},
		"connecting_to":	{
			"host":	"192.168.42.1",
			"port":	5202
		},
		"cookie":	"rmafgglctm4rxol6e6q5uujzi4deqprrogtx",
		"sock_bufsize":	0,
		"sndbuf_actual":	212992,
		"rcvbuf_actual":	212992,
		"test_start":	{
			"protocol":	"UDP",
			"num_streams":	1,
			"blksize":	1448,
			"omit":	0,
			"duration":	30,
			"bytes":	0,
			"blocks":	0,
			"reverse":	0,
			"tos":	0
		}
	},
	"intervals":	[{
			"streams":	[{
					"socket":	7,
					"start":	0,
					"end":	1.000081,
					"seconds":	1.000080943107605,
					"bytes":	105704,
					"bits_per_second":	845563.55745798186,
					"packets":	73,
					"omitted":	false,
					"sender":	true
				}],
			"sum":	{
				"start":	0,
				"end":	1.000081,
				"seconds":	1.000080943107605,
				"bytes":	105704,
				"bits_per_second":	845563.55745798186,
				"packets":	73,
				"omitted":	false,
				"sender":	true
			}
		}, {
			"streams":	[{
					"socket":	7,
					"start":	1.000081,
					"end":	2.000118,
					"seconds":	1.0000369548797607,
					"bytes":	28960,
					"bits_per_second":	231671.43860984218,
					"packets":	20,
					"omitted":	false,
					"sender":	true
				}],
			"sum":	{
				"start":	1.000081,
				"end":	2.000118,
				"seconds":	1.0000369548797607,
				"bytes":	28960,
				"bits_per_second":	231671.43860984218,
				"packets":	20,
				"omitted":	false,
				"sender":	true
			}
		}, {
			"streams":	[{
					"socket":	7,
					"start":	2.000118,
					"end":	3.000096,
					"seconds":	0.99997800588607788,
					"bytes":	28960,
					"bits_per_second":	231685.09570838907,
					"packets":	20,
					"omitted":	false,
					"sender":	true
				}],
			"sum":	{
				"start":	2.000118,
				"end":	3.000096,
				"seconds":	0.99997800588607788,
				"bytes":	28960,
				"bits_per_second":	231685.09570838907,
				"packets":	20,
				"omitted":	false,
				"sender":	true
			}
		}, {
			"streams":	[{
					"socket":	7,
					"start":	3.000096,
					"end":	4.000122,
					"seconds":	1.0000259876251221,
					"bytes":	11584,
					"bits_per_second":	92669.59173738971,
					"packets":	8,
					"omitted":	false,
					"sender":	true
				}],
			"sum":	{
				"start":	3.000096,
				"end":	4.000122,
				"seconds":	1.0000259876251221,
				"bytes":	11584,
				"bits_per_second":	92669.59173738971,
				"packets":	8,
				"omitted":	false,
				"sender":	true
			}
		}, {
			"streams":	[{
					"socket":	7,
					"start":	4.000122,
					"end":	5.000278,
					"seconds":	1.000156044960022,
					"bytes":	14480,
					"bits_per_second":	115821.92657209838,
					"packets":	10,
					"omitted":	false,
					"sender":	true
				}],
			"sum":	{
				"start":	4.000122,
				"end":	5.000278,
				"seconds":	1.000156044960022,
				"bytes":	14480,
				"bits_per_second":	115821.92657209838,
				"packets":	10,
				"omitted":	false,
				"sender":	true
			}
		}, {
			"streams":	[{
					"socket":	7,
					"start":	5.000278,
					"end":	6.000077,
					"seconds":	0.99979901313781738,
					"bytes":	24616,
					"bits_per_second":	196967.58789744318,
					"packets":	17,
					"omitted":	false,
					"sender":	true
				}],
			"sum":	{
				"start":	5.000278,
				"end":	6.000077,
				"seconds":	0.99979901313781738,
				"bytes":	24616,
				"bits_per_second":	196967.58789744318,
				"packets":	17,
				"omitted":	false,
				"sender":	true
			}
		}, {
			"streams":	[{
					"socket":	7,
					"start":	6.000077,
					"end":	7.000806,
					"seconds":	1.000728964805603,
					"bytes":	21720,
					"bits_per_second":	173633.42734239117,
					"packets":	15,
					"omitted":	false,
					"sender":	true
				}],
			"sum":	{
				"start":	6.000077,
				"end":	7.000806,
				"seconds":	1.000728964805603,
				"bytes":	21720,
				"bits_per_second":	173633.42734239117,
				"packets":	15,
				"omitted":	false,
				"sender":	true
			}
		}, {
			"streams":	[{
					"socket":	7,
					"start":	7.000806,
					"end":	8.000068,
					"seconds":	0.99926197528839111,
					"bytes":	15928,
					"bits_per_second":	127518.11151747759,
					"packets":	11,
					"omitted":	false,
					"sender":	true
				}],
			"sum":	{
				"start":	7.000806,
				"end":	8.000068,
				"seconds":	0.99926197528839111,
				"bytes":	15928,
				"bits_per_second":	127518.11151747759,
				"packets":	11,
				"omitted":	false,
				"sender":	true
			}
		}, {
			"streams":	[{
					"socket":	7,
					"start":	8.000068,
					"end":	9.000094,
					"seconds":	1.0000259876251221,
					"bytes":	14480,
					"bits_per_second":	115836.98967173714,
					"packets":	10,
					"omitted":	false,
					"sender":	true
				}],
			"sum":	{
				"start":	8.000068,
				"end":	9.000094,
				"seconds":	1.0000259876251221,
				"bytes":	14480,
				"bits_per_second":	115836.98967173714,
				"packets":	10,
				"omitted":	false,
				"sender":	true
			}
		}, {
			"streams":	[{
					"socket":	7,
					"start":	9.000094,
					"end":	10.00014,
					"seconds":	1.0000460147857666,
					"bytes":	27512,
					"bits_per_second":	220085.87279571305,
					"packets":	19,
					"omitted":	false,
					"sender":	true
				}],
			"sum":	{
				"start":	9.000094,
				"end":	10.00014,
				"seconds":	1.0000460147857666,
				"bytes":	27512,
				"bits_per_second":	220085.87279571305,
				"packets":	19,
				"omitted":	false,
				"sender":	true
			}
		}, {
			"streams":	[{
					"socket":	7,
					"start":	10.00014,
					"end":	11.000134,
					"seconds":	0.99999397993087769,
					"bytes":	14480,
					"bits_per_second":	115840.69736900534,
					"packets":	10,
					"omitted":	false,
					"sender":	true
				}],
			"sum":	{
				"start":	10.00014,
				"end":	11.000134,
				"seconds":	0.99999397993087769,
				"bytes":	14480,
				"bits_per_second":	115840.69736900534,
				"packets":	10,
				"omitted":	false,
				"sender":	true
			}
		}, {
			"streams":	[{
					"socket":	7,
					"start":	11.000134,
					"end":	12.000119,
					"seconds":	0.9999849796295166,
					"bytes":	14480,
					"bits_per_second":	115841.73998585202,
					"packets":	10,
					"omitted":	false,
					"sender":	true
				}],
			"sum":	{
				"start":	11.000134,
				"end":	12.000119,
				"seconds":	0.9999849796295166,
				"bytes":	14480,
				"bits_per_second":	115841.73998585202,
				"packets":	10,
				"omitted":	false,
				"sender":	true
			}
		}, {
			"streams":	[{
					"socket":	7,
					"start":	12.000119,
					"end":	13.000097,
					"seconds":	0.99997800588607788,
					"bytes":	20272,
					"bits_per_second":	162179.56699587236,
					"packets":	14,
					"omitted":	false,
					"sender":	true
				}],
			"sum":	{
				"start":	12.000119,
				"end":	13.000097,
				"seconds":	0.99997800588607788,
				"bytes":	20272,
				"bits_per_second":	162179.56699587236,
				"packets":	14,
				"omitted":	false,
				"sender":	true
			}
		}, {
			"streams":	[{
					"socket":	7,
					"start":	13.000097,
					"end":	14.000139,
					"seconds":	1.0000419616699219,
					"bytes":	26064,
					"bits_per_second":	208503.25085540998,
					"packets":	18,
					"omitted":	false,
					"sender":	true
				}],
			"sum":	{
				"start":	13.000097,
				"end":	14.000139,
				"seconds":	1.0000419616699219,
				"bytes":	26064,
				"bits_per_second":	208503.25085540998,
				"packets":	18,
				"omitted":	false,
				"sender":	true
			}
		}, {
			"streams":	[{
					"socket":	7,
					"start":	14.000139,
					"end":	15.000127,
					"seconds":	0.99998801946640015,
					"bytes":	15928,
					"bits_per_second":	127425.52662580322,
					"packets":	11,
					"omitted":	false,
					"sender":	true
				}],
			"sum":	{
				"start":	14.000139,
				"end":	15.000127,
				"seconds":	0.99998801946640015,
				"bytes":	15928,
				"bits_per_second":	127425.52662580322,
				"packets":	11,
				"omitted":	false,