{
	"start":	{
		"connected":	[{
				"socket":	7,
				"local_host":	"192.168.42.4",
				"local_port":	59791,
				"remote_host":	"192.168.42.1",
				"remote_port":	5203
			}],
		"version":	"iperf 3.7",
		"system_info":	"Linux rathan-VirtualBox 5.4.0-177-generic #197-Ubuntu SMP Thu Mar 28 22:45:47 UTC 2024 x86_64",
		"timestamp":	{
			"time":	"Wed, 06 Nov 2024 09:11:48 GMT",
			"timesecs":	1730884308
		},
		"connecting_to":	{
			"host":	"192.168.42.1",
			"port":	5203
		},
		"cookie":	"vvxe7i47tauasi2rea3haum5uhbuc4hqva3s",
		"sock_bufsize":	0,
		"sndbuf_actual":	212992,
		"rcvbuf_actual":	212992,
		"test_start":	{
			"protocol":	"UDP",
			"num_streams":	1,
			"blksize":	1448,
			"omit":	0,
			"duration":	30,
			"bytes":	0,
			"blocks":	0,
			"reverse":	0,
			"tos":	0
		}
	},
	"intervals":	[{
			"streams":	[{
					"socket":	7,
					"start":	0,
					"end":	1.00008,
					"seconds":	1.0000799894332886,
					"bytes":	131768,
					"bits_per_second":	1054059.6863630356,
					"packets":	91,
					"omitted":	false,
					"sender":	true
				}],
			"sum":	{
				"start":	0,
				"end":	1.00008,
				"seconds":	1.0000799894332886,
				"bytes":	131768,
				"bits_per_second":	1054059.6863630356,
				"packets":	91,
				"omitted":	false,
				"sender":	true
			}
		}, {
			"streams":	[{
					"socket":	7,
					"start":	1.00008,
					"end":	2.000082,
					"seconds":	1.0000020265579224,
					"bytes":	41992,
					"bits_per_second":	335935.31920761743,
					"packets":	29,
					"omitted":	false,
					"sender":	true
				}],
			"sum":	{
				"start":	1.00008,
				"end":	2.000082,
				"seconds":	1.0000020265579224,
				"bytes":	41992,
				"bits_per_second":	335935.31920761743,
				"packets":	29,
				"omitted":	false,
				"sender":	true
			}
		}, {
			"streams":	[{
					"socket":	7,
					"start":	2.000082,
					"end":	3.000086,
					"seconds":	1.0000040531158447,
					"bytes":	0,
					"bits_per_second":	0,
					"packets":	0,
					"omitted":	false,
					"sender":	true
				}],
			"sum":	{
				"start":	2.000082,
				"end":	3.000086,
				"seconds":	1.0000040531158447,
				"bytes":	0,
				"bits_per_second":	0,
				"packets":	0,
				"omitted":	false,
				"sender":	true
			}
		}, {
			"streams":	[{
					"socket":	7,
					"start":	3.000086,
					"end":	4.000043,
					"seconds":	0.99995702505111694,
					"bytes":	0,
					"bits_per_second":	0,
					"packets":	0,
					"omitted":	false,
					"sender":	true
				}],
			"sum":	{
				"start":	3.000086,
				"end":	4.000043,
				"seconds":	0.99995702505111694,
				"bytes":	0,
				"bits_per_second":	0,
				"packets":	0,
				"omitted":	false,
				"sender":	true
			}
		}, {
			"streams":	[{
					"socket":	7,
					"start":	4.000043,
					"end":	5.000164,
					"seconds":	1.000120997428894,
					"bytes":	68056,
					"bits_per_second":	544382.1311617936,
					"packets":	47,
					"omitted":	false,
					"sender":	true
				}],
			"sum":	{
				"start":	4.000043,
				"end":	5.000164,
				"seconds":	1.000120997428894,
				"bytes":	68056,
				"bits_per_second":	544382.1311617936,
				"packets":	47,
				"omitted":	false,
				"sender":	true
			}
		}, {
			"streams":	[{
					"socket":	7,
					"start":	5.000164,
					"end":	6.000137,
					"seconds":	0.99997299909591675,
					"bytes":	0,
					"bits_per_second":	0,
					"packets":	0,
					"omitted":	false,
					"sender":	true
				}],
			"sum":	{
				"start":	5.000164,
				"end":	6.000137,
				"seconds":	0.99997299909591675,
				"bytes":	0,
				"bits_per_second":	0,
				"packets":	0,
				"omitted":	false,
				"sender":	true
			}
		}, {
			"streams":	[{
					"socket":	7,
					"start":	6.000137,
					"end":	7.000058,
					"seconds":	0.99992102384567261,
					"bytes":	0,
					"bits_per_second":	0,
					"packets":	0,
					"omitted":	false,
					"sender":	true
				}],
			"sum":	{
				"start":	6.000137,
				"end":	7.000058,
				"seconds":	0.99992102384567261,
				"bytes":	0,
				"bits_per_second":	0,
				"packets":	0,
				"omitted":	false,
				"sender":	true
			}
		}, {
			"streams":	[{
					"socket":	7,
					"start":	7.000058,
					"end":	8.00008,
					"seconds":	1.0000220537185669,
					"bytes":	0,
					"bits_per_second":	0,
					"packets":	0,
					"omitted":	false,
					"sender":	true
				}],
			"sum":	{
				"start":	7.000058,
				"end":	8.00008,
				"seconds":	1.0000220537185669,
				"bytes":	0,
				"bits_per_second":	0,
				"packets":	0,
				"omitted":	false,
				"sender":	true
			}
		}, {
			"streams":	[{
					"socket":	7,
					"start":	8.00008,
					"end":	9.000069,
					"seconds":	0.99998897314071655,
					"bytes":	68056,
					"bits_per_second":	544454.00361768424,
					"packets":	47,
					"omitted":	false,
					"sender":	true
				}],
			"sum":	{
				"start":	8.00008,
				"end":	9.000069,
				"seconds":	0.99998897314071655,
				"bytes":	68056,
				"bits_per_second":	544454.00361768424,
				"packets":	47,
				"omitted":	false,
				"sender":	true
			}
		}, {
			"streams":	[{
					"socket":	7,
					"start":	9.000069,
					"end":	10.000053,
					"seconds":	0.9999840259552002,
					"bytes":	0,
					"bits_per_second":	0,
					"packets":	0,
					"omitted":	false,
					"sender":	true
				}],
			"sum":	{
				"start":	9.000069,
				"end":	10.000053,
				"seconds":	0.9999840259552002,
				"bytes":	0,
				"bits_per_second":	0,
				"packets":	0,
				"omitted":	false,
				"sender":	true
			}
		}, {
			"streams":	[{
					"socket":	7,
					"start":	10.000053,
					"end":	11.000088,
					"seconds":	1.0000350475311279,
					"bytes":	0,
					"bits_per_second":	0,
					"packets":	0,
					"omitted":	false,
					"sender":	true
				}],
			"sum":	{
				"start":	10.000053,
				"end":	11.000088,
				"seconds":	1.0000350475311279,
				"bytes":	0,
				"bits_per_second":	0,
				"packets":	0,
				"omitted":	false,
				"sender":	true
			}
		}, {
			"streams":	[{
					"socket":	7,
					"start":	11.000088,
					"end":	12.000081,
					"seconds":	0.99999302625656128,
					"bytes":	43440,
					"bits_per_second":	347522.42353222094,
					"packets":	30,
					"omitted":	false,
					"sender":	true
				}],
			"sum":	{
				"start":	11.000088,
				"end":	12.000081,
				"seconds":	0.99999302625656128,
				"bytes":	43440,
				"bits_per_second":	347522.42353222094,
				"packets":	30,
				"omitted":	false,
				"sender":	true
			}
		}, {
			"streams":	[{
					"socket":	7,
					"start":	12.000081,
					"end":	13.000086,
					"seconds":	1.0000050067901611,
					"bytes":	24616,
					"bits_per_second":	196927.01402776371,
					"packets":	17,
					"omitted":	false,
					"sender":	true
				}],
			"sum":	{
				"start":	12.000081,
				"end":	13.000086,
				"seconds":	1.0000050067901611,
				"bytes":	24616,
				"bits_per_second":	196927.01402776371,
				"packets":	17,
				"omitted":	false,
				"sender":	true
			}
		}, {
			"streams":	[{
					"socket":	7,
					"start":	13.000086,
					"end":	14.000123,
					"seconds":	1.0000369548797607,
					"bytes":	0,
					"bits_per_second":	0,
					"packets":	0,
					"omitted":	false,
					"sender":	true
				}],
			"sum":	{
				"start":	13.000086,
				"end":	14.000123,
				"seconds":	1.0000369548797607,
				"bytes":	0,
				"bits_per_second":	0,
				"packets":	0,
				"omitted":	false,
				"sender":	true
			}
		}, {
			"streams":	[{
					"socket":	7,
					"start":	14.000123,
					"end":	15.000117,
					"seconds":	0.99999397993087769,
					"bytes":	0,
					"bits_per_second":	0,
					"packets":	0,
					"omitted":	false,
					"sender":	true
				}],
			"sum":	{
				"start":	14.000123,
				"end":	15.000117,
				"seconds":	0.99999397993087769,
				"bytes":	0,
				"bits_per_second":	0,
				"packets":	0,
				"omitted":	false,
				"sender":	true
			}
		}, {
			"streams":	[{
					"socket":	7,
					"start":	15.000117,
					"end":	16.000092,
					"seconds":	0.99997502565383911,
					"bytes":	68056,
					"bits_per_second":	544461.59757240908,
					"packets":	47,
					"omitted":	false,
					"sender":	true
				}],
			"sum":	{
				"start":	15.000117,
				"end":	16.000092,
				"seconds":	0.99997502565383911,
				"bytes":	68056,