{
	"start":	{
		"connected":	[{
				"socket":	7,
				"local_host":	"192.168.42.5",
				"local_port":	39781,
				"remote_host":	"192.168.42.1",
				"remote_port":	5204
			}],
		"version":	"iperf 3.7",
		"system_info":	"Linux rathan-VirtualBox 5.4.0-177-generic #197-Ubuntu SMP Thu Mar 28 22:45:47 UTC 2024 x86_64",
		"timestamp":	{
			"time":	"Wed, 06 Nov 2024 09:11:48 GMT",
			"timesecs":	1730884308
		},
		"connecting_to":	{
			"host":	"192.168.42.1",
			"port":	5204
		},
		"cookie":	"7rmyimuhf5tbq7kk4sflxn3nbgxgof4p6uep",
		"sock_bufsize":	0,
		"sndbuf_actual":	212992,
		"rcvbuf_actual":	212992,
		"test_start":	{
			"protocol":	"UDP",
			"num_streams":	1,
			"blksize":	1448,
			"omit":	0,
			"duration":	30,
			"bytes":	0,
			"blocks":	0,
			"reverse":	0,
			"tos":	0
		}
	},
	"intervals":	[{
			"streams":	[{
					"socket":	7,
					"start":	0,
					"end":	1.122428,
					"seconds":	1.1224280595779419,
					"bytes":	1448,
					"bits_per_second":	10320.483260509225,
					"packets":	1,
					"omitted":	false,
					"sender":	true
				}],
			"sum":	{
				"start":	0,
				"end":	1.122428,
				"seconds":	1.1224280595779419,
				"bytes":	1448,
				"bits_per_second":	10320.483260509225,
				"packets":	1,
				"omitted":	false,
				"sender":	true
			}
		}, {
			"streams":	[{
					"socket":	7,
					"start":	1.122428,
					"end":	2.000688,
					"seconds":	0.87826001644134521,
					"bytes":	196928,
					"bits_per_second":	1793801.3464207556,
					"packets":	136,
					"omitted":	false,
					"sender":	true
				}],
			"sum":	{
				"start":	1.122428,
				"end":	2.000688,
				"seconds":	0.87826001644134521,
				"bytes":	196928,
				"bits_per_second":	1793801.3464207556,
				"packets":	136,
				"omitted":	false,
				"sender":	true
			}
		}, {
			"streams":	[{
					"socket":	7,
					"start":	2.000688,
					"end":	3.000083,
					"seconds":	0.99939501285552979,
					"bytes":	0,
					"bits_per_second":	0,
					"packets":	0,
					"omitted":	false,
					"sender":	true
				}],
			"sum":	{
				"start":	2.000688,
				"end":	3.000083,
				"seconds":	0.99939501285552979,
				"bytes":	0,
				"bits_per_second":	0,
				"packets":	0,
				"omitted":	false,
				"sender":	true
			}
		}, {
			"streams":	[{
					"socket":	7,
					"start":	3.000083,
					"end":	4.000065,
					"seconds":	0.99998199939727783,
					"bytes":	0,
					"bits_per_second":	0,
					"packets":	0,
					"omitted":	false,
					"sender":	true
				}],
			"sum":	{
				"start":	3.000083,
				"end":	4.000065,
				"seconds":	0.99998199939727783,
				"bytes":	0,
				"bits_per_second":	0,
				"packets":	0,
				"omitted":	false,
				"sender":	true
			}
		}, {
			"streams":	[{
					"socket":	7,
					"start":	4.000065,
					"end":	5.000058,
					"seconds":	0.99999302625656128,
					"bytes":	62264,
					"bits_per_second":	498115.47372951667,
					"packets":	43,
					"omitted":	false,
					"sender":	true
				}],
			"sum":	{
				"start":	4.000065,
				"end":	5.000058,
				"seconds":	0.99999302625656128,
				"bytes":	62264,
				"bits_per_second":	498115.47372951667,
				"packets":	43,
				"omitted":	false,
				"sender":	true
			}
		}, {
			"streams":	[{
					"socket":	7,
					"start":	5.000058,
					"end":	6.000352,
					"seconds":	1.0002939701080322,
					"bytes":	5792,
					"bits_per_second":	46322.382604181541,
					"packets":	4,
					"omitted":	false,
					"sender":	true
				}],
			"sum":	{
				"start":	5.000058,
				"end":	6.000352,
				"seconds":	1.0002939701080322,
				"bytes":	5792,
				"bits_per_second":	46322.382604181541,
				"packets":	4,
				"omitted":	false,
				"sender":	true
			}
		}, {
			"streams":	[{
					"socket":	7,
					"start":	6.000352,
					"end":	7.000082,
					"seconds":	0.99972999095916748,
					"bytes":	0,
					"bits_per_second":	0,
					"packets":	0,
					"omitted":	false,
					"sender":	true
				}],
			"sum":	{
				"start":	6.000352,
				"end":	7.000082,
				"seconds":	0.99972999095916748,
				"bytes":	0,
				"bits_per_second":	0,
				"packets":	0,
				"omitted":	false,
				"sender":	true
			}
		}, {
			"streams":	[{
					"socket":	7,
					"start":	7.000082,
					"end":	8.000027,
					"seconds":	0.99994498491287231,
					"bytes":	27512,
					"bits_per_second":	220108.10926680881,
					"packets":	19,
					"omitted":	false,
					"sender":	true
				}],
			"sum":	{
				"start":	7.000082,
				"end":	8.000027,
				"seconds":	0.99994498491287231,
				"bytes":	27512,
				"bits_per_second":	220108.10926680881,
				"packets":	19,
				"omitted":	false,
				"sender":	true
			}
		}, {
			"streams":	[{
					"socket":	7,
					"start":	8.000027,
					"end":	9.000115,
					"seconds":	1.0000879764556885,
					"bytes":	40544,
					"bits_per_second":	324323.46717086172,
					"packets":	28,
					"omitted":	false,
					"sender":	true
				}],
			"sum":	{
				"start":	8.000027,
				"end":	9.000115,
				"seconds":	1.0000879764556885,
				"bytes":	40544,
				"bits_per_second":	324323.46717086172,
				"packets":	28,
				"omitted":	false,
				"sender":	true
			}
		}, {
			"streams":	[{
					"socket":	7,
					"start":	9.000115,
					"end":	10.000051,
					"seconds":	0.99993598461151123,
					"bytes":	0,
					"bits_per_second":	0,
					"packets":	0,
					"omitted":	false,
					"sender":	true
				}],
			"sum":	{
				"start":	9.000115,
				"end":	10.000051,
				"seconds":	0.99993598461151123,
				"bytes":	0,
				"bits_per_second":	0,
				"packets":	0,
				"omitted":	false,
				"sender":	true
			}
		}, {
			"streams":	[{
					"socket":	7,
					"start":	10.000051,
					"end":	11.000128,
					"seconds":	1.0000770092010498,
					"bytes":	0,
					"bits_per_second":	0,
					"packets":	0,
					"omitted":	false,
					"sender":	true
				}],
			"sum":	{
				"start":	10.000051,
				"end":	11.000128,
				"seconds":	1.0000770092010498,
				"bytes":	0,
				"bits_per_second":	0,
				"packets":	0,
				"omitted":	false,
				"sender":	true
			}
		}, {
			"streams":	[{
					"socket":	7,
					"start":	11.000128,
					"end":	12.000074,
					"seconds":	0.9999459981918335,
					"bytes":	49232,
					"bits_per_second":	393877.27008478029,
					"packets":	34,
					"omitted":	false,
					"sender":	true
				}],
			"sum":	{
				"start":	11.000128,
				"end":	12.000074,
				"seconds":	0.9999459981918335,
				"bytes":	49232,
				"bits_per_second":	393877.27008478029,
				"packets":	34,
				"omitted":	false,
				"sender":	true
			}
		}, {
			"streams":	[{
					"socket":	7,
					"start":	12.000074,
					"end":	13.000139,
					"seconds":	1.0000649690628052,
					"bytes":	18824,
					"bits_per_second":	150582.21681449845,
					"packets":	13,
					"omitted":	false,
					"sender":	true
				}],
			"sum":	{
				"start":	12.000074,
				"end":	13.000139,
				"seconds":	1.0000649690628052,
				"bytes":	18824,
				"bits_per_second":	150582.21681449845,
				"packets":	13,
				"omitted":	false,
				"sender":	true
			}
		}, {
			"streams":	[{
					"socket":	7,
					"start":	13.000139,
					"end":	14.000084,
					"seconds":	0.99994498491287231,
					"bytes":	0,
					"bits_per_second":	0,
					"packets":	0,
					"omitted":	false,
					"sender":	true
				}],
			"sum":	{
				"start":	13.000139,
				"end":	14.000084,
				"seconds":	0.99994498491287231,
				"bytes":	0,
				"bits_per_second":	0,
				"packets":	0,
				"omitted":	false,
				"sender":	true
			}
		}, {
			"streams":	[{
					"socket":	7,
					"start":	14.000084,
					"end":	15.000595,
					"seconds":	1.0005110502243042,
					"bytes":	0,
					"bits_per_second":	0,
					"packets":	0,
					"omitted":	false,
					"sender":	true
				}],
			"sum":	{
				"start":	14.000084,
				"end":	15.000595,
				"seconds":	1.0005110502243042,
				"bytes":	0,
				"bits_per_second":	0,
				"packets":	0,
				"omitted":	false,
				"sender":	true
			}
		}, {
			"streams":	[{
					"socket":	7,
					"start":	15.000595,
					"end":	16.000058,
					"seconds":	0.99946302175521851,
					"bytes":	68056,
					"bits_per_second":	544740.51380496437,
					"packets":	47,
					"omitted":	false,
					"sender":	true
				}],
			"sum":	{
				"start":	15.000595,