{
	"start":	{
		"connected":	[{
				"socket":	7,
				"local_host":	"192.168.42.6",
				"local_port":	53224,
				"remote_host":	"192.168.42.1",
				"remote_port":	5205
			}],
		"version":	"iperf 3.7",
		"system_info":	"Linux rathan-VirtualBox 5.4.0-177-generic #197-Ubuntu SMP Thu Mar 28 22:45:47 UTC 2024 x86_64",
		"timestamp":	{
			"time":	"Wed, 06 Nov 2024 09:11:48 GMT",
			"timesecs":	1730884308
		},
		"connecting_to":	{
			"host":	"192.168.42.1",
			"port":	5205
		},
		"cookie":	"527zxihkhtfrasmixziastfnoe2kcsqdpqqn",
		"sock_bufsize":	0,
		"sndbuf_actual":	212992,
		"rcvbuf_actual":	212992,
		"test_start":	{
			"protocol":	"UDP",
			"num_streams":	1,
			"blksize":	1448,
			"omit":	0,
			"duration":	30,
			"bytes":	0,
			"blocks":	0,
			"reverse":	0,
			"tos":	0
		}
	},
	"intervals":	[{
			"streams":	[{
					"socket":	7,
					"start":	0,
					"end":	1.000099,
					"seconds":	1.0000989437103271,
					"bytes":	97016,
					"bits_per_second":	776051.21461342229,
					"packets":	67,
					"omitted":	false,
					"sender":	true
				}],
			"sum":	{
				"start":	0,
				"end":	1.000099,
				"seconds":	1.0000989437103271,
				"bytes":	97016,
				"bits_per_second":	776051.21461342229,
				"packets":	67,
				"omitted":	false,
				"sender":	true
			}
		}, {
			"streams":	[{
					"socket":	7,
					"start":	1.000099,
					"end":	2.000084,
					"seconds":	0.9999849796295166,
					"bytes":	102808,
					"bits_per_second":	822476.35389954946,
					"packets":	71,
					"omitted":	false,
					"sender":	true
				}],
			"sum":	{
				"start":	1.000099,
				"end":	2.000084,
				"seconds":	0.9999849796295166,
				"bytes":	102808,
				"bits_per_second":	822476.35389954946,
				"packets":	71,
				"omitted":	false,
				"sender":	true
			}
		}, {
			"streams":	[{
					"socket":	7,
					"start":	2.000084,
					"end":	3.000072,
					"seconds":	0.99998801946640015,
					"bytes":	28960,
					"bits_per_second":	231682.77568327857,
					"packets":	20,
					"omitted":	false,
					"sender":	true
				}],
			"sum":	{
				"start":	2.000084,
				"end":	3.000072,
				"seconds":	0.99998801946640015,
				"bytes":	28960,
				"bits_per_second":	231682.77568327857,
				"packets":	20,
				"omitted":	false,
				"sender":	true
			}
		}, {
			"streams":	[{
					"socket":	7,
					"start":	3.000072,
					"end":	4.000144,
					"seconds":	1.0000720024108887,
					"bytes":	11584,
					"bits_per_second":	92665.327872987356,
					"packets":	8,
					"omitted":	false,
					"sender":	true
				}],
			"sum":	{
				"start":	3.000072,
				"end":	4.000144,
				"seconds":	1.0000720024108887,
				"bytes":	11584,
				"bits_per_second":	92665.327872987356,
				"packets":	8,
				"omitted":	false,
				"sender":	true
			}
		}, {
			"streams":	[{
					"socket":	7,
					"start":	4.000144,
					"end":	5.000021,
					"seconds":	0.99987697601318359,
					"bytes":	14480,
					"bits_per_second":	115854.2528520755,
					"packets":	10,
					"omitted":	false,
					"sender":	true
				}],
			"sum":	{
				"start":	4.000144,
				"end":	5.000021,
				"seconds":	0.99987697601318359,
				"bytes":	14480,
				"bits_per_second":	115854.2528520755,
				"packets":	10,
				"omitted":	false,
				"sender":	true
			}
		}, {
			"streams":	[{
					"socket":	7,
					"start":	5.000021,
					"end":	6.000125,
					"seconds":	1.0001039505004883,
					"bytes":	24616,
					"bits_per_second":	196907.53136356483,
					"packets":	17,
					"omitted":	false,
					"sender":	true
				}],
			"sum":	{
				"start":	5.000021,
				"end":	6.000125,
				"seconds":	1.0001039505004883,
				"bytes":	24616,
				"bits_per_second":	196907.53136356483,
				"packets":	17,
				"omitted":	false,
				"sender":	true
			}
		}, {
			"streams":	[{
					"socket":	7,
					"start":	6.000125,
					"end":	7.000207,
					"seconds":	1.0000820159912109,
					"bytes":	21720,
					"bits_per_second":	173745.7500700893,
					"packets":	15,
					"omitted":	false,
					"sender":	true
				}],
			"sum":	{
				"start":	6.000125,
				"end":	7.000207,
				"seconds":	1.0000820159912109,
				"bytes":	21720,
				"bits_per_second":	173745.7500700893,
				"packets":	15,
				"omitted":	false,
				"sender":	true
			}
		}, {
			"streams":	[{
					"socket":	7,
					"start":	7.000207,
					"end":	8.000082,
					"seconds":	0.999875009059906,
					"bytes":	14480,
					"bits_per_second":	115854.48076046436,
					"packets":	10,
					"omitted":	false,
					"sender":	true
				}],
			"sum":	{
				"start":	7.000207,
				"end":	8.000082,
				"seconds":	0.999875009059906,
				"bytes":	14480,
				"bits_per_second":	115854.48076046436,
				"packets":	10,
				"omitted":	false,
				"sender":	true
			}
		}, {
			"streams":	[{
					"socket":	7,
					"start":	8.000082,
					"end":	9.000111,
					"seconds":	1.0000289678573608,
					"bytes":	14480,
					"bits_per_second":	115836.64446060611,
					"packets":	10,
					"omitted":	false,
					"sender":	true
				}],
			"sum":	{
				"start":	8.000082,
				"end":	9.000111,
				"seconds":	1.0000289678573608,
				"bytes":	14480,
				"bits_per_second":	115836.64446060611,
				"packets":	10,
				"omitted":	false,
				"sender":	true
			}
		}, {
			"streams":	[{
					"socket":	7,
					"start":	9.000111,
					"end":	10.000085,
					"seconds":	0.99997401237487793,
					"bytes":	27512,
					"bits_per_second":	220101.71992098604,
					"packets":	19,
					"omitted":	false,
					"sender":	true
				}],
			"sum":	{
				"start":	9.000111,
				"end":	10.000085,
				"seconds":	0.99997401237487793,
				"bytes":	27512,
				"bits_per_second":	220101.71992098604,
				"packets":	19,
				"omitted":	false,
				"sender":	true
			}
		}, {
			"streams":	[{
					"socket":	7,
					"start":	10.000085,
					"end":	11.000136,
					"seconds":	1.0000510215759277,
					"bytes":	15928,
					"bits_per_second":	127417.49895840237,
					"packets":	11,
					"omitted":	false,
					"sender":	true
				}],
			"sum":	{
				"start":	10.000085,
				"end":	11.000136,
				"seconds":	1.0000510215759277,
				"bytes":	15928,
				"bits_per_second":	127417.49895840237,
				"packets":	11,
				"omitted":	false,
				"sender":	true
			}
		}, {
			"streams":	[{
					"socket":	7,
					"start":	11.000136,
					"end":	12.000086,
					"seconds":	0.99994999170303345,
					"bytes":	14480,
					"bits_per_second":	115845.79325083121,
					"packets":	10,
					"omitted":	false,
					"sender":	true
				}],
			"sum":	{
				"start":	11.000136,
				"end":	12.000086,
				"seconds":	0.99994999170303345,
				"bytes":	14480,
				"bits_per_second":	115845.79325083121,
				"packets":	10,
				"omitted":	false,
				"sender":	true
			}
		}, {
			"streams":	[{
					"socket":	7,
					"start":	12.000086,
					"end":	13.000083,
					"seconds":	0.99999701976776123,
					"bytes":	20272,
					"bits_per_second":	162176.48332358396,
					"packets":	14,
					"omitted":	false,
					"sender":	true
				}],
			"sum":	{
				"start":	12.000086,
				"end":	13.000083,
				"seconds":	0.99999701976776123,
				"bytes":	20272,
				"bits_per_second":	162176.48332358396,
				"packets":	14,
				"omitted":	false,
				"sender":	true
			}
		}, {
			"streams":	[{
					"socket":	7,
					"start":	13.000083,
					"end":	14.000238,
					"seconds":	1.000154972076416,
					"bytes":	26064,
					"bits_per_second":	208479.69146932242,
					"packets":	18,
					"omitted":	false,
					"sender":	true
				}],
			"sum":	{
				"start":	13.000083,
				"end":	14.000238,
				"seconds":	1.000154972076416,
				"bytes":	26064,
				"bits_per_second":	208479.69146932242,
				"packets":	18,
				"omitted":	false,
				"sender":	true
			}
		}, {
			"streams":	[{
					"socket":	7,
					"start":	14.000238,
					"end":	15.000104,
					"seconds":	0.99986600875854492,
					"bytes":	14480,
					"bits_per_second":	115855.52362544001,
					"packets":	10,
					"omitted":	false,
					"sender":	true
				}],
			"sum":	{
				"start":	14.000238,
				"end":	15.000104,
				"seconds":	0.99986600875854492,
				"bytes":	14480,
				"bits_per_second":	115855.52362544001,
				"packets":	10,
				"omitted":	false,