{
	"start":	{
		"connected":	[{
				"socket":	7,
				"local_host":	"192.168.42.7",
				"local_port":	57863,
				"remote_host":	"192.168.42.1",
				"remote_port":	5206
			}],
		"version":	"iperf 3.7",
		"system_info":	"Linux rathan-VirtualBox 5.4.0-177-generic #197-Ubuntu SMP Thu Mar 28 22:45:47 UTC 2024 x86_64",
		"timestamp":	{
			"time":	"Wed, 06 Nov 2024 09:11:48 GMT",
			"timesecs":	1730884308
		},
		"connecting_to":	{
			"host":	"192.168.42.1",
			"port":	5206
		},
		"cookie":	"ak6mjdbdtqjk6226uhjg4edroxuewdzcfwma",
		"sock_bufsize":	0,
		"sndbuf_actual":	212992,
		"rcvbuf_actual":	212992,
		"test_start":	{
			"protocol":	"UDP",
			"num_streams":	1,
			"blksize":	1448,
			"omit":	0,
			"duration":	30,
			"bytes":	0,
			"blocks":	0,
			"reverse":	0,
			"tos":	0
		}
	},
	"intervals":	[{
			"streams":	[{
					"socket":	7,
					"start":	0,
					"end":	1.000109,
					"seconds":	1.0001089572906494,
					"bytes":	95568,
					"bits_per_second":	764460.70643261913,
					"packets":	66,
					"omitted":	false,
					"sender":	true
				}],
			"sum":	{
				"start":	0,
				"end":	1.000109,
				"seconds":	1.0001089572906494,
				"bytes":	95568,
				"bits_per_second":	764460.70643261913,
				"packets":	66,
				"omitted":	false,
				"sender":	true
			}
		}, {
			"streams":	[{
					"socket":	7,
					"start":	1.000109,
					"end":	2.000141,
					"seconds":	1.0000319480895996,
					"bytes":	28960,
					"bits_per_second":	231672.59850306524,
					"packets":	20,
					"omitted":	false,
					"sender":	true
				}],
			"sum":	{
				"start":	1.000109,
				"end":	2.000141,
				"seconds":	1.0000319480895996,
				"bytes":	28960,
				"bits_per_second":	231672.59850306524,
				"packets":	20,
				"omitted":	false,
				"sender":	true
			}
		}, {
			"streams":	[{
					"socket":	7,
					"start":	2.000141,
					"end":	3.000079,
					"seconds":	0.99993801116943359,
					"bytes":	28960,
					"bits_per_second":	231694.36246257788,
					"packets":	20,
					"omitted":	false,
					"sender":	true
				}],
			"sum":	{
				"start":	2.000141,
				"end":	3.000079,
				"seconds":	0.99993801116943359,
				"bytes":	28960,
				"bits_per_second":	231694.36246257788,
				"packets":	20,
				"omitted":	false,
				"sender":	true
			}
		}, {
			"streams":	[{
					"socket":	7,
					"start":	3.000079,
					"end":	4.000036,
					"seconds":	0.99995702505111694,
					"bytes":	13032,
					"bits_per_second":	104260.48058882383,
					"packets":	9,
					"omitted":	false,
					"sender":	true
				}],
			"sum":	{
				"start":	3.000079,
				"end":	4.000036,
				"seconds":	0.99995702505111694,
				"bytes":	13032,
				"bits_per_second":	104260.48058882383,
				"packets":	9,
				"omitted":	false,
				"sender":	true
			}
		}, {
			"streams":	[{
					"socket":	7,
					"start":	4.000036,
					"end":	5.000079,
					"seconds":	1.0000430345535278,
					"bytes":	14480,
					"bits_per_second":	115835.01509184264,
					"packets":	10,
					"omitted":	false,
					"sender":	true
				}],
			"sum":	{
				"start":	4.000036,
				"end":	5.000079,
				"seconds":	1.0000430345535278,
				"bytes":	14480,
				"bits_per_second":	115835.01509184264,
				"packets":	10,
				"omitted":	false,
				"sender":	true
			}
		}, {
			"streams":	[{
					"socket":	7,
					"start":	5.000079,
					"end":	6.000051,
					"seconds":	0.99997198581695557,
					"bytes":	24616,
					"bits_per_second":	196933.51693159092,
					"packets":	17,
					"omitted":	false,
					"sender":	true
				}],
			"sum":	{
				"start":	5.000079,
				"end":	6.000051,
				"seconds":	0.99997198581695557,
				"bytes":	24616,
				"bits_per_second":	196933.51693159092,
				"packets":	17,
				"omitted":	false,
				"sender":	true
			}
		}, {
			"streams":	[{
					"socket":	7,
					"start":	6.000051,
					"end":	7.000092,
					"seconds":	1.0000410079956055,
					"bytes":	20272,
					"bits_per_second":	162169.34976001771,
					"packets":	14,
					"omitted":	false,
					"sender":	true
				}],
			"sum":	{
				"start":	6.000051,
				"end":	7.000092,
				"seconds":	1.0000410079956055,
				"bytes":	20272,
				"bits_per_second":	162169.34976001771,
				"packets":	14,
				"omitted":	false,
				"sender":	true
			}
		}, {
			"streams":	[{
					"socket":	7,
					"start":	7.000092,
					"end":	8.000087,
					"seconds":	0.99999499320983887,
					"bytes":	15928,
					"bits_per_second":	127424.63798842377,
					"packets":	11,
					"omitted":	false,
					"sender":	true
				}],
			"sum":	{
				"start":	7.000092,
				"end":	8.000087,
				"seconds":	0.99999499320983887,
				"bytes":	15928,
				"bits_per_second":	127424.63798842377,
				"packets":	11,
				"omitted":	false,
				"sender":	true
			}
		}, {
			"streams":	[{
					"socket":	7,
					"start":	8.000087,
					"end":	9.000105,
					"seconds":	1.0000180006027222,
					"bytes":	14480,
					"bits_per_second":	115837.91484771467,
					"packets":	10,
					"omitted":	false,
					"sender":	true
				}],
			"sum":	{
				"start":	8.000087,
				"end":	9.000105,
				"seconds":	1.0000180006027222,
				"bytes":	14480,
				"bits_per_second":	115837.91484771467,
				"packets":	10,
				"omitted":	false,
				"sender":	true
			}
		}, {
			"streams":	[{
					"socket":	7,
					"start":	9.000105,
					"end":	10.00013,
					"seconds":	1.0000250339508057,
					"bytes":	27512,
					"bits_per_second":	220090.49026549389,
					"packets":	19,
					"omitted":	false,
					"sender":	true
				}],
			"sum":	{
				"start":	9.000105,
				"end":	10.00013,
				"seconds":	1.0000250339508057,
				"bytes":	27512,
				"bits_per_second":	220090.49026549389,
				"packets":	19,
				"omitted":	false,
				"sender":	true
			}
		}, {
			"streams":	[{
					"socket":	7,
					"start":	10.00013,
					"end":	11.00008,
					"seconds":	0.99994999170303345,
					"bytes":	15928,
					"bits_per_second":	127430.37257591434,
					"packets":	11,
					"omitted":	false,
					"sender":	true
				}],
			"sum":	{
				"start":	10.00013,
				"end":	11.00008,
				"seconds":	0.99994999170303345,
				"bytes":	15928,
				"bits_per_second":	127430.37257591434,
				"packets":	11,
				"omitted":	false,
				"sender":	true
			}
		}, {
			"streams":	[{
					"socket":	7,
					"start":	11.00008,
					"end":	12.000084,
					"seconds":	1.0000040531158447,
					"bytes":	14480,
					"bits_per_second":	115839.53048896353,
					"packets":	10,
					"omitted":	false,
					"sender":	true
				}],
			"sum":	{
				"start":	11.00008,
				"end":	12.000084,
				"seconds":	1.0000040531158447,
				"bytes":	14480,
				"bits_per_second":	115839.53048896353,
				"packets":	10,
				"omitted":	false,
				"sender":	true
			}
		}, {
			"streams":	[{
					"socket":	7,
					"start":	12.000084,
					"end":	13.000218,
					"seconds":	1.0001339912414551,
					"bytes":	20272,
					"bits_per_second":	162154.2727476873,
					"packets":	14,
					"omitted":	false,
					"sender":	true
				}],
			"sum":	{
				"start":	12.000084,
				"end":	13.000218,
				"seconds":	1.0001339912414551,
				"bytes":	20272,
				"bits_per_second":	162154.2727476873,
				"packets":	14,
				"omitted":	false,
				"sender":	true
			}
		}, {
			"streams":	[{
					"socket":	7,
					"start":	13.000218,
					"end":	14.00008,
					"seconds":	0.999862015247345,
					"bytes":	26064,
					"bits_per_second":	208540.77544731859,
					"packets":	18,
					"omitted":	false,
					"sender":	true
				}],
			"sum":	{
				"start":	13.000218,
				"end":	14.00008,
				"seconds":	0.999862015247345,
				"bytes":	26064,
				"bits_per_second":	208540.77544731859,
				"packets":	18,
				"omitted":	false,
				"sender":	true
			}
		}, {
			"streams":	[{
					"socket":	7,
					"start":	14.00008,
					"end":	15.000718,
					"seconds":	1.0006380081176758,
					"bytes":	13032,
					"bits_per_second":	104189.52623648432,
					"packets":	9,
					"omitted":	false,
					"sender":	true
				}],
			"sum":	{
				"start":	14.00008,
				"end":	15.000718,
				"seconds":	1.0006380081176758,
				"bytes":	13032,
				"bits_per_second":	104189.52623648432,
				"packets":	9,
				"omitted":	false,