{
	"start":	{
		"connected":	[{
				"socket":	7,
				"local_host":	"192.168.42.8",
				"local_port":	51354,
				"remote_host":	"192.168.42.1",
				"remote_port":	5207
			}],
		"version":	"iperf 3.7",
		"system_info":	"Linux rathan-VirtualBox 5.4.0-177-generic #197-Ubuntu SMP Thu Mar 28 22:45:47 UTC 2024 x86_64",
		"timestamp":	{
			"time":	"Wed, 06 Nov 2024 09:11:48 GMT",
			"timesecs":	1730884308
		},
		"connecting_to":	{
			"host":	"192.168.42.1",
			"port":	5207
		},
		"cookie":	"u4urkgk7f5q6ucf24jt6jzxepnnwc37z5qpd",
		"sock_bufsize":	0,
		"sndbuf_actual":	212992,
		"rcvbuf_actual":	212992,
		"test_start":	{
			"protocol":	"UDP",
			"num_streams":	1,
			"blksize":	1448,
			"omit":	0,
			"duration":	30,
			"bytes":	0,
			"blocks":	0,
			"reverse":	0,
			"tos":	0
		}
	},
	"intervals":	[{
			"streams":	[{
					"socket":	7,
					"start":	0,
					"end":	1.000054,
					"seconds":	1.0000540018081665,
					"bytes":	131768,
					"bits_per_second":	1054087.0773918559,
					"packets":	91,
					"omitted":	false,
					"sender":	true
				}],
			"sum":	{
				"start":	0,
				"end":	1.000054,
				"seconds":	1.0000540018081665,
				"bytes":	131768,
				"bits_per_second":	1054087.0773918559,
				"packets":	91,
				"omitted":	false,
				"sender":	true
			}
		}, {
			"streams":	[{
					"socket":	7,
					"start":	1.000054,
					"end":	2.000077,
					"seconds":	1.0000230073928833,
					"bytes":	7240,
					"bits_per_second":	57918.667442462873,
					"packets":	5,
					"omitted":	false,
					"sender":	true
				}],
			"sum":	{
				"start":	1.000054,
				"end":	2.000077,
				"seconds":	1.0000230073928833,
				"bytes":	7240,
				"bits_per_second":	57918.667442462873,
				"packets":	5,
				"omitted":	false,
				"sender":	true
			}
		}, {
			"streams":	[{
					"socket":	7,
					"start":	2.000077,
					"end":	3.000078,
					"seconds":	1.0000009536743164,
					"bytes":	0,
					"bits_per_second":	0,
					"packets":	0,
					"omitted":	false,
					"sender":	true
				}],
			"sum":	{
				"start":	2.000077,
				"end":	3.000078,
				"seconds":	1.0000009536743164,
				"bytes":	0,
				"bits_per_second":	0,
				"packets":	0,
				"omitted":	false,
				"sender":	true
			}
		}, {
			"streams":	[{
					"socket":	7,
					"start":	3.000078,
					"end":	4.000054,
					"seconds":	0.99997597932815552,
					"bytes":	68056,
					"bits_per_second":	544461.07832089439,
					"packets":	47,
					"omitted":	false,
					"sender":	true
				}],
			"sum":	{
				"start":	3.000078,
				"end":	4.000054,
				"seconds":	0.99997597932815552,
				"bytes":	68056,
				"bits_per_second":	544461.07832089439,
				"packets":	47,
				"omitted":	false,
				"sender":	true
			}
		}, {
			"streams":	[{
					"socket":	7,
					"start":	4.000054,
					"end":	5.000082,
					"seconds":	1.0000280141830444,
					"bytes":	0,
					"bits_per_second":	0,
					"packets":	0,
					"omitted":	false,
					"sender":	true
				}],
			"sum":	{
				"start":	4.000054,
				"end":	5.000082,
				"seconds":	1.0000280141830444,
				"bytes":	0,
				"bits_per_second":	0,
				"packets":	0,
				"omitted":	false,
				"sender":	true
			}
		}, {
			"streams":	[{
					"socket":	7,
					"start":	5.000082,
					"end":	6.000077,
					"seconds":	0.99999499320983887,
					"bytes":	0,
					"bits_per_second":	0,
					"packets":	0,
					"omitted":	false,
					"sender":	true
				}],
			"sum":	{
				"start":	5.000082,
				"end":	6.000077,
				"seconds":	0.99999499320983887,
				"bytes":	0,
				"bits_per_second":	0,
				"packets":	0,
				"omitted":	false,
				"sender":	true
			}
		}, {
			"streams":	[{
					"socket":	7,
					"start":	6.000077,
					"end":	7.000059,
					"seconds":	0.99998199939727783,
					"bytes":	33304,
					"bits_per_second":	266436.79602291575,
					"packets":	23,
					"omitted":	false,
					"sender":	true
				}],
			"sum":	{
				"start":	6.000077,
				"end":	7.000059,
				"seconds":	0.99998199939727783,
				"bytes":	33304,
				"bits_per_second":	266436.79602291575,
				"packets":	23,
				"omitted":	false,
				"sender":	true
			}
		}, {
			"streams":	[{
					"socket":	7,
					"start":	7.000059,
					"end":	8.000067,
					"seconds":	1.0000079870224,
					"bytes":	34752,
					"bits_per_second":	278013.77949771564,
					"packets":	24,
					"omitted":	false,
					"sender":	true
				}],
			"sum":	{
				"start":	7.000059,
				"end":	8.000067,
				"seconds":	1.0000079870224,
				"bytes":	34752,
				"bits_per_second":	278013.77949771564,
				"packets":	24,
				"omitted":	false,
				"sender":	true
			}
		}, {
			"streams":	[{
					"socket":	7,
					"start":	8.000067,
					"end":	9.000121,
					"seconds":	1.0000540018081665,
					"bytes":	0,
					"bits_per_second":	0,
					"packets":	0,
					"omitted":	false,
					"sender":	true
				}],
			"sum":	{
				"start":	8.000067,
				"end":	9.000121,
				"seconds":	1.0000540018081665,
				"bytes":	0,
				"bits_per_second":	0,
				"packets":	0,
				"omitted":	false,
				"sender":	true
			}
		}, {
			"streams":	[{
					"socket":	7,
					"start":	9.000121,
					"end":	10.000075,
					"seconds":	0.9999539852142334,
					"bytes":	0,
					"bits_per_second":	0,
					"packets":	0,
					"omitted":	false,
					"sender":	true
				}],
			"sum":	{
				"start":	9.000121,
				"end":	10.000075,
				"seconds":	0.9999539852142334,
				"bytes":	0,
				"bits_per_second":	0,
				"packets":	0,
				"omitted":	false,
				"sender":	true
			}
		}, {
			"streams":	[{
					"socket":	7,
					"start":	10.000075,
					"end":	11.000037,
					"seconds":	0.9999619722366333,
					"bytes":	55024,
					"bits_per_second":	440208.7401538025,
					"packets":	38,
					"omitted":	false,
					"sender":	true
				}],
			"sum":	{
				"start":	10.000075,
				"end":	11.000037,
				"seconds":	0.9999619722366333,
				"bytes":	55024,
				"bits_per_second":	440208.7401538025,
				"packets":	38,
				"omitted":	false,
				"sender":	true
			}
		}, {
			"streams":	[{
					"socket":	7,
					"start":	11.000037,
					"end":	12.001695,
					"seconds":	1.0016579627990723,
					"bytes":	13032,
					"bits_per_second":	104083.43353919231,
					"packets":	9,
					"omitted":	false,
					"sender":	true
				}],
			"sum":	{
				"start":	11.000037,
				"end":	12.001695,
				"seconds":	1.0016579627990723,
				"bytes":	13032,
				"bits_per_second":	104083.43353919231,
				"packets":	9,
				"omitted":	false,
				"sender":	true
			}
		}, {
			"streams":	[{
					"socket":	7,
					"start":	12.001695,
					"end":	13.000129,
					"seconds":	0.99843400716781616,
					"bytes":	0,
					"bits_per_second":	0,
					"packets":	0,
					"omitted":	false,
					"sender":	true
				}],
			"sum":	{
				"start":	12.001695,
				"end":	13.000129,
				"seconds":	0.99843400716781616,
				"bytes":	0,
				"bits_per_second":	0,
				"packets":	0,
				"omitted":	false,
				"sender":	true
			}
		}, {
			"streams":	[{
					"socket":	7,
					"start":	13.000129,
					"end":	14.000097,
					"seconds":	0.99996799230575562,
					"bytes":	8688,
					"bits_per_second":	69506.224733989366,
					"packets":	6,
					"omitted":	false,
					"sender":	true
				}],
			"sum":	{
				"start":	13.000129,
				"end":	14.000097,
				"seconds":	0.99996799230575562,
				"bytes":	8688,
				"bits_per_second":	69506.224733989366,
				"packets":	6,
				"omitted":	false,
				"sender":	true
			}
		}, {
			"streams":	[{
					"socket":	7,
					"start":	14.000097,
					"end":	15.000024,
					"seconds":	0.99992698431015015,
					"bytes":	59368,
					"bits_per_second":	474978.6808960496,
					"packets":	41,
					"omitted":	false,
					"sender":	true
				}],
			"sum":	{
				"start":	14.000097,
				"end":	15.000024,
				"seconds":	0.99992698431015015,
				"bytes":	59368,
				"bits_per_second":	474978.6808960496,
				"packets":	41,
				"omitted":	false,
				"sender":	true
			}
		}, {
			"streams":	[{
					"socket":	7,
					"start":	15.000024,
					"end":	16.00006,
					"seconds":	1.0000360012054443,
					"bytes":	0,
					"bits_per_second":	0,
					"packets":	0,
					"omitted":	false,
					"sender":	true
				}],
			"sum":	{
				"start":	15.000024,