{
	"start":	{
		"connected":	[{
				"socket":	7,
				"local_host":	"192.168.42.9",
				"local_port":	40307,
				"remote_host":	"192.168.42.1",
				"remote_port":	5208
			}],
		"version":	"iperf 3.7",
		"system_info":	"Linux rathan-VirtualBox 5.4.0-177-generic #197-Ubuntu SMP Thu Mar 28 22:45:47 UTC 2024 x86_64",
		"timestamp":	{
			"time":	"Wed, 06 Nov 2024 09:11:48 GMT",
			"timesecs":	1730884308
		},
		"connecting_to":	{
			"host":	"192.168.42.1",
			"port":	5208
		},
		"cookie":	"bruy5gl5lqkbfibospfcnuekkbsqswd4lpzb",
		"sock_bufsize":	0,
		"sndbuf_actual":	212992,
		"rcvbuf_actual":	212992,
		"test_start":	{
			"protocol":	"UDP",
			"num_streams":	1,
			"blksize":	1448,
			"omit":	0,
			"duration":	30,
			"bytes":	0,
			"blocks":	0,
			"reverse":	0,
			"tos":	0
		}
	},
	"intervals":	[{
			"streams":	[{
					"socket":	7,
					"start":	0,
					"end":	1.000093,
					"seconds":	1.0000929832458496,
					"bytes":	95568,
					"bits_per_second":	764472.91682682931,
					"packets":	66,
					"omitted":	false,
					"sender":	true
				}],
			"sum":	{
				"start":	0,
				"end":	1.000093,
				"seconds":	1.0000929832458496,
				"bytes":	95568,
				"bits_per_second":	764472.91682682931,
				"packets":	66,
				"omitted":	false,
				"sender":	true
			}
		}, {
			"streams":	[{
					"socket":	7,
					"start":	1.000093,
					"end":	2.000074,
					"seconds":	0.99998098611831665,
					"bytes":	28960,
					"bits_per_second":	231684.40521986873,
					"packets":	20,
					"omitted":	false,
					"sender":	true
				}],
			"sum":	{
				"start":	1.000093,
				"end":	2.000074,
				"seconds":	0.99998098611831665,
				"bytes":	28960,
				"bits_per_second":	231684.40521986873,
				"packets":	20,
				"omitted":	false,
				"sender":	true
			}
		}, {
			"streams":	[{
					"socket":	7,
					"start":	2.000074,
					"end":	3.000105,
					"seconds":	1.0000309944152832,
					"bytes":	28960,
					"bits_per_second":	231672.81943642456,
					"packets":	20,
					"omitted":	false,
					"sender":	true
				}],
			"sum":	{
				"start":	2.000074,
				"end":	3.000105,
				"seconds":	1.0000309944152832,
				"bytes":	28960,
				"bits_per_second":	231672.81943642456,
				"packets":	20,
				"omitted":	false,
				"sender":	true
			}
		}, {
			"streams":	[{
					"socket":	7,
					"start":	3.000105,
					"end":	4.000035,
					"seconds":	0.99993002414703369,
					"bytes":	13032,
					"bits_per_second":	104263.29591306459,
					"packets":	9,
					"omitted":	false,
					"sender":	true
				}],
			"sum":	{
				"start":	3.000105,
				"end":	4.000035,
				"seconds":	0.99993002414703369,
				"bytes":	13032,
				"bits_per_second":	104263.29591306459,
				"packets":	9,
				"omitted":	false,
				"sender":	true
			}
		}, {
			"streams":	[{
					"socket":	7,
					"start":	4.000035,
					"end":	5.000078,
					"seconds":	1.0000430345535278,
					"bytes":	14480,
					"bits_per_second":	115835.01509184264,
					"packets":	10,
					"omitted":	false,
					"sender":	true
				}],
			"sum":	{
				"start":	4.000035,
				"end":	5.000078,
				"seconds":	1.0000430345535278,
				"bytes":	14480,
				"bits_per_second":	115835.01509184264,
				"packets":	10,
				"omitted":	false,
				"sender":	true
			}
		}, {
			"streams":	[{
					"socket":	7,
					"start":	5.000078,
					"end":	6.000054,
					"seconds":	0.99997597932815552,
					"bytes":	23168,
					"bits_per_second":	185348.45219434705,
					"packets":	16,
					"omitted":	false,
					"sender":	true
				}],
			"sum":	{
				"start":	5.000078,
				"end":	6.000054,
				"seconds":	0.99997597932815552,
				"bytes":	23168,
				"bits_per_second":	185348.45219434705,
				"packets":	16,
				"omitted":	false,
				"sender":	true
			}
		}, {
			"streams":	[{
					"socket":	7,
					"start":	6.000054,
					"end":	7.000089,
					"seconds":	1.0000350475311279,
					"bytes":	21720,
					"bits_per_second":	173753.91035441824,
					"packets":	15,
					"omitted":	false,
					"sender":	true
				}],
			"sum":	{
				"start":	6.000054,
				"end":	7.000089,
				"seconds":	1.0000350475311279,
				"bytes":	21720,
				"bits_per_second":	173753.91035441824,
				"packets":	15,
				"omitted":	false,
				"sender":	true
			}
		}, {
			"streams":	[{
					"socket":	7,
					"start":	7.000089,
					"end":	8.000089,
					"seconds":	1,
					"bytes":	15928,
					"bits_per_second":	127424,
					"packets":	11,
					"omitted":	false,
					"sender":	true
				}],
			"sum":	{
				"start":	7.000089,
				"end":	8.000089,
				"seconds":	1,
				"bytes":	15928,
				"bits_per_second":	127424,
				"packets":	11,
				"omitted":	false,
				"sender":	true
			}
		}, {
			"streams":	[{
					"socket":	7,
					"start":	8.000089,
					"end":	9.000096,
					"seconds":	1.0000070333480835,
					"bytes":	14480,
					"bits_per_second":	115839.18526268833,
					"packets":	10,
					"omitted":	false,
					"sender":	true
				}],
			"sum":	{
				"start":	8.000089,
				"end":	9.000096,
				"seconds":	1.0000070333480835,
				"bytes":	14480,
				"bits_per_second":	115839.18526268833,
				"packets":	10,
				"omitted":	false,
				"sender":	true
			}
		}, {
			"streams":	[{
					"socket":	7,
					"start":	9.000096,
					"end":	10.000085,
					"seconds":	0.99998897314071655,
					"bytes":	27512,
					"bits_per_second":	220098.426994383,
					"packets":	19,
					"omitted":	false,
					"sender":	true
				}],
			"sum":	{
				"start":	9.000096,
				"end":	10.000085,
				"seconds":	0.99998897314071655,
				"bytes":	27512,
				"bits_per_second":	220098.426994383,
				"packets":	19,
				"omitted":	false,
				"sender":	true
			}
		}, {
			"streams":	[{
					"socket":	7,
					"start":	10.000085,
					"end":	11.000103,
					"seconds":	1.0000180006027222,
					"bytes":	15928,
					"bits_per_second":	127421.70633248612,
					"packets":	11,
					"omitted":	false,
					"sender":	true
				}],
			"sum":	{
				"start":	10.000085,
				"end":	11.000103,
				"seconds":	1.0000180006027222,
				"bytes":	15928,
				"bits_per_second":	127421.70633248612,
				"packets":	11,
				"omitted":	false,
				"sender":	true
			}
		}, {
			"streams":	[{
					"socket":	7,
					"start":	11.000103,
					"end":	12.000075,
					"seconds":	0.99997198581695557,
					"bytes":	14480,
					"bits_per_second":	115843.245253877,
					"packets":	10,
					"omitted":	false,
					"sender":	true
				}],
			"sum":	{
				"start":	11.000103,
				"end":	12.000075,
				"seconds":	0.99997198581695557,
				"bytes":	14480,
				"bits_per_second":	115843.245253877,
				"packets":	10,
				"omitted":	false,
				"sender":	true
			}
		}, {
			"streams":	[{
					"socket":	7,
					"start":	12.000075,
					"end":	13.000101,
					"seconds":	1.0000259876251221,
					"bytes":	18824,
					"bits_per_second":	150588.08657325828,
					"packets":	13,
					"omitted":	false,
					"sender":	true
				}],
			"sum":	{
				"start":	12.000075,
				"end":	13.000101,
				"seconds":	1.0000259876251221,
				"bytes":	18824,
				"bits_per_second":	150588.08657325828,
				"packets":	13,
				"omitted":	false,
				"sender":	true
			}
		}, {
			"streams":	[{
					"socket":	7,
					"start":	13.000101,
					"end":	14.000083,
					"seconds":	0.99998199939727783,
					"bytes":	27512,
					"bits_per_second":	220099.9619319739,
					"packets":	19,
					"omitted":	false,
					"sender":	true
				}],
			"sum":	{
				"start":	13.000101,
				"end":	14.000083,
				"seconds":	0.99998199939727783,
				"bytes":	27512,
				"bits_per_second":	220099.9619319739,
				"packets":	19,
				"omitted":	false,
				"sender":	true
			}
		}, {
			"streams":	[{
					"socket":	7,
					"start":	14.000083,
					"end":	15.000837,
					"seconds":	1.0007539987564087,
					"bytes":	13032,
					"bits_per_second":	104177.45033200383,
					"packets":	9,
					"omitted":	false,
					"sender":	true
				}],
			"sum":	{
				"start":	14.000083,
				"end":	15.000837,
				"seconds":	1.0007539987564087,
				"bytes":	13032,
				"bits_per_second":	104177.45033200383,
				"packets":	9,
				"omitted":	false,
				"sender":	true
			}
		}, {
			"streams":	[{
					"socket":	7,
					"start":	15.000837,