{
	"start":	{
		"connected":	[{
				"socket":	7,
				"local_host":	"192.168.42.10",
				"local_port":	52054,
				"remote_host":	"192.168.42.1",
				"remote_port":	5209
			}],
		"version":	"iperf 3.7",
		"system_info":	"Linux rathan-VirtualBox 5.4.0-177-generic #197-Ubuntu SMP Thu Mar 28 22:45:47 UTC 2024 x86_64",
		"timestamp":	{
			"time":	"Wed, 06 Nov 2024 09:11:48 GMT",
			"timesecs":	1730884308
		},
		"connecting_to":	{
			"host":	"192.168.42.1",
			"port":	5209
		},
		"cookie":	"skhu56so63y2u5dv6bk36f62ervtz3xnuijl",
		"sock_bufsize":	0,
		"sndbuf_actual":	212992,
		"rcvbuf_actual":	212992,
		"test_start":	{
			"protocol":	"UDP",
			"num_streams":	1,
			"blksize":	1448,
			"omit":	0,
			"duration":	30,
			"bytes":	0,
			"blocks":	0,
			"reverse":	0,
			"tos":	0
		}
	},
	"intervals":	[{
			"streams":	[{
					"socket":	7,
					"start":	0,
					"end":	1.324088,
					"seconds":	1.3240879774093628,
					"bytes":	1448,
					"bits_per_second":	8748.6633801060652,
					"packets":	1,
					"omitted":	false,
					"sender":	true
				}],
			"sum":	{
				"start":	0,
				"end":	1.324088,
				"seconds":	1.3240879774093628,
				"bytes":	1448,
				"bits_per_second":	8748.6633801060652,
				"packets":	1,
				"omitted":	false,
				"sender":	true
			}
		}, {
			"streams":	[{
					"socket":	7,
					"start":	1.324088,
					"end":	2.000084,
					"seconds":	0.67599600553512573,
					"bytes":	221544,
					"bits_per_second":	2621837.9775735317,
					"packets":	153,
					"omitted":	false,
					"sender":	true
				}],
			"sum":	{
				"start":	1.324088,
				"end":	2.000084,
				"seconds":	0.67599600553512573,
				"bytes":	221544,
				"bits_per_second":	2621837.9775735317,
				"packets":	153,
				"omitted":	false,
				"sender":	true
			}
		}, {
			"streams":	[{
					"socket":	7,
					"start":	2.000084,
					"end":	3.000092,
					"seconds":	1.0000079870224,
					"bytes":	0,
					"bits_per_second":	0,
					"packets":	0,
					"omitted":	false,
					"sender":	true
				}],
			"sum":	{
				"start":	2.000084,
				"end":	3.000092,
				"seconds":	1.0000079870224,
				"bytes":	0,
				"bits_per_second":	0,
				"packets":	0,
				"omitted":	false,
				"sender":	true
			}
		}, {
			"streams":	[{
					"socket":	7,
					"start":	3.000092,
					"end":	4.000039,
					"seconds":	0.99994701147079468,
					"bytes":	0,
					"bits_per_second":	0,
					"packets":	0,
					"omitted":	false,
					"sender":	true
				}],
			"sum":	{
				"start":	3.000092,
				"end":	4.000039,
				"seconds":	0.99994701147079468,
				"bytes":	0,
				"bits_per_second":	0,
				"packets":	0,
				"omitted":	false,
				"sender":	true
			}
		}, {
			"streams":	[{
					"socket":	7,
					"start":	4.000039,
					"end":	5.000101,
					"seconds":	1.0000619888305664,
					"bytes":	53576,
					"bits_per_second":	428581.43273818208,
					"packets":	37,
					"omitted":	false,
					"sender":	true
				}],
			"sum":	{
				"start":	4.000039,
				"end":	5.000101,
				"seconds":	1.0000619888305664,
				"bytes":	53576,
				"bits_per_second":	428581.43273818208,
				"packets":	37,
				"omitted":	false,
				"sender":	true
			}
		}, {
			"streams":	[{
					"socket":	7,
					"start":	5.000101,
					"end":	6.000067,
					"seconds":	0.999966025352478,
					"bytes":	14480,
					"bits_per_second":	115843.93575688489,
					"packets":	10,
					"omitted":	false,
					"sender":	true
				}],
			"sum":	{
				"start":	5.000101,
				"end":	6.000067,
				"seconds":	0.999966025352478,
				"bytes":	14480,
				"bits_per_second":	115843.93575688489,
				"packets":	10,
				"omitted":	false,
				"sender":	true
			}
		}, {
			"streams":	[{
					"socket":	7,
					"start":	6.000067,
					"end":	7.001549,
					"seconds":	1.0014820098876953,
					"bytes":	0,
					"bits_per_second":	0,
					"packets":	0,
					"omitted":	false,
					"sender":	true
				}],
			"sum":	{
				"start":	6.000067,
				"end":	7.001549,
				"seconds":	1.0014820098876953,
				"bytes":	0,
				"bits_per_second":	0,
				"packets":	0,
				"omitted":	false,
				"sender":	true
			}
		}, {
			"streams":	[{
					"socket":	7,
					"start":	7.001549,
					"end":	8.000082,
					"seconds":	0.99853301048278809,
					"bytes":	17376,
					"bits_per_second":	139212.22287162044,
					"packets":	12,
					"omitted":	false,
					"sender":	true
				}],
			"sum":	{
				"start":	7.001549,
				"end":	8.000082,
				"seconds":	0.99853301048278809,
				"bytes":	17376,
				"bits_per_second":	139212.22287162044,
				"packets":	12,
				"omitted":	false,
				"sender":	true
			}
		}, {
			"streams":	[{
					"socket":	7,
					"start":	8.000082,
					"end":	9.000084,
					"seconds":	1.0000020265579224,
					"bytes":	50680,
					"bits_per_second":	405439.17835402105,
					"packets":	35,
					"omitted":	false,
					"sender":	true
				}],
			"sum":	{
				"start":	8.000082,
				"end":	9.000084,
				"seconds":	1.0000020265579224,
				"bytes":	50680,
				"bits_per_second":	405439.17835402105,
				"packets":	35,
				"omitted":	false,
				"sender":	true
			}
		}, {
			"streams":	[{
					"socket":	7,
					"start":	9.000084,
					"end":	10.000085,
					"seconds":	1.0000009536743164,
					"bytes":	0,
					"bits_per_second":	0,
					"packets":	0,
					"omitted":	false,
					"sender":	true
				}],
			"sum":	{
				"start":	9.000084,
				"end":	10.000085,
				"seconds":	1.0000009536743164,
				"bytes":	0,
				"bits_per_second":	0,
				"packets":	0,
				"omitted":	false,
				"sender":	true
			}
		}, {
			"streams":	[{
					"socket":	7,
					"start":	10.000085,
					"end":	11.000058,
					"seconds":	0.99997299909591675,
					"bytes":	0,
					"bits_per_second":	0,
					"packets":	0,
					"omitted":	false,
					"sender":	true
				}],
			"sum":	{
				"start":	10.000085,
				"end":	11.000058,
				"seconds":	0.99997299909591675,
				"bytes":	0,
				"bits_per_second":	0,
				"packets":	0,
				"omitted":	false,
				"sender":	true
			}
		}, {
			"streams":	[{
					"socket":	7,
					"start":	11.000058,
					"end":	12.000084,
					"seconds":	1.0000259876251221,
					"bytes":	39096,
					"bits_per_second":	312759.8721136903,
					"packets":	27,
					"omitted":	false,
					"sender":	true
				}],
			"sum":	{
				"start":	11.000058,
				"end":	12.000084,
				"seconds":	1.0000259876251221,
				"bytes":	39096,
				"bits_per_second":	312759.8721136903,
				"packets":	27,
				"omitted":	false,
				"sender":	true
			}
		}, {
			"streams":	[{
					"socket":	7,
					"start":	12.000084,
					"end":	13.000074,
					"seconds":	0.99998998641967773,
					"bytes":	28960,
					"bits_per_second":	231682.31996952026,
					"packets":	20,
					"omitted":	false,
					"sender":	true
				}],
			"sum":	{
				"start":	12.000084,
				"end":	13.000074,
				"seconds":	0.99998998641967773,
				"bytes":	28960,
				"bits_per_second":	231682.31996952026,
				"packets":	20,
				"omitted":	false,
				"sender":	true
			}
		}, {
			"streams":	[{
					"socket":	7,
					"start":	13.000074,
					"end":	14.000084,
					"seconds":	1.0000100135803223,
					"bytes":	0,
					"bits_per_second":	0,
					"packets":	0,
					"omitted":	false,
					"sender":	true
				}],
			"sum":	{
				"start":	13.000074,
				"end":	14.000084,
				"seconds":	1.0000100135803223,
				"bytes":	0,
				"bits_per_second":	0,
				"packets":	0,
				"omitted":	false,
				"sender":	true
			}
		}, {
			"streams":	[{
					"socket":	7,
					"start":	14.000084,
					"end":	15.000085,
					"seconds":	1.0000009536743164,
					"bytes":	0,
					"bits_per_second":	0,
					"packets":	0,
					"omitted":	false,
					"sender":	true
				}],
			"sum":	{
				"start":	14.000084,
				"end":	15.000085,
				"seconds":	1.0000009536743164,
				"bytes":	0,
				"bits_per_second":	0,
				"packets":	0,
				"omitted":	false,
				"sender":	true
			}
		}, {
			"streams":	[{
					"socket":	7,
					"start":	15.000085,
					"end":	16.000081,
					"seconds":	0.9999960064888,
					"bytes":	60816,
					"bits_per_second":	486529.94296277635,
					"packets":	42,
					"omitted":	false,
					"sender":	true
				}],
			"sum":	{
				"start":	15.000085,
				"end":	16.000081,