{
	"start":	{
		"connected":	[{
				"socket":	7,
				"local_host":	"192.168.42.2",
				"local_port":	58031,
				"remote_host":	"192.168.42.1",
				"remote_port":	5201
			}],
		"version":	"iperf 3.7",
		"system_info":	"Linux rathan-VirtualBox 5.4.0-177-generic #197-Ubuntu SMP Thu Mar 28 22:45:47 UTC 2024 x86_64",
		"timestamp":	{
			"time":	"Wed, 06 Nov 2024 09:28:18 GMT",
			"timesecs":	1730885298
		},
		"connecting_to":	{
			"host":	"192.168.42.1",
			"port":	5201
		},
		"cookie":	"ohtrnw474zbei5rx3ona5bhyzvsznorimxmc",
		"sock_bufsize":	0,
		"sndbuf_actual":	212992,
		"rcvbuf_actual":	212992,
		"test_start":	{
			"protocol":	"UDP",
			"num_streams":	1,
			"blksize":	1448,
			"omit":	0,
			"duration":	30,
			"bytes":	0,
			"blocks":	0,
			"reverse":	0,
			"tos":	0
		}
	},
	"intervals":	[{
			"streams":	[{
					"socket":	7,
					"start":	0,
					"end":	1.000092,
					"seconds":	1.0000920295715332,
					"bytes":	125976,
					"bits_per_second":	1007715.2603963582,
					"packets":	87,
					"omitted":	false,
					"sender":	true
				}],
			"sum":	{
				"start":	0,
				"end":	1.000092,
				"seconds":	1.0000920295715332,
				"bytes":	125976,
				"bits_per_second":	1007715.2603963582,
				"packets":	87,
				"omitted":	false,
				"sender":	true
			}
		}, {
			"streams":	[{
					"socket":	7,
					"start":	1.000092,
					"end":	2.003006,
					"seconds":	1.0029139518737793,
					"bytes":	17376,
					"bits_per_second":	138604.11428147598,
					"packets":	12,
					"omitted":	false,
					"sender":	true
				}],
			"sum":	{
				"start":	1.000092,
				"end":	2.003006,
				"seconds":	1.0029139518737793,
				"bytes":	17376,
				"bits_per_second":	138604.11428147598,
				"packets":	12,
				"omitted":	false,
				"sender":	true
			}
		}, {
			"streams":	[{
					"socket":	7,
					"start":	2.003006,
					"end":	3.000085,
					"seconds":	0.99707901477813721,
					"bytes":	20272,
					"bits_per_second":	162651.10146369517,
					"packets":	14,
					"omitted":	false,
					"sender":	true
				}],
			"sum":	{
				"start":	2.003006,
				"end":	3.000085,
				"seconds":	0.99707901477813721,
				"bytes":	20272,
				"bits_per_second":	162651.10146369517,
				"packets":	14,
				"omitted":	false,
				"sender":	true
			}
		}, {
			"streams":	[{
					"socket":	7,
					"start":	3.000085,
					"end":	4.000071,
					"seconds":	0.99998599290847778,
					"bytes":	27512,
					"bits_per_second":	220099.0829479988,
					"packets":	19,
					"omitted":	false,
					"sender":	true
				}],
			"sum":	{
				"start":	3.000085,
				"end":	4.000071,
				"seconds":	0.99998599290847778,
				"bytes":	27512,
				"bits_per_second":	220099.0829479988,
				"packets":	19,
				"omitted":	false,
				"sender":	true
			}
		}, {
			"streams":	[{
					"socket":	7,
					"start":	4.000071,
					"end":	5.000071,
					"seconds":	1,
					"bytes":	20272,
					"bits_per_second":	162176,
					"packets":	14,
					"omitted":	false,
					"sender":	true
				}],
			"sum":	{
				"start":	4.000071,
				"end":	5.000071,
				"seconds":	1,
				"bytes":	20272,
				"bits_per_second":	162176,
				"packets":	14,
				"omitted":	false,
				"sender":	true
			}
		}, {
			"streams":	[{
					"socket":	7,
					"start":	5.000071,
					"end":	6.000112,
					"seconds":	1.0000410079956055,
					"bytes":	18824,
					"bits_per_second":	150585.82477715929,
					"packets":	13,
					"omitted":	false,
					"sender":	true
				}],
			"sum":	{
				"start":	5.000071,
				"end":	6.000112,
				"seconds":	1.0000410079956055,
				"bytes":	18824,
				"bits_per_second":	150585.82477715929,
				"packets":	13,
				"omitted":	false,
				"sender":	true
			}
		}, {
			"streams":	[{
					"socket":	7,
					"start":	6.000112,
					"end":	7.000096,
					"seconds":	0.9999840259552002,
					"bytes":	26064,
					"bits_per_second":	208515.33083323616,
					"packets":	18,
					"omitted":	false,
					"sender":	true
				}],
			"sum":	{
				"start":	6.000112,
				"end":	7.000096,
				"seconds":	0.9999840259552002,
				"bytes":	26064,
				"bits_per_second":	208515.33083323616,
				"packets":	18,
				"omitted":	false,
				"sender":	true
			}
		}, {
			"streams":	[{
					"socket":	7,
					"start":	7.000096,
					"end":	8.003222,
					"seconds":	1.0031260251998901,
					"bytes":	21720,
					"bits_per_second":	173218.51455840291,
					"packets":	15,
					"omitted":	false,
					"sender":	true
				}],
			"sum":	{
				"start":	7.000096,
				"end":	8.003222,
				"seconds":	1.0031260251998901,
				"bytes":	21720,
				"bits_per_second":	173218.51455840291,
				"packets":	15,
				"omitted":	false,
				"sender":	true
			}
		}, {
			"streams":	[{
					"socket":	7,
					"start":	8.003222,
					"end":	9.000102,
					"seconds":	0.99687999486923218,
					"bytes":	18824,
					"bits_per_second":	151063.31832825497,
					"packets":	13,
					"omitted":	false,
					"sender":	true
				}],
			"sum":	{
				"start":	8.003222,
				"end":	9.000102,
				"seconds":	0.99687999486923218,
				"bytes":	18824,
				"bits_per_second":	151063.31832825497,
				"packets":	13,
				"omitted":	false,
				"sender":	true
			}
		}, {
			"streams":	[{
					"socket":	7,
					"start":	9.000102,
					"end":	10.000107,
					"seconds":	1.0000050067901611,
					"bytes":	24616,
					"bits_per_second":	196927.01402776371,
					"packets":	17,
					"omitted":	false,
					"sender":	true
				}],
			"sum":	{
				"start":	9.000102,
				"end":	10.000107,
				"seconds":	1.0000050067901611,
				"bytes":	24616,
				"bits_per_second":	196927.01402776371,
				"packets":	17,
				"omitted":	false,
				"sender":	true
			}
		}, {
			"streams":	[{
					"socket":	7,
					"start":	10.000107,
					"end":	11.000058,
					"seconds":	0.99995100498199463,
					"bytes":	21720,
					"bits_per_second":	173768.51379146197,
					"packets":	15,
					"omitted":	false,
					"sender":	true
				}],
			"sum":	{
				"start":	10.000107,
				"end":	11.000058,
				"seconds":	0.99995100498199463,
				"bytes":	21720,
				"bits_per_second":	173768.51379146197,
				"packets":	15,
				"omitted":	false,
				"sender":	true
			}
		}, {
			"streams":	[{
					"socket":	7,
					"start":	11.000058,
					"end":	12.00008,
					"seconds":	1.0000220537185669,
					"bytes":	20272,
					"bits_per_second":	162172.42349501292,
					"packets":	14,
					"omitted":	false,
					"sender":	true
				}],
			"sum":	{
				"start":	11.000058,
				"end":	12.00008,
				"seconds":	1.0000220537185669,
				"bytes":	20272,
				"bits_per_second":	162172.42349501292,
				"packets":	14,
				"omitted":	false,
				"sender":	true
			}
		}, {
			"streams":	[{
					"socket":	7,
					"start":	12.00008,
					"end":	13.000121,
					"seconds":	1.0000410079956055,
					"bytes":	24616,
					"bits_per_second":	196919.92470859291,
					"packets":	17,
					"omitted":	false,
					"sender":	true
				}],
			"sum":	{
				"start":	12.00008,
				"end":	13.000121,
				"seconds":	1.0000410079956055,
				"bytes":	24616,
				"bits_per_second":	196919.92470859291,
				"packets":	17,
				"omitted":	false,
				"sender":	true
			}
		}, {
			"streams":	[{
					"socket":	7,
					"start":	13.000121,
					"end":	14.000081,
					"seconds":	0.99996000528335571,
					"bytes":	23168,
					"bits_per_second":	185351.41307724564,
					"packets":	16,
					"omitted":	false,
					"sender":	true
				}],
			"sum":	{
				"start":	13.000121,
				"end":	14.000081,
				"seconds":	0.99996000528335571,
				"bytes":	23168,
				"bits_per_second":	185351.41307724564,
				"packets":	16,
				"omitted":	false,
				"sender":	true
			}
		}, {
			"streams":	[{
					"socket":	7,
					"start":	14.000081,
					"end":	15.000108,
					"seconds":	1.0000269412994385,
					"bytes":	18824,
					"bits_per_second":	150587.94296513675,
					"packets":	13,
					"omitted":	false,
					"sender":	true
				}],
			"sum":	{
				"start":	14.000081,
				"end":	15.000108,
				"seconds":	1.0000269412994385,
				"bytes":	18824,
				"bits_per_second":	150587.94296513675,
				"packets":	13,
				"omitted":	false,
				"sender":	true
			}
		}, {
			"streams":	[{
					"socket":	7,