{
	"start":	{
		"connected":	[{
				"socket":	7,
				"local_host":	"192.168.42.11",
				"local_port":	41626,
				"remote_host":	"192.168.42.1",
				"remote_port":	5210
			}],
		"version":	"iperf 3.7",
		"system_info":	"Linux rathan-VirtualBox 5.4.0-177-generic #197-Ubuntu SMP Thu Mar 28 22:45:47 UTC 2024 x86_64",
		"timestamp":	{
			"time":	"Wed, 06 Nov 2024 09:28:18 GMT",
			"timesecs":	1730885298
		},
		"connecting_to":	{
			"host":	"192.168.42.1",
			"port":	5210
		},
		"cookie":	"t3hy3xfix4g7bdbaev5dtlucuxed4wdu62jx",
		"sock_bufsize":	0,
		"sndbuf_actual":	212992,
		"rcvbuf_actual":	212992,
		"test_start":	{
			"protocol":	"UDP",
			"num_streams":	1,
			"blksize":	1448,
			"omit":	0,
			"duration":	30,
			"bytes":	0,
			"blocks":	0,
			"reverse":	0,
			"tos":	0
		}
	},
	"intervals":	[{
			"streams":	[{
					"socket":	7,
					"start":	0,
					"end":	1.000092,
					"seconds":	1.0000920295715332,
					"bytes":	123080,
					"bits_per_second":	984549.39234126953,
					"packets":	85,
					"omitted":	false,
					"sender":	true
				}],
			"sum":	{
				"start":	0,
				"end":	1.000092,
				"seconds":	1.0000920295715332,
				"bytes":	123080,
				"bits_per_second":	984549.39234126953,
				"packets":	85,
				"omitted":	false,
				"sender":	true
			}
		}, {
			"streams":	[{
					"socket":	7,
					"start":	1.000092,
					"end":	2.000064,
					"seconds":	0.99997198581695557,
					"bytes":	17376,
					"bits_per_second":	139011.89430465241,
					"packets":	12,
					"omitted":	false,
					"sender":	true
				}],
			"sum":	{
				"start":	1.000092,
				"end":	2.000064,
				"seconds":	0.99997198581695557,
				"bytes":	17376,
				"bits_per_second":	139011.89430465241,
				"packets":	12,
				"omitted":	false,
				"sender":	true
			}
		}, {
			"streams":	[{
					"socket":	7,
					"start":	2.000064,
					"end":	3.000083,
					"seconds":	1.0000189542770386,
					"bytes":	20272,
					"bits_per_second":	162172.92612942998,
					"packets":	14,
					"omitted":	false,
					"sender":	true
				}],
			"sum":	{
				"start":	2.000064,
				"end":	3.000083,
				"seconds":	1.0000189542770386,
				"bytes":	20272,
				"bits_per_second":	162172.92612942998,
				"packets":	14,
				"omitted":	false,
				"sender":	true
			}
		}, {
			"streams":	[{
					"socket":	7,
					"start":	3.000083,
					"end":	4.000084,
					"seconds":	1.0000009536743164,
					"bytes":	27512,
					"bits_per_second":	220095.79010029783,
					"packets":	19,
					"omitted":	false,
					"sender":	true
				}],
			"sum":	{
				"start":	3.000083,
				"end":	4.000084,
				"seconds":	1.0000009536743164,
				"bytes":	27512,
				"bits_per_second":	220095.79010029783,
				"packets":	19,
				"omitted":	false,
				"sender":	true
			}
		}, {
			"streams":	[{
					"socket":	7,
					"start":	4.000084,
					"end":	5.000194,
					"seconds":	1.0001100301742554,
					"bytes":	20272,
					"bits_per_second":	162158.15770965029,
					"packets":	14,
					"omitted":	false,
					"sender":	true
				}],
			"sum":	{
				"start":	4.000084,
				"end":	5.000194,
				"seconds":	1.0001100301742554,
				"bytes":	20272,
				"bits_per_second":	162158.15770965029,
				"packets":	14,
				"omitted":	false,
				"sender":	true
			}
		}, {
			"streams":	[{
					"socket":	7,
					"start":	5.000194,
					"end":	6.000071,
					"seconds":	0.99987697601318359,
					"bytes":	18824,
					"bits_per_second":	150610.52870769816,
					"packets":	13,
					"omitted":	false,
					"sender":	true
				}],
			"sum":	{
				"start":	5.000194,
				"end":	6.000071,
				"seconds":	0.99987697601318359,
				"bytes":	18824,
				"bits_per_second":	150610.52870769816,
				"packets":	13,
				"omitted":	false,
				"sender":	true
			}
		}, {
			"streams":	[{
					"socket":	7,
					"start":	6.000071,
					"end":	7.000071,
					"seconds":	1,
					"bytes":	26064,
					"bits_per_second":	208512,
					"packets":	18,
					"omitted":	false,
					"sender":	true
				}],
			"sum":	{
				"start":	6.000071,
				"end":	7.000071,
				"seconds":	1,
				"bytes":	26064,
				"bits_per_second":	208512,
				"packets":	18,
				"omitted":	false,
				"sender":	true
			}
		}, {
			"streams":	[{
					"socket":	7,
					"start":	7.000071,
					"end":	8.00009,
					"seconds":	1.0000189542770386,
					"bytes":	21720,
					"bits_per_second":	173756.70656724641,
					"packets":	15,
					"omitted":	false,
					"sender":	true
				}],
			"sum":	{
				"start":	7.000071,
				"end":	8.00009,
				"seconds":	1.0000189542770386,
				"bytes":	21720,
				"bits_per_second":	173756.70656724641,
				"packets":	15,
				"omitted":	false,
				"sender":	true
			}
		}, {
			"streams":	[{
					"socket":	7,
					"start":	8.00009,
					"end":	9.000107,
					"seconds":	1.0000170469284058,
					"bytes":	18824,
					"bits_per_second":	150589.43291271848,
					"packets":	13,
					"omitted":	false,
					"sender":	true
				}],
			"sum":	{
				"start":	8.00009,
				"end":	9.000107,
				"seconds":	1.0000170469284058,
				"bytes":	18824,
				"bits_per_second":	150589.43291271848,
				"packets":	13,
				"omitted":	false,
				"sender":	true
			}
		}, {
			"streams":	[{
					"socket":	7,
					"start":	9.000107,
					"end":	10.000077,
					"seconds":	0.999970018863678,
					"bytes":	24616,
					"bits_per_second":	196933.90430223133,
					"packets":	17,
					"omitted":	false,
					"sender":	true
				}],
			"sum":	{
				"start":	9.000107,
				"end":	10.000077,
				"seconds":	0.999970018863678,
				"bytes":	24616,
				"bits_per_second":	196933.90430223133,
				"packets":	17,
				"omitted":	false,
				"sender":	true
			}
		}, {
			"streams":	[{
					"socket":	7,
					"start":	10.000077,
					"end":	11.000082,
					"seconds":	1.0000050067901611,
					"bytes":	21720,
					"bits_per_second":	173759.1300244974,
					"packets":	15,
					"omitted":	false,
					"sender":	true
				}],
			"sum":	{
				"start":	10.000077,
				"end":	11.000082,
				"seconds":	1.0000050067901611,
				"bytes":	21720,
				"bits_per_second":	173759.1300244974,
				"packets":	15,
				"omitted":	false,
				"sender":	true
			}
		}, {
			"streams":	[{
					"socket":	7,
					"start":	11.000082,
					"end":	12.000109,
					"seconds":	1.0000269412994385,
					"bytes":	20272,
					"bits_per_second":	162171.63088553189,
					"packets":	14,
					"omitted":	false,
					"sender":	true
				}],
			"sum":	{
				"start":	11.000082,
				"end":	12.000109,
				"seconds":	1.0000269412994385,
				"bytes":	20272,
				"bits_per_second":	162171.63088553189,
				"packets":	14,
				"omitted":	false,
				"sender":	true
			}
		}, {
			"streams":	[{
					"socket":	7,
					"start":	12.000109,
					"end":	13.000118,
					"seconds":	1.0000089406967163,
					"bytes":	24616,
					"bits_per_second":	196926.23934221856,
					"packets":	17,
					"omitted":	false,
					"sender":	true
				}],
			"sum":	{
				"start":	12.000109,
				"end":	13.000118,
				"seconds":	1.0000089406967163,
				"bytes":	24616,
				"bits_per_second":	196926.23934221856,
				"packets":	17,
				"omitted":	false,
				"sender":	true
			}
		}, {
			"streams":	[{
					"socket":	7,
					"start":	13.000118,
					"end":	14.00011,
					"seconds":	0.9999920129776001,
					"bytes":	23168,
					"bits_per_second":	185345.48035850335,
					"packets":	16,
					"omitted":	false,
					"sender":	true
				}],
			"sum":	{
				"start":	13.000118,
				"end":	14.00011,
				"seconds":	0.9999920129776001,
				"bytes":	23168,
				"bits_per_second":	185345.48035850335,
				"packets":	16,
				"omitted":	false,
				"sender":	true
			}
		}, {
			"streams":	[{
					"socket":	7,
					"start":	14.00011,
					"end":	15.00009,
					"seconds":	0.99997997283935547,
					"bytes":	18824,
					"bits_per_second":	150595.01599057752,
					"packets":	13,
					"omitted":	false,
					"sender":	true
				}],
			"sum":	{
				"start":	14.00011,
				"end":	15.00009,
				"seconds":	0.99997997283935547,
				"bytes":	18824,
				"bits_per_second":	150595.01599057752,
				"packets":	13,
				"omitted":	false,
				"sender":	true
			}
		}, {
			"streams":	[{
					"socket":	7,
					"start":	15.00009,