{
	"start":	{
		"connected":	[{
				"socket":	7,
				"local_host":	"192.168.42.3",
				"local_port":	32815,
				"remote_host":	"192.168.42.1",
				"remote_port":	5202
			}],
		"version":	"iperf 3.7",
		"system_info":	"Linux rathan-VirtualBox 5.4.0-177-generic #197-Ubuntu SMP Thu Mar 28 22:45:47 UTC 2024 x86_64",
		"timestamp":	{
			"time":	"Wed, 06 Nov 2024 09:28:18 GMT",
			"timesecs":	1730885298
		},
		"connecting_to":	{
			"host":	"192.168.42.1",
			"port":	5202
		},
		"cookie":	"tm3syfubec53dplkw2n7lh4dw2sdydla245k",
		"sock_bufsize":	0,
		"sndbuf_actual":	212992,
		"rcvbuf_actual":	212992,
		"test_start":	{
			"protocol":	"UDP",
			"num_streams":	1,
			"blksize":	1448,
			"omit":	0,
			"duration":	30,
			"bytes":	0,
			"blocks":	0,
			"reverse":	0,
			"tos":	0
		}
	},
	"intervals":	[{
			"streams":	[{
					"socket":	7,
					"start":	0,
					"end":	1.000102,
					"seconds":	1.0001020431518555,
					"bytes":	125976,
					"bits_per_second":	1007705.1705882521,
					"packets":	87,
					"omitted":	false,
					"sender":	true
				}],
			"sum":	{
				"start":	0,
				"end":	1.000102,
				"seconds":	1.0001020431518555,
				"bytes":	125976,
				"bits_per_second":	1007705.1705882521,
				"packets":	87,
				"omitted":	false,
				"sender":	true
			}
		}, {
			"streams":	[{
					"socket":	7,
					"start":	1.000102,
					"end":	2.002888,
					"seconds":	1.0027860403060913,
					"bytes":	17376,
					"bits_per_second":	138621.79409435045,
					"packets":	12,
					"omitted":	false,
					"sender":	true
				}],
			"sum":	{
				"start":	1.000102,
				"end":	2.002888,
				"seconds":	1.0027860403060913,
				"bytes":	17376,
				"bits_per_second":	138621.79409435045,
				"packets":	12,
				"omitted":	false,
				"sender":	true
			}
		}, {
			"streams":	[{
					"socket":	7,
					"start":	2.002888,
					"end":	3.000095,
					"seconds":	0.99720698595047,
					"bytes":	20272,
					"bits_per_second":	162630.22851311541,
					"packets":	14,
					"omitted":	false,
					"sender":	true
				}],
			"sum":	{
				"start":	2.002888,
				"end":	3.000095,
				"seconds":	0.99720698595047,
				"bytes":	20272,
				"bits_per_second":	162630.22851311541,
				"packets":	14,
				"omitted":	false,
				"sender":	true
			}
		}, {
			"streams":	[{
					"socket":	7,
					"start":	3.000095,
					"end":	4.000106,
					"seconds":	1.0000109672546387,
					"bytes":	26064,
					"bits_per_second":	208509.71322088048,
					"packets":	18,
					"omitted":	false,
					"sender":	true
				}],
			"sum":	{
				"start":	3.000095,
				"end":	4.000106,
				"seconds":	1.0000109672546387,
				"bytes":	26064,
				"bits_per_second":	208509.71322088048,
				"packets":	18,
				"omitted":	false,
				"sender":	true
			}
		}, {
			"streams":	[{
					"socket":	7,
					"start":	4.000106,
					"end":	5.000016,
					"seconds":	0.99990999698638916,
					"bytes":	21720,
					"bits_per_second":	173775.64033132198,
					"packets":	15,
					"omitted":	false,
					"sender":	true
				}],
			"sum":	{
				"start":	4.000106,
				"end":	5.000016,
				"seconds":	0.99990999698638916,
				"bytes":	21720,
				"bits_per_second":	173775.64033132198,
				"packets":	15,
				"omitted":	false,
				"sender":	true
			}
		}, {
			"streams":	[{
					"socket":	7,
					"start":	5.000016,
					"end":	6.000081,
					"seconds":	1.0000649690628052,
					"bytes":	18824,
					"bits_per_second":	150582.21681449845,
					"packets":	13,
					"omitted":	false,
					"sender":	true
				}],
			"sum":	{
				"start":	5.000016,
				"end":	6.000081,
				"seconds":	1.0000649690628052,
				"bytes":	18824,
				"bits_per_second":	150582.21681449845,
				"packets":	13,
				"omitted":	false,
				"sender":	true
			}
		}, {
			"streams":	[{
					"socket":	7,
					"start":	6.000081,
					"end":	7.000063,
					"seconds":	0.99998199939727783,
					"bytes":	26064,
					"bits_per_second":	208515.75340923844,
					"packets":	18,
					"omitted":	false,
					"sender":	true
				}],
			"sum":	{
				"start":	6.000081,
				"end":	7.000063,
				"seconds":	0.99998199939727783,
				"bytes":	26064,
				"bits_per_second":	208515.75340923844,
				"packets":	18,
				"omitted":	false,
				"sender":	true
			}
		}, {
			"streams":	[{
					"socket":	7,
					"start":	7.000063,
					"end":	8.00261,
					"seconds":	1.002547025680542,
					"bytes":	21720,
					"bits_per_second":	173318.55319410024,
					"packets":	15,
					"omitted":	false,
					"sender":	true
				}],
			"sum":	{
				"start":	7.000063,
				"end":	8.00261,
				"seconds":	1.002547025680542,
				"bytes":	21720,
				"bits_per_second":	173318.55319410024,
				"packets":	15,
				"omitted":	false,
				"sender":	true
			}
		}, {
			"streams":	[{
					"socket":	7,
					"start":	8.00261,
					"end":	9.000071,
					"seconds":	0.99746102094650269,
					"bytes":	18824,
					"bits_per_second":	150975.32318315702,
					"packets":	13,
					"omitted":	false,
					"sender":	true
				}],
			"sum":	{
				"start":	8.00261,
				"end":	9.000071,
				"seconds":	0.99746102094650269,
				"bytes":	18824,
				"bits_per_second":	150975.32318315702,
				"packets":	13,
				"omitted":	false,
				"sender":	true
			}
		}, {
			"streams":	[{
					"socket":	7,
					"start":	9.000071,
					"end":	10.000079,
					"seconds":	1.0000079870224,
					"bytes":	24616,
					"bits_per_second":	196926.42714421527,
					"packets":	17,
					"omitted":	false,
					"sender":	true
				}],
			"sum":	{
				"start":	9.000071,
				"end":	10.000079,
				"seconds":	1.0000079870224,
				"bytes":	24616,
				"bits_per_second":	196926.42714421527,
				"packets":	17,
				"omitted":	false,
				"sender":	true
			}
		}, {
			"streams":	[{
					"socket":	7,
					"start":	10.000079,
					"end":	11.000065,
					"seconds":	0.99998599290847778,
					"bytes":	21720,
					"bits_per_second":	173762.43390631484,
					"packets":	15,
					"omitted":	false,
					"sender":	true
				}],
			"sum":	{
				"start":	10.000079,
				"end":	11.000065,
				"seconds":	0.99998599290847778,
				"bytes":	21720,
				"bits_per_second":	173762.43390631484,
				"packets":	15,
				"omitted":	false,
				"sender":	true
			}
		}, {
			"streams":	[{
					"socket":	7,
					"start":	11.000065,
					"end":	12.0001,
					"seconds":	1.0000350475311279,
					"bytes":	20272,
					"bits_per_second":	162170.31633079037,
					"packets":	14,
					"omitted":	false,
					"sender":	true
				}],
			"sum":	{
				"start":	11.000065,
				"end":	12.0001,
				"seconds":	1.0000350475311279,
				"bytes":	20272,
				"bits_per_second":	162170.31633079037,
				"packets":	14,
				"omitted":	false,
				"sender":	true
			}
		}, {
			"streams":	[{
					"socket":	7,
					"start":	12.0001,
					"end":	13.00008,
					"seconds":	0.99997997283935547,
					"bytes":	24616,
					"bits_per_second":	196931.94398767827,
					"packets":	17,
					"omitted":	false,
					"sender":	true
				}],
			"sum":	{
				"start":	12.0001,
				"end":	13.00008,
				"seconds":	0.99997997283935547,
				"bytes":	24616,
				"bits_per_second":	196931.94398767827,
				"packets":	17,
				"omitted":	false,
				"sender":	true
			}
		}, {
			"streams":	[{
					"socket":	7,
					"start":	13.00008,
					"end":	14.000075,
					"seconds":	0.99999499320983887,
					"bytes":	23168,
					"bits_per_second":	185344.92798316185,
					"packets":	16,
					"omitted":	false,
					"sender":	true
				}],
			"sum":	{
				"start":	13.00008,
				"end":	14.000075,
				"seconds":	0.99999499320983887,
				"bytes":	23168,
				"bits_per_second":	185344.92798316185,
				"packets":	16,
				"omitted":	false,
				"sender":	true
			}
		}, {
			"streams":	[{
					"socket":	7,
					"start":	14.000075,
					"end":	15.000074,
					"seconds":	0.99999898672103882,
					"bytes":	18824,
					"bits_per_second":	150592.15259185995,
					"packets":	13,
					"omitted":	false,
					"sender":	true
				}],
			"sum":	{
				"start":	14.000075,
				"end":	15.000074,
				"seconds":	0.99999898672103882,
				"bytes":	18824,
				"bits_per_second":	150592.15259185995,
				"packets":	13,
				"omitted":	false,