{
	"start":	{
		"connected":	[{
				"socket":	7,
				"local_host":	"192.168.42.4",
				"local_port":	60824,
				"remote_host":	"192.168.42.1",
				"remote_port":	5203
			}],
		"version":	"iperf 3.7",
		"system_info":	"Linux rathan-VirtualBox 5.4.0-177-generic #197-Ubuntu SMP Thu Mar 28 22:45:47 UTC 2024 x86_64",
		"timestamp":	{
			"time":	"Wed, 06 Nov 2024 09:28:18 GMT",
			"timesecs":	1730885298
		},
		"connecting_to":	{
			"host":	"192.168.42.1",
			"port":	5203
		},
		"cookie":	"xevbm2muq53bm3p5kjcbt6b2gelnbsheeuci",
		"sock_bufsize":	0,
		"sndbuf_actual":	212992,
		"rcvbuf_actual":	212992,
		"test_start":	{
			"protocol":	"UDP",
			"num_streams":	1,
			"blksize":	1448,
			"omit":	0,
			"duration":	30,
			"bytes":	0,
			"blocks":	0,
			"reverse":	0,
			"tos":	0
		}
	},
	"intervals":	[{
			"streams":	[{
					"socket":	7,
					"start":	0,
					"end":	1.000229,
					"seconds":	1.0002290010452271,
					"bytes":	123080,
					"bits_per_second":	984414.56803498324,
					"packets":	85,
					"omitted":	false,
					"sender":	true
				}],
			"sum":	{
				"start":	0,
				"end":	1.000229,
				"seconds":	1.0002290010452271,
				"bytes":	123080,
				"bits_per_second":	984414.56803498324,
				"packets":	85,
				"omitted":	false,
				"sender":	true
			}
		}, {
			"streams":	[{
					"socket":	7,
					"start":	1.000229,
					"end":	2.00009,
					"seconds":	0.99986100196838379,
					"bytes":	18824,
					"bits_per_second":	150612.93490148726,
					"packets":	13,
					"omitted":	false,
					"sender":	true
				}],
			"sum":	{
				"start":	1.000229,
				"end":	2.00009,
				"seconds":	0.99986100196838379,
				"bytes":	18824,
				"bits_per_second":	150612.93490148726,
				"packets":	13,
				"omitted":	false,
				"sender":	true
			}
		}, {
			"streams":	[{
					"socket":	7,
					"start":	2.00009,
					"end":	3.000062,
					"seconds":	0.99997198581695557,
					"bytes":	20272,
					"bits_per_second":	162180.5433554278,
					"packets":	14,
					"omitted":	false,
					"sender":	true
				}],
			"sum":	{
				"start":	2.00009,
				"end":	3.000062,
				"seconds":	0.99997198581695557,
				"bytes":	20272,
				"bits_per_second":	162180.5433554278,
				"packets":	14,
				"omitted":	false,
				"sender":	true
			}
		}, {
			"streams":	[{
					"socket":	7,
					"start":	3.000062,
					"end":	4.000074,
					"seconds":	1.0000120401382446,
					"bytes":	26064,
					"bits_per_second":	208509.4895169209,
					"packets":	18,
					"omitted":	false,
					"sender":	true
				}],
			"sum":	{
				"start":	3.000062,
				"end":	4.000074,
				"seconds":	1.0000120401382446,
				"bytes":	26064,
				"bits_per_second":	208509.4895169209,
				"packets":	18,
				"omitted":	false,
				"sender":	true
			}
		}, {
			"streams":	[{
					"socket":	7,
					"start":	4.000074,
					"end":	5.000042,
					"seconds":	0.99996799230575562,
					"bytes":	21720,
					"bits_per_second":	173765.56183497343,
					"packets":	15,
					"omitted":	false,
					"sender":	true
				}],
			"sum":	{
				"start":	4.000074,
				"end":	5.000042,
				"seconds":	0.99996799230575562,
				"bytes":	21720,
				"bits_per_second":	173765.56183497343,
				"packets":	15,
				"omitted":	false,
				"sender":	true
			}
		}, {
			"streams":	[{
					"socket":	7,
					"start":	5.000042,
					"end":	6.000077,
					"seconds":	1.0000350475311279,
					"bytes":	18824,
					"bits_per_second":	150586.72230716248,
					"packets":	13,
					"omitted":	false,
					"sender":	true
				}],
			"sum":	{
				"start":	5.000042,
				"end":	6.000077,
				"seconds":	1.0000350475311279,
				"bytes":	18824,
				"bits_per_second":	150586.72230716248,
				"packets":	13,
				"omitted":	false,
				"sender":	true
			}
		}, {
			"streams":	[{
					"socket":	7,
					"start":	6.000077,
					"end":	7.002923,
					"seconds":	1.0028460025787354,
					"bytes":	26064,
					"bits_per_second":	207920.25840839837,
					"packets":	18,
					"omitted":	false,
					"sender":	true
				}],
			"sum":	{
				"start":	6.000077,
				"end":	7.002923,
				"seconds":	1.0028460025787354,
				"bytes":	26064,
				"bits_per_second":	207920.25840839837,
				"packets":	18,
				"omitted":	false,
				"sender":	true
			}
		}, {
			"streams":	[{
					"socket":	7,
					"start":	7.002923,
					"end":	8.000078,
					"seconds":	0.99715501070022583,
					"bytes":	20272,
					"bits_per_second":	162638.70537652535,
					"packets":	14,
					"omitted":	false,
					"sender":	true
				}],
			"sum":	{
				"start":	7.002923,
				"end":	8.000078,
				"seconds":	0.99715501070022583,
				"bytes":	20272,
				"bits_per_second":	162638.70537652535,
				"packets":	14,
				"omitted":	false,
				"sender":	true
			}
		}, {
			"streams":	[{
					"socket":	7,
					"start":	8.000078,
					"end":	9.000083,
					"seconds":	1.0000050067901611,
					"bytes":	20272,
					"bits_per_second":	162175.18802286423,
					"packets":	14,
					"omitted":	false,
					"sender":	true
				}],
			"sum":	{
				"start":	8.000078,
				"end":	9.000083,
				"seconds":	1.0000050067901611,
				"bytes":	20272,
				"bits_per_second":	162175.18802286423,
				"packets":	14,
				"omitted":	false,
				"sender":	true
			}
		}, {
			"streams":	[{
					"socket":	7,
					"start":	9.000083,
					"end":	10.000039,
					"seconds":	0.99995601177215576,
					"bytes":	26064,
					"bits_per_second":	208521.17247684527,
					"packets":	18,
					"omitted":	false,
					"sender":	true
				}],
			"sum":	{
				"start":	9.000083,
				"end":	10.000039,
				"seconds":	0.99995601177215576,
				"bytes":	26064,
				"bits_per_second":	208521.17247684527,
				"packets":	18,
				"omitted":	false,
				"sender":	true
			}
		}, {
			"streams":	[{
					"socket":	7,
					"start":	10.000039,
					"end":	11.003027,
					"seconds":	1.0029879808425903,
					"bytes":	20272,
					"bits_per_second":	161692.86481754165,
					"packets":	14,
					"omitted":	false,
					"sender":	true
				}],
			"sum":	{
				"start":	10.000039,
				"end":	11.003027,
				"seconds":	1.0029879808425903,
				"bytes":	20272,
				"bits_per_second":	161692.86481754165,
				"packets":	14,
				"omitted":	false,
				"sender":	true
			}
		}, {
			"streams":	[{
					"socket":	7,
					"start":	11.003027,
					"end":	12.000098,
					"seconds":	0.9970710277557373,
					"bytes":	20272,
					"bits_per_second":	162652.40437788542,
					"packets":	14,
					"omitted":	false,
					"sender":	true
				}],
			"sum":	{
				"start":	11.003027,
				"end":	12.000098,
				"seconds":	0.9970710277557373,
				"bytes":	20272,
				"bits_per_second":	162652.40437788542,
				"packets":	14,
				"omitted":	false,
				"sender":	true
			}
		}, {
			"streams":	[{
					"socket":	7,
					"start":	12.000098,
					"end":	13.00009,
					"seconds":	0.9999920129776001,
					"bytes":	26064,
					"bits_per_second":	208513.66540331626,
					"packets":	18,
					"omitted":	false,
					"sender":	true
				}],
			"sum":	{
				"start":	12.000098,
				"end":	13.00009,
				"seconds":	0.9999920129776001,
				"bytes":	26064,
				"bits_per_second":	208513.66540331626,
				"packets":	18,
				"omitted":	false,
				"sender":	true
			}
		}, {
			"streams":	[{
					"socket":	7,
					"start":	13.00009,
					"end":	14.000113,
					"seconds":	1.0000230073928833,
					"bytes":	21720,
					"bits_per_second":	173756.00232738862,
					"packets":	15,
					"omitted":	false,
					"sender":	true
				}],
			"sum":	{
				"start":	13.00009,
				"end":	14.000113,
				"seconds":	1.0000230073928833,
				"bytes":	21720,
				"bits_per_second":	173756.00232738862,
				"packets":	15,
				"omitted":	false,
				"sender":	true
			}
		}, {
			"streams":	[{
					"socket":	7,
					"start":	14.000113,
					"end":	15.000159,
					"seconds":	1.0000460147857666,
					"bytes":	18824,
					"bits_per_second":	150585.07086022472,
					"packets":	13,
					"omitted":	false,
					"sender":	true
				}],
			"sum":	{
				"start":	14.000113,
				"end":	15.000159,
				"seconds":	1.0000460147857666,
				"bytes":	18824,
				"bits_per_second":	150585.07086022472,
				"packets":	13,
				"omitted":	false,