{
	"start":	{
		"connected":	[{
				"socket":	7,
				"local_host":	"192.168.42.5",
				"local_port":	60401,
				"remote_host":	"192.168.42.1",
				"remote_port":	5204
			}],
		"version":	"iperf 3.7",
		"system_info":	"Linux rathan-VirtualBox 5.4.0-177-generic #197-Ubuntu SMP Thu Mar 28 22:45:47 UTC 2024 x86_64",
		"timestamp":	{
			"time":	"Wed, 06 Nov 2024 09:28:18 GMT",
			"timesecs":	1730885298
		},
		"connecting_to":	{
			"host":	"192.168.42.1",
			"port":	5204
		},
		"cookie":	"jjfc4xcfk26tf74j2hyj3rfyn4bo3r7ye6x3",
		"sock_bufsize":	0,
		"sndbuf_actual":	212992,
		"rcvbuf_actual":	212992,
		"test_start":	{
			"protocol":	"UDP",
			"num_streams":	1,
			"blksize":	1448,
			"omit":	0,
			"duration":	30,
			"bytes":	0,
			"blocks":	0,
			"reverse":	0,
			"tos":	0
		}
	},
	"intervals":	[{
			"streams":	[{
					"socket":	7,
					"start":	0,
					"end":	1.000102,
					"seconds":	1.0001020431518555,
					"bytes":	101360,
					"bits_per_second":	810797.26369169715,
					"packets":	70,
					"omitted":	false,
					"sender":	true
				}],
			"sum":	{
				"start":	0,
				"end":	1.000102,
				"seconds":	1.0001020431518555,
				"bytes":	101360,
				"bits_per_second":	810797.26369169715,
				"packets":	70,
				"omitted":	false,
				"sender":	true
			}
		}, {
			"streams":	[{
					"socket":	7,
					"start":	1.000102,
					"end":	2.000157,
					"seconds":	1.0000549554824829,
					"bytes":	26064,
					"bits_per_second":	208500.54175213006,
					"packets":	18,
					"omitted":	false,
					"sender":	true
				}],
			"sum":	{
				"start":	1.000102,
				"end":	2.000157,
				"seconds":	1.0000549554824829,
				"bytes":	26064,
				"bits_per_second":	208500.54175213006,
				"packets":	18,
				"omitted":	false,
				"sender":	true
			}
		}, {
			"streams":	[{
					"socket":	7,
					"start":	2.000157,
					"end":	3.000081,
					"seconds":	0.99992400407791138,
					"bytes":	23168,
					"bits_per_second":	185358.086458697,
					"packets":	16,
					"omitted":	false,
					"sender":	true
				}],
			"sum":	{
				"start":	2.000157,
				"end":	3.000081,
				"seconds":	0.99992400407791138,
				"bytes":	23168,
				"bits_per_second":	185358.086458697,
				"packets":	16,
				"omitted":	false,
				"sender":	true
			}
		}, {
			"streams":	[{
					"socket":	7,
					"start":	3.000081,
					"end":	4.000092,
					"seconds":	1.0000109672546387,
					"bytes":	18824,
					"bits_per_second":	150590.34843730257,
					"packets":	13,
					"omitted":	false,
					"sender":	true
				}],
			"sum":	{
				"start":	3.000081,
				"end":	4.000092,
				"seconds":	1.0000109672546387,
				"bytes":	18824,
				"bits_per_second":	150590.34843730257,
				"packets":	13,
				"omitted":	false,
				"sender":	true
			}
		}, {
			"streams":	[{
					"socket":	7,
					"start":	4.000092,
					"end":	5.000079,
					"seconds":	0.999987006187439,
					"bytes":	26064,
					"bits_per_second":	208514.70940105018,
					"packets":	18,
					"omitted":	false,
					"sender":	true
				}],
			"sum":	{
				"start":	4.000092,
				"end":	5.000079,
				"seconds":	0.999987006187439,
				"bytes":	26064,
				"bits_per_second":	208514.70940105018,
				"packets":	18,
				"omitted":	false,
				"sender":	true
			}
		}, {
			"streams":	[{
					"socket":	7,
					"start":	5.000079,
					"end":	6.000126,
					"seconds":	1.000046968460083,
					"bytes":	21720,
					"bits_per_second":	173751.83914367884,
					"packets":	15,
					"omitted":	false,
					"sender":	true
				}],
			"sum":	{
				"start":	5.000079,
				"end":	6.000126,
				"seconds":	1.000046968460083,
				"bytes":	21720,
				"bits_per_second":	173751.83914367884,
				"packets":	15,
				"omitted":	false,
				"sender":	true
			}
		}, {
			"streams":	[{
					"socket":	7,
					"start":	6.000126,
					"end":	7.000079,
					"seconds":	0.99995297193527222,
					"bytes":	20272,
					"bits_per_second":	162183.62718211691,
					"packets":	14,
					"omitted":	false,
					"sender":	true
				}],
			"sum":	{
				"start":	6.000126,
				"end":	7.000079,
				"seconds":	0.99995297193527222,
				"bytes":	20272,
				"bits_per_second":	162183.62718211691,
				"packets":	14,
				"omitted":	false,
				"sender":	true
			}
		}, {
			"streams":	[{
					"socket":	7,
					"start":	7.000079,
					"end":	8.000089,
					"seconds":	1.0000100135803223,
					"bytes":	26064,
					"bits_per_second":	208509.91206924751,
					"packets":	18,
					"omitted":	false,
					"sender":	true
				}],
			"sum":	{
				"start":	7.000079,
				"end":	8.000089,
				"seconds":	1.0000100135803223,
				"bytes":	26064,
				"bits_per_second":	208509.91206924751,
				"packets":	18,
				"omitted":	false,
				"sender":	true
			}
		}, {
			"streams":	[{
					"socket":	7,
					"start":	8.000089,
					"end":	9.000199,
					"seconds":	1.0001100301742554,
					"bytes":	20272,
					"bits_per_second":	162158.15770965029,
					"packets":	14,
					"omitted":	false,
					"sender":	true
				}],
			"sum":	{
				"start":	8.000089,
				"end":	9.000199,
				"seconds":	1.0001100301742554,
				"bytes":	20272,
				"bits_per_second":	162158.15770965029,
				"packets":	14,
				"omitted":	false,
				"sender":	true
			}
		}, {
			"streams":	[{
					"socket":	7,
					"start":	9.000199,
					"end":	10.000072,
					"seconds":	0.99987298250198364,
					"bytes":	21720,
					"bits_per_second":	173782.0733641588,
					"packets":	15,
					"omitted":	false,
					"sender":	true
				}],
			"sum":	{
				"start":	9.000199,
				"end":	10.000072,
				"seconds":	0.99987298250198364,
				"bytes":	21720,
				"bits_per_second":	173782.0733641588,
				"packets":	15,
				"omitted":	false,
				"sender":	true
			}
		}, {
			"streams":	[{
					"socket":	7,
					"start":	10.000072,
					"end":	11.00011,
					"seconds":	1.0000380277633667,
					"bytes":	26064,
					"bits_per_second":	208504.07105652487,
					"packets":	18,
					"omitted":	false,
					"sender":	true
				}],
			"sum":	{
				"start":	10.000072,
				"end":	11.00011,
				"seconds":	1.0000380277633667,
				"bytes":	26064,
				"bits_per_second":	208504.07105652487,
				"packets":	18,
				"omitted":	false,
				"sender":	true
			}
		}, {
			"streams":	[{
					"socket":	7,
					"start":	11.00011,
					"end":	12.000064,
					"seconds":	0.9999539852142334,
					"bytes":	18824,
					"bits_per_second":	150598.92977749038,
					"packets":	13,
					"omitted":	false,
					"sender":	true
				}],
			"sum":	{
				"start":	11.00011,
				"end":	12.000064,
				"seconds":	0.9999539852142334,
				"bytes":	18824,
				"bits_per_second":	150598.92977749038,
				"packets":	13,
				"omitted":	false,
				"sender":	true
			}
		}, {
			"streams":	[{
					"socket":	7,
					"start":	12.000064,
					"end":	13.000111,
					"seconds":	1.000046968460083,
					"bytes":	23168,
					"bits_per_second":	185335.29508659075,
					"packets":	16,
					"omitted":	false,
					"sender":	true
				}],
			"sum":	{
				"start":	12.000064,
				"end":	13.000111,
				"seconds":	1.000046968460083,
				"bytes":	23168,
				"bits_per_second":	185335.29508659075,
				"packets":	16,
				"omitted":	false,
				"sender":	true
			}
		}, {
			"streams":	[{
					"socket":	7,
					"start":	13.000111,
					"end":	14.000123,
					"seconds":	1.0000120401382446,
					"bytes":	26064,
					"bits_per_second":	208509.4895169209,
					"packets":	18,
					"omitted":	false,
					"sender":	true
				}],
			"sum":	{
				"start":	13.000111,
				"end":	14.000123,
				"seconds":	1.0000120401382446,
				"bytes":	26064,
				"bits_per_second":	208509.4895169209,
				"packets":	18,
				"omitted":	false,
				"sender":	true
			}
		}, {
			"streams":	[{
					"socket":	7,
					"start":	14.000123,
					"end":	15.000111,
					"seconds":	0.99998801946640015,
					"bytes":	17376,
					"bits_per_second":	139009.66540996716,
					"packets":	12,
					"omitted":	false,
					"sender":	true
				}],
			"sum":	{
				"start":	14.000123,
				"end":	15.000111,
				"seconds":	0.99998801946640015,
				"bytes":	17376,
				"bits_per_second":	139009.66540996716,
				"packets":	12,
				"omitted":	false,