{
	"start":	{
		"connected":	[{
				"socket":	7,
				"local_host":	"192.168.42.6",
				"local_port":	59723,
				"remote_host":	"192.168.42.1",
				"remote_port":	5205
			}],
		"version":	"iperf 3.7",
		"system_info":	"Linux rathan-VirtualBox 5.4.0-177-generic #197-Ubuntu SMP Thu Mar 28 22:45:47 UTC 2024 x86_64",
		"timestamp":	{
			"time":	"Wed, 06 Nov 2024 09:28:18 GMT",
			"timesecs":	1730885298
		},
		"connecting_to":	{
			"host":	"192.168.42.1",
			"port":	5205
		},
		"cookie":	"mdys67paq7mh7nu5u36pqkcekxkbnvmg5y7g",
		"sock_bufsize":	0,
		"sndbuf_actual":	212992,
		"rcvbuf_actual":	212992,
		"test_start":	{
			"protocol":	"UDP",
			"num_streams":	1,
			"blksize":	1448,
			"omit":	0,
			"duration":	30,
			"bytes":	0,
			"blocks":	0,
			"reverse":	0,
			"tos":	0
		}
	},
	"intervals":	[{
			"streams":	[{
					"socket":	7,
					"start":	0,
					"end":	1.000112,
					"seconds":	1.0001120567321777,
					"bytes":	123080,
					"bits_per_second":	984529.67682168342,
					"packets":	85,
					"omitted":	false,
					"sender":	true
				}],
			"sum":	{
				"start":	0,
				"end":	1.000112,
				"seconds":	1.0001120567321777,
				"bytes":	123080,
				"bits_per_second":	984529.67682168342,
				"packets":	85,
				"omitted":	false,
				"sender":	true
			}
		}, {
			"streams":	[{
					"socket":	7,
					"start":	1.000112,
					"end":	2.000063,
					"seconds":	0.99995100498199463,
					"bytes":	18824,
					"bits_per_second":	150599.37861926705,
					"packets":	13,
					"omitted":	false,
					"sender":	true
				}],
			"sum":	{
				"start":	1.000112,
				"end":	2.000063,
				"seconds":	0.99995100498199463,
				"bytes":	18824,
				"bits_per_second":	150599.37861926705,
				"packets":	13,
				"omitted":	false,
				"sender":	true
			}
		}, {
			"streams":	[{
					"socket":	7,
					"start":	2.000063,
					"end":	3.000081,
					"seconds":	1.0000180006027222,
					"bytes":	18824,
					"bits_per_second":	150589.28930202906,
					"packets":	13,
					"omitted":	false,
					"sender":	true
				}],
			"sum":	{
				"start":	2.000063,
				"end":	3.000081,
				"seconds":	1.0000180006027222,
				"bytes":	18824,
				"bits_per_second":	150589.28930202906,
				"packets":	13,
				"omitted":	false,
				"sender":	true
			}
		}, {
			"streams":	[{
					"socket":	7,
					"start":	3.000081,
					"end":	4.000105,
					"seconds":	1.0000239610671997,
					"bytes":	28960,
					"bits_per_second":	231674.44883296307,
					"packets":	20,
					"omitted":	false,
					"sender":	true
				}],
			"sum":	{
				"start":	3.000081,
				"end":	4.000105,
				"seconds":	1.0000239610671997,
				"bytes":	28960,
				"bits_per_second":	231674.44883296307,
				"packets":	20,
				"omitted":	false,
				"sender":	true
			}
		}, {
			"streams":	[{
					"socket":	7,
					"start":	4.000105,
					"end":	5.000141,
					"seconds":	1.0000360012054443,
					"bytes":	20272,
					"bits_per_second":	162170.16167869247,
					"packets":	14,
					"omitted":	false,
					"sender":	true
				}],
			"sum":	{
				"start":	4.000105,
				"end":	5.000141,
				"seconds":	1.0000360012054443,
				"bytes":	20272,
				"bits_per_second":	162170.16167869247,
				"packets":	14,
				"omitted":	false,
				"sender":	true
			}
		}, {
			"streams":	[{
					"socket":	7,
					"start":	5.000141,
					"end":	6.000116,
					"seconds":	0.99997502565383911,
					"bytes":	17376,
					"bits_per_second":	139011.47172061508,
					"packets":	12,
					"omitted":	false,
					"sender":	true
				}],
			"sum":	{
				"start":	5.000141,
				"end":	6.000116,
				"seconds":	0.99997502565383911,
				"bytes":	17376,
				"bits_per_second":	139011.47172061508,
				"packets":	12,
				"omitted":	false,
				"sender":	true
			}
		}, {
			"streams":	[{
					"socket":	7,
					"start":	6.000116,
					"end":	7.000074,
					"seconds":	0.99995797872543335,
					"bytes":	27512,
					"bits_per_second":	220105.24910310612,
					"packets":	19,
					"omitted":	false,
					"sender":	true
				}],
			"sum":	{
				"start":	6.000116,
				"end":	7.000074,
				"seconds":	0.99995797872543335,
				"bytes":	27512,
				"bits_per_second":	220105.24910310612,
				"packets":	19,
				"omitted":	false,
				"sender":	true
			}
		}, {
			"streams":	[{
					"socket":	7,
					"start":	7.000074,
					"end":	8.00008,
					"seconds":	1.0000059604644775,
					"bytes":	20272,
					"bits_per_second":	162175.03336147452,
					"packets":	14,
					"omitted":	false,
					"sender":	true
				}],
			"sum":	{
				"start":	7.000074,
				"end":	8.00008,
				"seconds":	1.0000059604644775,
				"bytes":	20272,
				"bits_per_second":	162175.03336147452,
				"packets":	14,
				"omitted":	false,
				"sender":	true
			}
		}, {
			"streams":	[{
					"socket":	7,
					"start":	8.00008,
					"end":	9.000058,
					"seconds":	0.99997800588607788,
					"bytes":	18824,
					"bits_per_second":	150595.31221045289,
					"packets":	13,
					"omitted":	false,
					"sender":	true
				}],
			"sum":	{
				"start":	8.00008,
				"end":	9.000058,
				"seconds":	0.99997800588607788,
				"bytes":	18824,
				"bits_per_second":	150595.31221045289,
				"packets":	13,
				"omitted":	false,
				"sender":	true
			}
		}, {
			"streams":	[{
					"socket":	7,
					"start":	9.000058,
					"end":	10.00008,
					"seconds":	1.0000220537185669,
					"bytes":	26064,
					"bits_per_second":	208507.4016364452,
					"packets":	18,
					"omitted":	false,
					"sender":	true
				}],
			"sum":	{
				"start":	9.000058,
				"end":	10.00008,
				"seconds":	1.0000220537185669,
				"bytes":	26064,
				"bits_per_second":	208507.4016364452,
				"packets":	18,
				"omitted":	false,
				"sender":	true
			}
		}, {
			"streams":	[{
					"socket":	7,
					"start":	10.00008,
					"end":	11.000105,
					"seconds":	1.0000250339508057,
					"bytes":	21720,
					"bits_per_second":	173755.65020960046,
					"packets":	15,
					"omitted":	false,
					"sender":	true
				}],
			"sum":	{
				"start":	10.00008,
				"end":	11.000105,
				"seconds":	1.0000250339508057,
				"bytes":	21720,
				"bits_per_second":	173755.65020960046,
				"packets":	15,
				"omitted":	false,
				"sender":	true
			}
		}, {
			"streams":	[{
					"socket":	7,
					"start":	11.000105,
					"end":	12.000098,
					"seconds":	0.99999302625656128,
					"bytes":	1156952,
					"bits_per_second":	9255680.5467414837,
					"packets":	799,
					"omitted":	false,
					"sender":	true
				}],
			"sum":	{
				"start":	11.000105,
				"end":	12.000098,
				"seconds":	0.99999302625656128,
				"bytes":	1156952,
				"bits_per_second":	9255680.5467414837,
				"packets":	799,
				"omitted":	false,
				"sender":	true
			}
		}, {
			"streams":	[{
					"socket":	7,
					"start":	12.000098,
					"end":	13.000118,
					"seconds":	1.0000200271606445,
					"bytes":	0,
					"bits_per_second":	0,
					"packets":	0,
					"omitted":	false,
					"sender":	true
				}],
			"sum":	{
				"start":	12.000098,
				"end":	13.000118,
				"seconds":	1.0000200271606445,
				"bytes":	0,
				"bits_per_second":	0,
				"packets":	0,
				"omitted":	false,
				"sender":	true
			}
		}, {
			"streams":	[{
					"socket":	7,
					"start":	13.000118,
					"end":	14.000069,
					"seconds":	0.99995100498199463,
					"bytes":	0,
					"bits_per_second":	0,
					"packets":	0,
					"omitted":	false,
					"sender":	true
				}],
			"sum":	{
				"start":	13.000118,
				"end":	14.000069,
				"seconds":	0.99995100498199463,
				"bytes":	0,
				"bits_per_second":	0,
				"packets":	0,
				"omitted":	false,
				"sender":	true
			}
		}, {
			"streams":	[{
					"socket":	7,
					"start":	14.000069,
					"end":	15.000016,
					"seconds":	0.99994701147079468,
					"bytes":	68056,
					"bits_per_second":	544476.85102752224,
					"packets":	47,
					"omitted":	false,
					"sender":	true
				}],
			"sum":	{
				"start":	14.000069,
				"end":	15.000016,
				"seconds":	0.99994701147079468,
				"bytes":	68056,
				"bits_per_second":	544476.85102752224,
				"packets":	47,
				"omitted":	false,
				"sender":	true
			}
		}, {
			"streams":	[{
					"socket":	7,
					"start":	15.000016,
					"end":	16.000081,