{
	"start":	{
		"connected":	[{
				"socket":	7,
				"local_host":	"192.168.42.7",
				"local_port":	57718,
				"remote_host":	"192.168.42.1",
				"remote_port":	5206
			}],
		"version":	"iperf 3.7",
		"system_info":	"Linux rathan-VirtualBox 5.4.0-177-generic #197-Ubuntu SMP Thu Mar 28 22:45:47 UTC 2024 x86_64",
		"timestamp":	{
			"time":	"Wed, 06 Nov 2024 09:28:18 GMT",
			"timesecs":	1730885298
		},
		"connecting_to":	{
			"host":	"192.168.42.1",
			"port":	5206
		},
		"cookie":	"shefgwncleer54zag54nkba6p3ojkrpllrmp",
		"sock_bufsize":	0,
		"sndbuf_actual":	212992,
		"rcvbuf_actual":	212992,
		"test_start":	{
			"protocol":	"UDP",
			"num_streams":	1,
			"blksize":	1448,
			"omit":	0,
			"duration":	30,
			"bytes":	0,
			"blocks":	0,
			"reverse":	0,
			"tos":	0
		}
	},
	"intervals":	[{
			"streams":	[{
					"socket":	7,
					"start":	0,
					"end":	1.000073,
					"seconds":	1.0000729560852051,
					"bytes":	123080,
					"bits_per_second":	984568.16976071673,
					"packets":	85,
					"omitted":	false,
					"sender":	true
				}],
			"sum":	{
				"start":	0,
				"end":	1.000073,
				"seconds":	1.0000729560852051,
				"bytes":	123080,
				"bits_per_second":	984568.16976071673,
				"packets":	85,
				"omitted":	false,
				"sender":	true
			}
		}, {
			"streams":	[{
					"socket":	7,
					"start":	1.000073,
					"end":	2.000097,
					"seconds":	1.0000239610671997,
					"bytes":	18824,
					"bits_per_second":	150588.391741426,
					"packets":	13,
					"omitted":	false,
					"sender":	true
				}],
			"sum":	{
				"start":	1.000073,
				"end":	2.000097,
				"seconds":	1.0000239610671997,
				"bytes":	18824,
				"bits_per_second":	150588.391741426,
				"packets":	13,
				"omitted":	false,
				"sender":	true
			}
		}, {
			"streams":	[{
					"socket":	7,
					"start":	2.000097,
					"end":	3.000078,
					"seconds":	0.99998098611831665,
					"bytes":	18824,
					"bits_per_second":	150594.86339291467,
					"packets":	13,
					"omitted":	false,
					"sender":	true
				}],
			"sum":	{
				"start":	2.000097,
				"end":	3.000078,
				"seconds":	0.99998098611831665,
				"bytes":	18824,
				"bits_per_second":	150594.86339291467,
				"packets":	13,
				"omitted":	false,
				"sender":	true
			}
		}, {
			"streams":	[{
					"socket":	7,
					"start":	3.000078,
					"end":	4.000129,
					"seconds":	1.0000510215759277,
					"bytes":	28960,
					"bits_per_second":	231668.17992436796,
					"packets":	20,
					"omitted":	false,
					"sender":	true
				}],
			"sum":	{
				"start":	3.000078,
				"end":	4.000129,
				"seconds":	1.0000510215759277,
				"bytes":	28960,
				"bits_per_second":	231668.17992436796,
				"packets":	20,
				"omitted":	false,
				"sender":	true
			}
		}, {
			"streams":	[{
					"socket":	7,
					"start":	4.000129,
					"end":	5.000131,
					"seconds":	1.0000020265579224,
					"bytes":	20272,
					"bits_per_second":	162175.67134160842,
					"packets":	14,
					"omitted":	false,
					"sender":	true
				}],
			"sum":	{
				"start":	4.000129,
				"end":	5.000131,
				"seconds":	1.0000020265579224,
				"bytes":	20272,
				"bits_per_second":	162175.67134160842,
				"packets":	14,
				"omitted":	false,
				"sender":	true
			}
		}, {
			"streams":	[{
					"socket":	7,
					"start":	5.000131,
					"end":	6.000146,
					"seconds":	1.0000150203704834,
					"bytes":	17376,
					"bits_per_second":	139005.91207970117,
					"packets":	12,
					"omitted":	false,
					"sender":	true
				}],
			"sum":	{
				"start":	5.000131,
				"end":	6.000146,
				"seconds":	1.0000150203704834,
				"bytes":	17376,
				"bits_per_second":	139005.91207970117,
				"packets":	12,
				"omitted":	false,
				"sender":	true
			}
		}, {
			"streams":	[{
					"socket":	7,
					"start":	6.000146,
					"end":	7.00011,
					"seconds":	0.99996399879455566,
					"bytes":	27512,
					"bits_per_second":	220103.92400658727,
					"packets":	19,
					"omitted":	false,
					"sender":	true
				}],
			"sum":	{
				"start":	6.000146,
				"end":	7.00011,
				"seconds":	0.99996399879455566,
				"bytes":	27512,
				"bits_per_second":	220103.92400658727,
				"packets":	19,
				"omitted":	false,
				"sender":	true
			}
		}, {
			"streams":	[{
					"socket":	7,
					"start":	7.00011,
					"end":	8.000063,
					"seconds":	0.99995297193527222,
					"bytes":	20272,
					"bits_per_second":	162183.62718211691,
					"packets":	14,
					"omitted":	false,
					"sender":	true
				}],
			"sum":	{
				"start":	7.00011,
				"end":	8.000063,
				"seconds":	0.99995297193527222,
				"bytes":	20272,
				"bits_per_second":	162183.62718211691,
				"packets":	14,
				"omitted":	false,
				"sender":	true
			}
		}, {
			"streams":	[{
					"socket":	7,
					"start":	8.000063,
					"end":	9.00011,
					"seconds":	1.000046968460083,
					"bytes":	18824,
					"bits_per_second":	150584.927257855,
					"packets":	13,
					"omitted":	false,
					"sender":	true
				}],
			"sum":	{
				"start":	8.000063,
				"end":	9.00011,
				"seconds":	1.000046968460083,
				"bytes":	18824,
				"bits_per_second":	150584.927257855,
				"packets":	13,
				"omitted":	false,
				"sender":	true
			}
		}, {
			"streams":	[{
					"socket":	7,
					"start":	9.00011,
					"end":	10.000077,
					"seconds":	0.99996697902679443,
					"bytes":	26064,
					"bits_per_second":	208518.88549653083,
					"packets":	18,
					"omitted":	false,
					"sender":	true
				}],
			"sum":	{
				"start":	9.00011,
				"end":	10.000077,
				"seconds":	0.99996697902679443,
				"bytes":	26064,
				"bits_per_second":	208518.88549653083,
				"packets":	18,
				"omitted":	false,
				"sender":	true
			}
		}, {
			"streams":	[{
					"socket":	7,
					"start":	10.000077,
					"end":	11.000088,
					"seconds":	1.0000109672546387,
					"bytes":	21720,
					"bits_per_second":	173758.09435073374,
					"packets":	15,
					"omitted":	false,
					"sender":	true
				}],
			"sum":	{
				"start":	10.000077,
				"end":	11.000088,
				"seconds":	1.0000109672546387,
				"bytes":	21720,
				"bits_per_second":	173758.09435073374,
				"packets":	15,
				"omitted":	false,
				"sender":	true
			}
		}, {
			"streams":	[{
					"socket":	7,
					"start":	11.000088,
					"end":	12.000131,
					"seconds":	1.0000430345535278,
					"bytes":	18824,
					"bits_per_second":	150585.51961939543,
					"packets":	13,
					"omitted":	false,
					"sender":	true
				}],
			"sum":	{
				"start":	11.000088,
				"end":	12.000131,
				"seconds":	1.0000430345535278,
				"bytes":	18824,
				"bits_per_second":	150585.51961939543,
				"packets":	13,
				"omitted":	false,
				"sender":	true
			}
		}, {
			"streams":	[{
					"socket":	7,
					"start":	12.000131,
					"end":	13.000129,
					"seconds":	0.99999797344207764,
					"bytes":	26064,
					"bits_per_second":	208512.42256250186,
					"packets":	18,
					"omitted":	false,
					"sender":	true
				}],
			"sum":	{
				"start":	12.000131,
				"end":	13.000129,
				"seconds":	0.99999797344207764,
				"bytes":	26064,
				"bits_per_second":	208512.42256250186,
				"packets":	18,
				"omitted":	false,
				"sender":	true
			}
		}, {
			"streams":	[{
					"socket":	7,
					"start":	13.000129,
					"end":	14.00016,
					"seconds":	1.0000309944152832,
					"bytes":	23168,
					"bits_per_second":	185338.25554913963,
					"packets":	16,
					"omitted":	false,
					"sender":	true
				}],
			"sum":	{
				"start":	13.000129,
				"end":	14.00016,
				"seconds":	1.0000309944152832,
				"bytes":	23168,
				"bits_per_second":	185338.25554913963,
				"packets":	16,
				"omitted":	false,
				"sender":	true
			}
		}, {
			"streams":	[{
					"socket":	7,
					"start":	14.00016,
					"end":	15.00009,
					"seconds":	0.99993002414703369,
					"bytes":	17376,
					"bits_per_second":	139017.72788408614,
					"packets":	12,
					"omitted":	false,
					"sender":	true
				}],
			"sum":	{
				"start":	14.00016,
				"end":	15.00009,
				"seconds":	0.99993002414703369,
				"bytes":	17376,
				"bits_per_second":	139017.72788408614,
				"packets":	12,
				"omitted":	false,