{
	"start":	{
		"connected":	[{
				"socket":	7,
				"local_host":	"192.168.42.8",
				"local_port":	43022,
				"remote_host":	"192.168.42.1",
				"remote_port":	5207
			}],
		"version":	"iperf 3.7",
		"system_info":	"Linux rathan-VirtualBox 5.4.0-177-generic #197-Ubuntu SMP Thu Mar 28 22:45:47 UTC 2024 x86_64",
		"timestamp":	{
			"time":	"Wed, 06 Nov 2024 09:28:18 GMT",
			"timesecs":	1730885298
		},
		"connecting_to":	{
			"host":	"192.168.42.1",
			"port":	5207
		},
		"cookie":	"paklauq66gjteopfcdawk6ga4pfnnytqohje",
		"sock_bufsize":	0,
		"sndbuf_actual":	212992,
		"rcvbuf_actual":	212992,
		"test_start":	{
			"protocol":	"UDP",
			"num_streams":	1,
			"blksize":	1448,
			"omit":	0,
			"duration":	30,
			"bytes":	0,
			"blocks":	0,
			"reverse":	0,
			"tos":	0
		}
	},
	"intervals":	[{
			"streams":	[{
					"socket":	7,
					"start":	0,
					"end":	1.000084,
					"seconds":	1.0000840425491333,
					"bytes":	102808,
					"bits_per_second":	822394.88383756811,
					"packets":	71,
					"omitted":	false,
					"sender":	true
				}],
			"sum":	{
				"start":	0,
				"end":	1.000084,
				"seconds":	1.0000840425491333,
				"bytes":	102808,
				"bits_per_second":	822394.88383756811,
				"packets":	71,
				"omitted":	false,
				"sender":	true
			}
		}, {
			"streams":	[{
					"socket":	7,
					"start":	1.000084,
					"end":	2.000063,
					"seconds":	0.99997901916503906,
					"bytes":	28960,
					"bits_per_second":	231684.86094183038,
					"packets":	20,
					"omitted":	false,
					"sender":	true
				}],
			"sum":	{
				"start":	1.000084,
				"end":	2.000063,
				"seconds":	0.99997901916503906,
				"bytes":	28960,
				"bits_per_second":	231684.86094183038,
				"packets":	20,
				"omitted":	false,
				"sender":	true
			}
		}, {
			"streams":	[{
					"socket":	7,
					"start":	2.000063,
					"end":	3.000048,
					"seconds":	0.9999849796295166,
					"bytes":	21720,
					"bits_per_second":	173762.60997877805,
					"packets":	15,
					"omitted":	false,
					"sender":	true
				}],
			"sum":	{
				"start":	2.000063,
				"end":	3.000048,
				"seconds":	0.9999849796295166,
				"bytes":	21720,
				"bits_per_second":	173762.60997877805,
				"packets":	15,
				"omitted":	false,
				"sender":	true
			}
		}, {
			"streams":	[{
					"socket":	7,
					"start":	3.000048,
					"end":	4.000113,
					"seconds":	1.0000649690628052,
					"bytes":	10136,
					"bits_per_second":	81082.732130883771,
					"packets":	7,
					"omitted":	false,
					"sender":	true
				}],
			"sum":	{
				"start":	3.000048,
				"end":	4.000113,
				"seconds":	1.0000649690628052,
				"bytes":	10136,
				"bits_per_second":	81082.732130883771,
				"packets":	7,
				"omitted":	false,
				"sender":	true
			}
		}, {
			"streams":	[{
					"socket":	7,
					"start":	4.000113,
					"end":	5.000085,
					"seconds":	0.99997198581695557,
					"bytes":	36200,
					"bits_per_second":	289608.11313469248,
					"packets":	25,
					"omitted":	false,
					"sender":	true
				}],
			"sum":	{
				"start":	4.000113,
				"end":	5.000085,
				"seconds":	0.99997198581695557,
				"bytes":	36200,
				"bits_per_second":	289608.11313469248,
				"packets":	25,
				"omitted":	false,
				"sender":	true
			}
		}, {
			"streams":	[{
					"socket":	7,
					"start":	5.000085,
					"end":	6.000082,
					"seconds":	0.99999701976776123,
					"bytes":	20272,
					"bits_per_second":	162176.48332358396,
					"packets":	14,
					"omitted":	false,
					"sender":	true
				}],
			"sum":	{
				"start":	5.000085,
				"end":	6.000082,
				"seconds":	0.99999701976776123,
				"bytes":	20272,
				"bits_per_second":	162176.48332358396,
				"packets":	14,
				"omitted":	false,
				"sender":	true
			}
		}, {
			"streams":	[{
					"socket":	7,
					"start":	6.000082,
					"end":	7.000082,
					"seconds":	1,
					"bytes":	10136,
					"bits_per_second":	81088,
					"packets":	7,
					"omitted":	false,
					"sender":	true
				}],
			"sum":	{
				"start":	6.000082,
				"end":	7.000082,
				"seconds":	1,
				"bytes":	10136,
				"bits_per_second":	81088,
				"packets":	7,
				"omitted":	false,
				"sender":	true
			}
		}, {
			"streams":	[{
					"socket":	7,
					"start":	7.000082,
					"end":	8.000099,
					"seconds":	1.0000170469284058,
					"bytes":	37648,
					"bits_per_second":	301178.86582543695,
					"packets":	26,
					"omitted":	false,
					"sender":	true
				}],
			"sum":	{
				"start":	7.000082,
				"end":	8.000099,
				"seconds":	1.0000170469284058,
				"bytes":	37648,
				"bits_per_second":	301178.86582543695,
				"packets":	26,
				"omitted":	false,
				"sender":	true
			}
		}, {
			"streams":	[{
					"socket":	7,
					"start":	8.000099,
					"end":	9.000074,
					"seconds":	0.99997502565383911,
					"bytes":	18824,
					"bits_per_second":	150595.76103066636,
					"packets":	13,
					"omitted":	false,
					"sender":	true
				}],
			"sum":	{
				"start":	8.000099,
				"end":	9.000074,
				"seconds":	0.99997502565383911,
				"bytes":	18824,
				"bits_per_second":	150595.76103066636,
				"packets":	13,
				"omitted":	false,
				"sender":	true
			}
		}, {
			"streams":	[{
					"socket":	7,
					"start":	9.000074,
					"end":	10.000086,
					"seconds":	1.0000120401382446,
					"bytes":	11584,
					"bits_per_second":	92670.884229742616,
					"packets":	8,
					"omitted":	false,
					"sender":	true
				}],
			"sum":	{
				"start":	9.000074,
				"end":	10.000086,
				"seconds":	1.0000120401382446,
				"bytes":	11584,
				"bits_per_second":	92670.884229742616,
				"packets":	8,
				"omitted":	false,
				"sender":	true
			}
		}, {
			"streams":	[{
					"socket":	7,
					"start":	10.000086,
					"end":	11.000073,
					"seconds":	0.999987006187439,
					"bytes":	36200,
					"bits_per_second":	289603.76305701415,
					"packets":	25,
					"omitted":	false,
					"sender":	true
				}],
			"sum":	{
				"start":	10.000086,
				"end":	11.000073,
				"seconds":	0.999987006187439,
				"bytes":	36200,
				"bits_per_second":	289603.76305701415,
				"packets":	25,
				"omitted":	false,
				"sender":	true
			}
		}, {
			"streams":	[{
					"socket":	7,
					"start":	11.000073,
					"end":	12.000063,
					"seconds":	0.99998998641967773,
					"bytes":	18824,
					"bits_per_second":	150593.50798018818,
					"packets":	13,
					"omitted":	false,
					"sender":	true
				}],
			"sum":	{
				"start":	11.000073,
				"end":	12.000063,
				"seconds":	0.99998998641967773,
				"bytes":	18824,
				"bits_per_second":	150593.50798018818,
				"packets":	13,
				"omitted":	false,
				"sender":	true
			}
		}, {
			"streams":	[{
					"socket":	7,
					"start":	12.000063,
					"end":	13.000094,
					"seconds":	1.0000309944152832,
					"bytes":	13032,
					"bits_per_second":	104252.76874639106,
					"packets":	9,
					"omitted":	false,
					"sender":	true
				}],
			"sum":	{
				"start":	12.000063,
				"end":	13.000094,
				"seconds":	1.0000309944152832,
				"bytes":	13032,
				"bits_per_second":	104252.76874639106,
				"packets":	9,
				"omitted":	false,
				"sender":	true
			}
		}, {
			"streams":	[{
					"socket":	7,
					"start":	13.000094,
					"end":	14.000065,
					"seconds":	0.99997097253799438,
					"bytes":	36200,
					"bits_per_second":	289608.406597019,
					"packets":	25,
					"omitted":	false,
					"sender":	true
				}],
			"sum":	{
				"start":	13.000094,
				"end":	14.000065,
				"seconds":	0.99997097253799438,
				"bytes":	36200,
				"bits_per_second":	289608.406597019,
				"packets":	25,
				"omitted":	false,
				"sender":	true
			}
		}, {
			"streams":	[{
					"socket":	7,
					"start":	14.000065,
					"end":	15.000055,
					"seconds":	0.99998998641967773,
					"bytes":	17376,
					"bits_per_second":	139009.39198171216,
					"packets":	12,
					"omitted":	false,
					"sender":	true
				}],
			"sum":	{
				"start":	14.000065,
				"end":	15.000055,
				"seconds":	0.99998998641967773,
				"bytes":	17376,
				"bits_per_second":	139009.39198171216,
				"packets":	12,
				"omitted":	false,
				"sender":	true
			}
		}, {
			"streams":	[{
					"socket":	7,
					"start":	15.000055,