{
	"start":	{
		"connected":	[{
				"socket":	7,
				"local_host":	"192.168.42.10",
				"local_port":	36330,
				"remote_host":	"192.168.42.1",
				"remote_port":	5209
			}],
		"version":	"iperf 3.7",
		"system_info":	"Linux rathan-VirtualBox 5.4.0-177-generic #197-Ubuntu SMP Thu Mar 28 22:45:47 UTC 2024 x86_64",
		"timestamp":	{
			"time":	"Wed, 06 Nov 2024 09:28:18 GMT",
			"timesecs":	1730885298
		},
		"connecting_to":	{
			"host":	"192.168.42.1",
			"port":	5209
		},
		"cookie":	"6rgrqpxjzbbzcvexkbyih7fvgsq2gnwbzi7t",
		"sock_bufsize":	0,
		"sndbuf_actual":	212992,
		"rcvbuf_actual":	212992,
		"test_start":	{
			"protocol":	"UDP",
			"num_streams":	1,
			"blksize":	1448,
			"omit":	0,
			"duration":	30,
			"bytes":	0,
			"blocks":	0,
			"reverse":	0,
			"tos":	0
		}
	},
	"intervals":	[{
			"streams":	[{
					"socket":	7,
					"start":	0,
					"end":	1.000044,
					"seconds":	1.0000439882278442,
					"bytes":	98464,
					"bits_per_second":	787677.3514691958,
					"packets":	68,
					"omitted":	false,
					"sender":	true
				}],
			"sum":	{
				"start":	0,
				"end":	1.000044,
				"seconds":	1.0000439882278442,
				"bytes":	98464,
				"bits_per_second":	787677.3514691958,
				"packets":	68,
				"omitted":	false,
				"sender":	true
			}
		}, {
			"streams":	[{
					"socket":	7,
					"start":	1.000044,
					"end":	2.000083,
					"seconds":	1.0000389814376831,
					"bytes":	31856,
					"bits_per_second":	254838.06604580916,
					"packets":	22,
					"omitted":	false,
					"sender":	true
				}],
			"sum":	{
				"start":	1.000044,
				"end":	2.000083,
				"seconds":	1.0000389814376831,
				"bytes":	31856,
				"bits_per_second":	254838.06604580916,
				"packets":	22,
				"omitted":	false,
				"sender":	true
			}
		}, {
			"streams":	[{
					"socket":	7,
					"start":	2.000083,
					"end":	3.00011,
					"seconds":	1.0000269412994385,
					"bytes":	21720,
					"bits_per_second":	173755.31880592703,
					"packets":	15,
					"omitted":	false,
					"sender":	true
				}],
			"sum":	{
				"start":	2.000083,
				"end":	3.00011,
				"seconds":	1.0000269412994385,
				"bytes":	21720,
				"bits_per_second":	173755.31880592703,
				"packets":	15,
				"omitted":	false,
				"sender":	true
			}
		}, {
			"streams":	[{
					"socket":	7,
					"start":	3.00011,
					"end":	4.000086,
					"seconds":	0.99997597932815552,
					"bytes":	14480,
					"bits_per_second":	115842.7826214669,
					"packets":	10,
					"omitted":	false,
					"sender":	true
				}],
			"sum":	{
				"start":	3.00011,
				"end":	4.000086,
				"seconds":	0.99997597932815552,
				"bytes":	14480,
				"bits_per_second":	115842.7826214669,
				"packets":	10,
				"omitted":	false,
				"sender":	true
			}
		}, {
			"streams":	[{
					"socket":	7,
					"start":	4.000086,
					"end":	5.000094,
					"seconds":	1.0000079870224,
					"bytes":	31856,
					"bits_per_second":	254845.96453957268,
					"packets":	22,
					"omitted":	false,
					"sender":	true
				}],
			"sum":	{
				"start":	4.000086,
				"end":	5.000094,
				"seconds":	1.0000079870224,
				"bytes":	31856,
				"bits_per_second":	254845.96453957268,
				"packets":	22,
				"omitted":	false,
				"sender":	true
			}
		}, {
			"streams":	[{
					"socket":	7,
					"start":	5.000094,
					"end":	6.000156,
					"seconds":	1.0000619888305664,
					"bytes":	20272,
					"bits_per_second":	162165.94752255539,
					"packets":	14,
					"omitted":	false,
					"sender":	true
				}],
			"sum":	{
				"start":	5.000094,
				"end":	6.000156,
				"seconds":	1.0000619888305664,
				"bytes":	20272,
				"bits_per_second":	162165.94752255539,
				"packets":	14,
				"omitted":	false,
				"sender":	true
			}
		}, {
			"streams":	[{
					"socket":	7,
					"start":	6.000156,
					"end":	7.000094,
					"seconds":	0.99993801116943359,
					"bytes":	15928,
					"bits_per_second":	127431.89935441784,
					"packets":	11,
					"omitted":	false,
					"sender":	true
				}],
			"sum":	{
				"start":	6.000156,
				"end":	7.000094,
				"seconds":	0.99993801116943359,
				"bytes":	15928,
				"bits_per_second":	127431.89935441784,
				"packets":	11,
				"omitted":	false,
				"sender":	true
			}
		}, {
			"streams":	[{
					"socket":	7,
					"start":	7.000094,
					"end":	8.000097,
					"seconds":	1.0000029802322388,
					"bytes":	31856,
					"bits_per_second":	254847.24049603791,
					"packets":	22,
					"omitted":	false,
					"sender":	true
				}],
			"sum":	{
				"start":	7.000094,
				"end":	8.000097,
				"seconds":	1.0000029802322388,
				"bytes":	31856,
				"bits_per_second":	254847.24049603791,
				"packets":	22,
				"omitted":	false,
				"sender":	true
			}
		}, {
			"streams":	[{
					"socket":	7,
					"start":	8.000097,
					"end":	9.003135,
					"seconds":	1.0030380487442017,
					"bytes":	18824,
					"bits_per_second":	150135.87987867498,
					"packets":	13,
					"omitted":	false,
					"sender":	true
				}],
			"sum":	{
				"start":	8.000097,
				"end":	9.003135,
				"seconds":	1.0030380487442017,
				"bytes":	18824,
				"bits_per_second":	150135.87987867498,
				"packets":	13,
				"omitted":	false,
				"sender":	true
			}
		}, {
			"streams":	[{
					"socket":	7,
					"start":	9.003135,
					"end":	10.000091,
					"seconds":	0.9969559907913208,
					"bytes":	17376,
					"bits_per_second":	139432.43361190319,
					"packets":	12,
					"omitted":	false,
					"sender":	true
				}],
			"sum":	{
				"start":	9.003135,
				"end":	10.000091,
				"seconds":	0.9969559907913208,
				"bytes":	17376,
				"bits_per_second":	139432.43361190319,
				"packets":	12,
				"omitted":	false,
				"sender":	true
			}
		}, {
			"streams":	[{
					"socket":	7,
					"start":	10.000091,
					"end":	11.000167,
					"seconds":	1.0000760555267334,
					"bytes":	30408,
					"bits_per_second":	243245.49983538449,
					"packets":	21,
					"omitted":	false,
					"sender":	true
				}],
			"sum":	{
				"start":	10.000091,
				"end":	11.000167,
				"seconds":	1.0000760555267334,
				"bytes":	30408,
				"bits_per_second":	243245.49983538449,
				"packets":	21,
				"omitted":	false,
				"sender":	true
			}
		}, {
			"streams":	[{
					"socket":	7,
					"start":	11.000167,
					"end":	12.000099,
					"seconds":	0.99993199110031128,
					"bytes":	18824,
					"bits_per_second":	150602.242292789,
					"packets":	13,
					"omitted":	false,
					"sender":	true
				}],
			"sum":	{
				"start":	11.000167,
				"end":	12.000099,
				"seconds":	0.99993199110031128,
				"bytes":	18824,
				"bits_per_second":	150602.242292789,
				"packets":	13,
				"omitted":	false,
				"sender":	true
			}
		}, {
			"streams":	[{
					"socket":	7,
					"start":	12.000099,
					"end":	13.000104,
					"seconds":	1.0000050067901611,
					"bytes":	18824,
					"bits_per_second":	150591.24602123105,
					"packets":	13,
					"omitted":	false,
					"sender":	true
				}],
			"sum":	{
				"start":	12.000099,
				"end":	13.000104,
				"seconds":	1.0000050067901611,
				"bytes":	18824,
				"bits_per_second":	150591.24602123105,
				"packets":	13,
				"omitted":	false,
				"sender":	true
			}
		}, {
			"streams":	[{
					"socket":	7,
					"start":	13.000104,
					"end":	14.000099,
					"seconds":	0.99999499320983887,
					"bytes":	30408,
					"bits_per_second":	243265.21797789991,
					"packets":	21,
					"omitted":	false,
					"sender":	true
				}],
			"sum":	{
				"start":	13.000104,
				"end":	14.000099,
				"seconds":	0.99999499320983887,
				"bytes":	30408,
				"bits_per_second":	243265.21797789991,
				"packets":	21,
				"omitted":	false,
				"sender":	true
			}
		}, {
			"streams":	[{
					"socket":	7,
					"start":	14.000099,
					"end":	15.000108,
					"seconds":	1.0000089406967163,
					"bytes":	17376,
					"bits_per_second":	139006.7571827425,
					"packets":	12,
					"omitted":	false,
					"sender":	true
				}],
			"sum":	{
				"start":	14.000099,
				"end":	15.000108,
				"seconds":	1.0000089406967163,
				"bytes":	17376,
				"bits_per_second":	139006.7571827425,
				"packets":	12,
				"omitted":	false,