{
	"start":	{
		"connected":	[{
				"socket":	7,
				"local_host":	"192.168.42.11",
				"local_port":	40996,
				"remote_host":	"192.168.42.1",
				"remote_port":	5210
			}],
		"version":	"iperf 3.7",
		"system_info":	"Linux rathan-VirtualBox 5.4.0-177-generic #197-Ubuntu SMP Thu Mar 28 22:45:47 UTC 2024 x86_64",
		"timestamp":	{
			"time":	"Thu, 07 Nov 2024 08:56:00 GMT",
			"timesecs":	1730969760
		},
		"connecting_to":	{
			"host":	"192.168.42.1",
			"port":	5210
		},
		"cookie":	"vwc6tk4wamb5xz4q72ymc4lgbcdj22pyv7vt",
		"tcp_mss_default":	1448,
		"sock_bufsize":	0,
		"sndbuf_actual":	87380,
		"rcvbuf_actual":	87380,
		"test_start":	{
			"protocol":	"TCP",
			"num_streams":	1,
			"blksize":	131072,
			"omit":	0,
			"duration":	30,
			"bytes":	0,
			"blocks":	0,
			"reverse":	0,
			"tos":	0
		}
	},
	"intervals":	[{
			"streams":	[{
					"socket":	7,
					"start":	0,
					"end":	1.003621,
					"seconds":	1.003620982170105,
					"bytes":	101360,
					"bits_per_second":	807954.41148176685,
					"retransmits":	2,
					"snd_cwnd":	1448,
					"rtt":	42024,
					"rttvar":	64460,
					"pmtu":	1500,
					"omitted":	false,
					"sender":	true
				}],
			"sum":	{
				"start":	0,
				"end":	1.003621,
				"seconds":	1.003620982170105,
				"bytes":	101360,
				"bits_per_second":	807954.41148176685,
				"retransmits":	2,
				"omitted":	false,
				"sender":	true
			}
		}, {
			"streams":	[{
					"socket":	7,
					"start":	1.003621,
					"end":	2.007157,
					"seconds":	1.0035359859466553,
					"bytes":	65160,
					"bits_per_second":	519443.25594688696,
					"retransmits":	2,
					"snd_cwnd":	4344,
					"rtt":	819217,
					"rttvar":	389594,
					"pmtu":	1500,
					"omitted":	false,
					"sender":	true
				}],
			"sum":	{
				"start":	1.003621,
				"end":	2.007157,
				"seconds":	1.0035359859466553,
				"bytes":	65160,
				"bits_per_second":	519443.25594688696,
				"retransmits":	2,
				"omitted":	false,
				"sender":	true
			}
		}, {
			"streams":	[{
					"socket":	7,
					"start":	2.007157,
					"end":	3.001206,
					"seconds":	0.99404901266098022,
					"bytes":	0,
					"bits_per_second":	0,
					"retransmits":	0,
					"snd_cwnd":	20272,
					"rtt":	444602,
					"rttvar":	170107,
					"pmtu":	1500,
					"omitted":	false,
					"sender":	true
				}],
			"sum":	{
				"start":	2.007157,
				"end":	3.001206,
				"seconds":	0.99404901266098022,
				"bytes":	0,
				"bits_per_second":	0,
				"retransmits":	0,
				"omitted":	false,
				"sender":	true
			}
		}, {
			"streams":	[{
					"socket":	7,
					"start":	3.001206,
					"end":	4.002189,
					"seconds":	1.0009829998016357,
					"bytes":	0,
					"bits_per_second":	0,
					"retransmits":	0,
					"snd_cwnd":	20272,
					"rtt":	405446,
					"rttvar":	46137,
					"pmtu":	1500,
					"omitted":	false,
					"sender":	true
				}],
			"sum":	{
				"start":	3.001206,
				"end":	4.002189,
				"seconds":	1.0009829998016357,
				"bytes":	0,
				"bits_per_second":	0,
				"retransmits":	0,
				"omitted":	false,
				"sender":	true
			}
		}, {
			"streams":	[{
					"socket":	7,
					"start":	4.002189,
					"end":	5.002815,
					"seconds":	1.0006259679794312,
					"bytes":	73848,
					"bits_per_second":	590414.41947881179,
					"retransmits":	0,
					"snd_cwnd":	20272,
					"rtt":	386159,
					"rttvar":	24294,
					"pmtu":	1500,
					"omitted":	false,
					"sender":	true
				}],
			"sum":	{
				"start":	4.002189,
				"end":	5.002815,
				"seconds":	1.0006259679794312,
				"bytes":	73848,
				"bits_per_second":	590414.41947881179,
				"retransmits":	0,
				"omitted":	false,
				"sender":	true
			}
		}, {
			"streams":	[{
					"socket":	7,
					"start":	5.002815,
					"end":	6.001448,
					"seconds":	0.99863302707672119,
					"bytes":	0,
					"bits_per_second":	0,
					"retransmits":	0,
					"snd_cwnd":	20272,
					"rtt":	376289,
					"rttvar":	18356,
					"pmtu":	1500,
					"omitted":	false,
					"sender":	true
				}],
			"sum":	{
				"start":	5.002815,
				"end":	6.001448,
				"seconds":	0.99863302707672119,
				"bytes":	0,
				"bits_per_second":	0,
				"retransmits":	0,
				"omitted":	false,
				"sender":	true
			}
		}, {
			"streams":	[{
					"socket":	7,
					"start":	6.001448,
					"end":	7.003184,
					"seconds":	1.001736044883728,
					"bytes":	0,
					"bits_per_second":	0,
					"retransmits":	0,
					"snd_cwnd":	20272,
					"rtt":	371326,
					"rttvar":	16622,
					"pmtu":	1500,
					"omitted":	false,
					"sender":	true
				}],
			"sum":	{
				"start":	6.001448,
				"end":	7.003184,
				"seconds":	1.001736044883728,
				"bytes":	0,
				"bits_per_second":	0,
				"retransmits":	0,
				"omitted":	false,
				"sender":	true
			}
		}, {
			"streams":	[{
					"socket":	7,
					"start":	7.003184,
					"end":	8.002044,
					"seconds":	0.99886000156402588,
					"bytes":	0,
					"bits_per_second":	0,
					"retransmits":	0,
					"snd_cwnd":	20272,
					"rtt":	371709,
					"rttvar":	15059,
					"pmtu":	1500,
					"omitted":	false,
					"sender":	true
				}],
			"sum":	{
				"start":	7.003184,
				"end":	8.002044,
				"seconds":	0.99886000156402588,
				"bytes":	0,
				"bits_per_second":	0,
				"retransmits":	0,
				"omitted":	false,
				"sender":	true
			}
		}, {
			"streams":	[{
					"socket":	7,
					"start":	8.002044,
					"end":	9.004292,
					"seconds":	1.0022480487823486,
					"bytes":	0,
					"bits_per_second":	0,
					"retransmits":	0,
					"snd_cwnd":	20272,
					"rtt":	370399,
					"rttvar":	28072,
					"pmtu":	1500,
					"omitted":	false,
					"sender":	true
				}],
			"sum":	{
				"start":	8.002044,
				"end":	9.004292,
				"seconds":	1.0022480487823486,
				"bytes":	0,
				"bits_per_second":	0,
				"retransmits":	0,
				"omitted":	false,
				"sender":	true
			}
		}, {
			"streams":	[{
					"socket":	7,
					"start":	9.004292,
					"end":	10.003807,
					"seconds":	0.99951499700546265,
					"bytes":	63712,
					"bits_per_second":	509943.32403920335,
					"retransmits":	0,
					"snd_cwnd":	20272,
					"rtt":	366932,
					"rttvar":	15702,
					"pmtu":	1500,
					"omitted":	false,
					"sender":	true
				}],
			"sum":	{
				"start":	9.004292,
				"end":	10.003807,
				"seconds":	0.99951499700546265,
				"bytes":	63712,
				"bits_per_second":	509943.32403920335,
				"retransmits":	0,
				"omitted":	false,
				"sender":	true
			}
		}, {
			"streams":	[{
					"socket":	7,
					"start":	10.003807,
					"end":	11.005998,
					"seconds":	1.0021909475326538,
					"bytes":	0,
					"bits_per_second":	0,
					"retransmits":	1,
					"snd_cwnd":	5792,
					"rtt":	379272,
					"rttvar":	23686,
					"pmtu":	1500,
					"omitted":	false,
					"sender":	true
				}],
			"sum":	{
				"start":	10.003807,
				"end":	11.005998,
				"seconds":	1.0021909475326538,
				"bytes":	0,
				"bits_per_second":	0,
				"retransmits":	1,
				"omitted":	false,
				"sender":	true
			}
		}, {
			"streams":	[{
					"socket":	7,
					"start":	11.005998,
					"end":	12.001148,
					"seconds":	0.99515002965927124,
					"bytes":	0,
					"bits_per_second":	0,
					"retransmits":	0,
					"snd_cwnd":	14480,
					"rtt":	369822,
					"rttvar":	19831,
					"pmtu":	1500,
					"omitted":	false,
					"sender":	true
				}],
			"sum":	{
				"start":	11.005998,
				"end":	12.001148,
				"seconds":	0.99515002965927124,
				"bytes":	0,
				"bits_per_second":	0,
				"retransmits":	0,
				"omitted":	false,
				"sender":	true
			}
		}, {
			"streams":	[{
					"socket":	7,
					"start":	12.001148,
					"end":	13.001338,
					"seconds":	1.0001900196075439,
					"bytes":	0,
					"bits_per_second":	0,
					"retransmits":	0,
					"snd_cwnd":	14480,
					"rtt":	366495,
					"rttvar":	8688,
					"pmtu":	1500,
					"omitted":	false,
					"sender":	true
				}],
			"sum":	{
				"start":	12.001148,
				"end":	13.001338,
				"seconds":	1.0001900196075439,
				"bytes":	0,
				"bits_per_second":	0,
				"retransmits":	0,
				"omitted":	false,
				"sender":	true
			}
		}, {
			"streams":	[{
					"socket":	7,
					"start":	13.001338,
					"end":	14.000131,
					"seconds":	0.99879300594329834,