{
	"start":	{
		"connected":	[{
				"socket":	7,
				"local_host":	"192.168.42.5",
				"local_port":	34846,
				"remote_host":	"192.168.42.1",
				"remote_port":	5204
			}],
		"version":	"iperf 3.7",
		"system_info":	"Linux rathan-VirtualBox 5.4.0-177-generic #197-Ubuntu SMP Thu Mar 28 22:45:47 UTC 2024 x86_64",
		"timestamp":	{
			"time":	"Thu, 07 Nov 2024 08:56:01 GMT",
			"timesecs":	1730969761
		},
		"connecting_to":	{
			"host":	"192.168.42.1",
			"port":	5204
		},
		"cookie":	"e7fr7yswfwp5jkahppfmwo7xuc7rfnjoazk6",
		"tcp_mss_default":	1448,
		"sock_bufsize":	0,
		"sndbuf_actual":	87380,
		"rcvbuf_actual":	87380,
		"test_start":	{
			"protocol":	"TCP",
			"num_streams":	1,
			"blksize":	131072,
			"omit":	0,
			"duration":	30,
			"bytes":	0,
			"blocks":	0,
			"reverse":	0,
			"tos":	0
		}
	},
	"intervals":	[{
			"streams":	[{
					"socket":	7,
					"start":	0,
					"end":	1.003261,
					"seconds":	1.0032609701156616,
					"bytes":	95568,
					"bits_per_second":	762058.94854243065,
					"retransmits":	0,
					"snd_cwnd":	17376,
					"rtt":	291730,
					"rttvar":	111185,
					"pmtu":	1500,
					"omitted":	false,
					"sender":	true
				}],
			"sum":	{
				"start":	0,
				"end":	1.003261,
				"seconds":	1.0032609701156616,
				"bytes":	95568,
				"bits_per_second":	762058.94854243065,
				"retransmits":	0,
				"omitted":	false,
				"sender":	true
			}
		}, {
			"streams":	[{
					"socket":	7,
					"start":	1.003261,
					"end":	2.000853,
					"seconds":	0.99759197235107422,
					"bytes":	43440,
					"bits_per_second":	348358.85776123725,
					"retransmits":	0,
					"snd_cwnd":	20272,
					"rtt":	351705,
					"rttvar":	46177,
					"pmtu":	1500,
					"omitted":	false,
					"sender":	true
				}],
			"sum":	{
				"start":	1.003261,
				"end":	2.000853,
				"seconds":	0.99759197235107422,
				"bytes":	43440,
				"bits_per_second":	348358.85776123725,
				"retransmits":	0,
				"omitted":	false,
				"sender":	true
			}
		}, {
			"streams":	[{
					"socket":	7,
					"start":	2.000853,
					"end":	3.00555,
					"seconds":	1.0046969652175903,
					"bytes":	0,
					"bits_per_second":	0,
					"retransmits":	0,
					"snd_cwnd":	20272,
					"rtt":	359530,
					"rttvar":	20177,
					"pmtu":	1500,
					"omitted":	false,
					"sender":	true
				}],
			"sum":	{
				"start":	2.000853,
				"end":	3.00555,
				"seconds":	1.0046969652175903,
				"bytes":	0,
				"bits_per_second":	0,
				"retransmits":	0,
				"omitted":	false,
				"sender":	true
			}
		}, {
			"streams":	[{
					"socket":	7,
					"start":	3.00555,
					"end":	4.001151,
					"seconds":	0.99560099840164185,
					"bytes":	0,
					"bits_per_second":	0,
					"retransmits":	0,
					"snd_cwnd":	20272,
					"rtt":	362590,
					"rttvar":	8770,
					"pmtu":	1500,
					"omitted":	false,
					"sender":	true
				}],
			"sum":	{
				"start":	3.00555,
				"end":	4.001151,
				"seconds":	0.99560099840164185,
				"bytes":	0,
				"bits_per_second":	0,
				"retransmits":	0,
				"omitted":	false,
				"sender":	true
			}
		}, {
			"streams":	[{
					"socket":	7,
					"start":	4.001151,
					"end":	5.002396,
					"seconds":	1.0012450218200684,
					"bytes":	43440,
					"bits_per_second":	347087.86803082062,
					"retransmits":	0,
					"snd_cwnd":	20272,
					"rtt":	365645,
					"rttvar":	21000,
					"pmtu":	1500,
					"omitted":	false,
					"sender":	true
				}],
			"sum":	{
				"start":	4.001151,
				"end":	5.002396,
				"seconds":	1.0012450218200684,
				"bytes":	43440,
				"bits_per_second":	347087.86803082062,
				"retransmits":	0,
				"omitted":	false,
				"sender":	true
			}
		}, {
			"streams":	[{
					"socket":	7,
					"start":	5.002396,
					"end":	6.000451,
					"seconds":	0.99805498123168945,
					"bytes":	0,
					"bits_per_second":	0,
					"retransmits":	0,
					"snd_cwnd":	20272,
					"rtt":	369287,
					"rttvar":	15357,
					"pmtu":	1500,
					"omitted":	false,
					"sender":	true
				}],
			"sum":	{
				"start":	5.002396,
				"end":	6.000451,
				"seconds":	0.99805498123168945,
				"bytes":	0,
				"bits_per_second":	0,
				"retransmits":	0,
				"omitted":	false,
				"sender":	true
			}
		}, {
			"streams":	[{
					"socket":	7,
					"start":	6.000451,
					"end":	7.002222,
					"seconds":	1.0017709732055664,
					"bytes":	0,
					"bits_per_second":	0,
					"retransmits":	0,
					"snd_cwnd":	20272,
					"rtt":	371080,
					"rttvar":	15825,
					"pmtu":	1500,
					"omitted":	false,
					"sender":	true
				}],
			"sum":	{
				"start":	6.000451,
				"end":	7.002222,
				"seconds":	1.0017709732055664,
				"bytes":	0,
				"bits_per_second":	0,
				"retransmits":	0,
				"omitted":	false,
				"sender":	true
			}
		}, {
			"streams":	[{
					"socket":	7,
					"start":	7.002222,
					"end":	8.003765,
					"seconds":	1.0015430450439453,
					"bytes":	43440,
					"bits_per_second":	346984.587152469,
					"retransmits":	0,
					"snd_cwnd":	20272,
					"rtt":	367877,
					"rttvar":	14776,
					"pmtu":	1500,
					"omitted":	false,
					"sender":	true
				}],
			"sum":	{
				"start":	7.002222,
				"end":	8.003765,
				"seconds":	1.0015430450439453,
				"bytes":	43440,
				"bits_per_second":	346984.587152469,
				"retransmits":	0,
				"omitted":	false,
				"sender":	true
			}
		}, {
			"streams":	[{
					"socket":	7,
					"start":	8.003765,
					"end":	9.002171,
					"seconds":	0.99840599298477173,
					"bytes":	0,
					"bits_per_second":	0,
					"retransmits":	0,
					"snd_cwnd":	20272,
					"rtt":	370782,
					"rttvar":	24342,
					"pmtu":	1500,
					"omitted":	false,
					"sender":	true
				}],
			"sum":	{
				"start":	8.003765,
				"end":	9.002171,
				"seconds":	0.99840599298477173,
				"bytes":	0,
				"bits_per_second":	0,
				"retransmits":	0,
				"omitted":	false,
				"sender":	true
			}
		}, {
			"streams":	[{
					"socket":	7,
					"start":	9.002171,
					"end":	10.003241,
					"seconds":	1.0010700225830078,
					"bytes":	43440,
					"bits_per_second":	347148.54321909731,
					"retransmits":	0,
					"snd_cwnd":	20272,
					"rtt":	370943,
					"rttvar":	25363,
					"pmtu":	1500,
					"omitted":	false,
					"sender":	true
				}],
			"sum":	{
				"start":	9.002171,
				"end":	10.003241,
				"seconds":	1.0010700225830078,
				"bytes":	43440,
				"bits_per_second":	347148.54321909731,
				"retransmits":	0,
				"omitted":	false,
				"sender":	true
			}
		}, {
			"streams":	[{
					"socket":	7,
					"start":	10.003241,
					"end":	11.001808,
					"seconds":	0.99856698513031006,
					"bytes":	0,
					"bits_per_second":	0,
					"retransmits":	0,
					"snd_cwnd":	20272,
					"rtt":	368480,
					"rttvar":	20371,
					"pmtu":	1500,
					"omitted":	false,
					"sender":	true
				}],
			"sum":	{
				"start":	10.003241,
				"end":	11.001808,
				"seconds":	0.99856698513031006,
				"bytes":	0,
				"bits_per_second":	0,
				"retransmits":	0,
				"omitted":	false,
				"sender":	true
			}
		}, {
			"streams":	[{
					"socket":	7,
					"start":	11.001808,
					"end":	12.003394,
					"seconds":	1.0015859603881836,
					"bytes":	0,
					"bits_per_second":	0,
					"retransmits":	0,
					"snd_cwnd":	20272,
					"rtt":	366506,
					"rttvar":	17644,
					"pmtu":	1500,
					"omitted":	false,
					"sender":	true
				}],
			"sum":	{
				"start":	11.001808,
				"end":	12.003394,
				"seconds":	1.0015859603881836,
				"bytes":	0,
				"bits_per_second":	0,
				"retransmits":	0,
				"omitted":	false,
				"sender":	true
			}
		}, {
			"streams":	[{
					"socket":	7,
					"start":	12.003394,
					"end":	13.004765,
					"seconds":	1.0013710260391235,
					"bytes":	43440,
					"bits_per_second":	347044.19337415742,
					"retransmits":	0,
					"snd_cwnd":	20272,
					"rtt":	367429,
					"rttvar":	14522,
					"pmtu":	1500,
					"omitted":	false,
					"sender":	true
				}],
			"sum":	{
				"start":	12.003394,
				"end":	13.004765,
				"seconds":	1.0013710260391235,
				"bytes":	43440,
				"bits_per_second":	347044.19337415742,
				"retransmits":	0,
				"omitted":	false,
				"sender":	true
			}
		}, {
			"streams":	[{
					"socket":	7,