{
	"start":	{
		"connected":	[{
				"socket":	7,
				"local_host":	"192.168.42.6",
				"local_port":	41100,
				"remote_host":	"192.168.42.1",
				"remote_port":	5205
			}],
		"version":	"iperf 3.7",
		"system_info":	"Linux rathan-VirtualBox 5.4.0-177-generic #197-Ubuntu SMP Thu Mar 28 22:45:47 UTC 2024 x86_64",
		"timestamp":	{
			"time":	"Thu, 07 Nov 2024 08:56:00 GMT",
			"timesecs":	1730969760
		},
		"connecting_to":	{
			"host":	"192.168.42.1",
			"port":	5205
		},
		"cookie":	"j7qrjchmyaq2gfqecn4xwam2m5ulcw4zr3p3",
		"tcp_mss_default":	1448,
		"sock_bufsize":	0,
		"sndbuf_actual":	87380,
		"rcvbuf_actual":	87380,
		"test_start":	{
			"protocol":	"TCP",
			"num_streams":	1,
			"blksize":	131072,
			"omit":	0,
			"duration":	30,
			"bytes":	0,
			"blocks":	0,
			"reverse":	0,
			"tos":	0
		}
	},
	"intervals":	[{
			"streams":	[{
					"socket":	7,
					"start":	0,
					"end":	1.004157,
					"seconds":	1.0041569471359253,
					"bytes":	95568,
					"bits_per_second":	761378.98779732222,
					"retransmits":	0,
					"snd_cwnd":	17376,
					"rtt":	320120,
					"rttvar":	123665,
					"pmtu":	1500,
					"omitted":	false,
					"sender":	true
				}],
			"sum":	{
				"start":	0,
				"end":	1.004157,
				"seconds":	1.0041569471359253,
				"bytes":	95568,
				"bits_per_second":	761378.98779732222,
				"retransmits":	0,
				"omitted":	false,
				"sender":	true
			}
		}, {
			"streams":	[{
					"socket":	7,
					"start":	1.004157,
					"end":	2.004153,
					"seconds":	0.9999960064888,
					"bytes":	43440,
					"bits_per_second":	347521.38783055451,
					"retransmits":	0,
					"snd_cwnd":	20272,
					"rtt":	338451,
					"rttvar":	29780,
					"pmtu":	1500,
					"omitted":	false,
					"sender":	true
				}],
			"sum":	{
				"start":	1.004157,
				"end":	2.004153,
				"seconds":	0.9999960064888,
				"bytes":	43440,
				"bits_per_second":	347521.38783055451,
				"retransmits":	0,
				"omitted":	false,
				"sender":	true
			}
		}, {
			"streams":	[{
					"socket":	7,
					"start":	2.004153,
					"end":	3.005609,
					"seconds":	1.0014560222625732,
					"bytes":	0,
					"bits_per_second":	0,
					"retransmits":	0,
					"snd_cwnd":	20272,
					"rtt":	361900,
					"rttvar":	26411,
					"pmtu":	1500,
					"omitted":	false,
					"sender":	true
				}],
			"sum":	{
				"start":	2.004153,
				"end":	3.005609,
				"seconds":	1.0014560222625732,
				"bytes":	0,
				"bits_per_second":	0,
				"retransmits":	0,
				"omitted":	false,
				"sender":	true
			}
		}, {
			"streams":	[{
					"socket":	7,
					"start":	3.005609,
					"end":	4.002742,
					"seconds":	0.99713301658630371,
					"bytes":	0,
					"bits_per_second":	0,
					"retransmits":	0,
					"snd_cwnd":	20272,
					"rtt":	367248,
					"rttvar":	20814,
					"pmtu":	1500,
					"omitted":	false,
					"sender":	true
				}],
			"sum":	{
				"start":	3.005609,
				"end":	4.002742,
				"seconds":	0.99713301658630371,
				"bytes":	0,
				"bits_per_second":	0,
				"retransmits":	0,
				"omitted":	false,
				"sender":	true
			}
		}, {
			"streams":	[{
					"socket":	7,
					"start":	4.002742,
					"end":	5.004053,
					"seconds":	1.00131094455719,
					"bytes":	43440,
					"bits_per_second":	347065.01700496633,
					"retransmits":	0,
					"snd_cwnd":	20272,
					"rtt":	366517,
					"rttvar":	16195,
					"pmtu":	1500,
					"omitted":	false,
					"sender":	true
				}],
			"sum":	{
				"start":	4.002742,
				"end":	5.004053,
				"seconds":	1.00131094455719,
				"bytes":	43440,
				"bits_per_second":	347065.01700496633,
				"retransmits":	0,
				"omitted":	false,
				"sender":	true
			}
		}, {
			"streams":	[{
					"socket":	7,
					"start":	5.004053,
					"end":	6.001736,
					"seconds":	0.99768298864364624,
					"bytes":	0,
					"bits_per_second":	0,
					"retransmits":	0,
					"snd_cwnd":	20272,
					"rtt":	378848,
					"rttvar":	27857,
					"pmtu":	1500,
					"omitted":	false,
					"sender":	true
				}],
			"sum":	{
				"start":	5.004053,
				"end":	6.001736,
				"seconds":	0.99768298864364624,
				"bytes":	0,
				"bits_per_second":	0,
				"retransmits":	0,
				"omitted":	false,
				"sender":	true
			}
		}, {
			"streams":	[{
					"socket":	7,
					"start":	6.001736,
					"end":	7.000745,
					"seconds":	0.99900901317596436,
					"bytes":	0,
					"bits_per_second":	0,
					"retransmits":	0,
					"snd_cwnd":	20272,
					"rtt":	371309,
					"rttvar":	12545,
					"pmtu":	1500,
					"omitted":	false,
					"sender":	true
				}],
			"sum":	{
				"start":	6.001736,
				"end":	7.000745,
				"seconds":	0.99900901317596436,
				"bytes":	0,
				"bits_per_second":	0,
				"retransmits":	0,
				"omitted":	false,
				"sender":	true
			}
		}, {
			"streams":	[{
					"socket":	7,
					"start":	7.000745,
					"end":	8.001441,
					"seconds":	1.0006959438323975,
					"bytes":	43440,
					"bits_per_second":	347278.31379938591,
					"retransmits":	0,
					"snd_cwnd":	20272,
					"rtt":	373292,
					"rttvar":	22487,
					"pmtu":	1500,
					"omitted":	false,
					"sender":	true
				}],
			"sum":	{
				"start":	7.000745,
				"end":	8.001441,
				"seconds":	1.0006959438323975,
				"bytes":	43440,
				"bits_per_second":	347278.31379938591,
				"retransmits":	0,
				"omitted":	false,
				"sender":	true
			}
		}, {
			"streams":	[{
					"socket":	7,
					"start":	8.001441,
					"end":	9.00285,
					"seconds":	1.0014090538024902,
					"bytes":	0,
					"bits_per_second":	0,
					"retransmits":	0,
					"snd_cwnd":	20272,
					"rtt":	372312,
					"rttvar":	11574,
					"pmtu":	1500,
					"omitted":	false,
					"sender":	true
				}],
			"sum":	{
				"start":	8.001441,
				"end":	9.00285,
				"seconds":	1.0014090538024902,
				"bytes":	0,
				"bits_per_second":	0,
				"retransmits":	0,
				"omitted":	false,
				"sender":	true
			}
		}, {
			"streams":	[{
					"socket":	7,
					"start":	9.00285,
					"end":	10.003247,
					"seconds":	1.0003969669342041,
					"bytes":	0,
					"bits_per_second":	0,
					"retransmits":	0,
					"snd_cwnd":	20272,
					"rtt":	376041,
					"rttvar":	13322,
					"pmtu":	1500,
					"omitted":	false,
					"sender":	true
				}],
			"sum":	{
				"start":	9.00285,
				"end":	10.003247,
				"seconds":	1.0003969669342041,
				"bytes":	0,
				"bits_per_second":	0,
				"retransmits":	0,
				"omitted":	false,
				"sender":	true
			}
		}, {
			"streams":	[{
					"socket":	7,
					"start":	10.003247,
					"end":	11.003707,
					"seconds":	1.0004600286483765,
					"bytes":	43440,
					"bits_per_second":	347360.20435469091,
					"retransmits":	0,
					"snd_cwnd":	20272,
					"rtt":	360377,
					"rttvar":	16914,
					"pmtu":	1500,
					"omitted":	false,
					"sender":	true
				}],
			"sum":	{
				"start":	10.003247,
				"end":	11.003707,
				"seconds":	1.0004600286483765,
				"bytes":	43440,
				"bits_per_second":	347360.20435469091,
				"retransmits":	0,
				"omitted":	false,
				"sender":	true
			}
		}, {
			"streams":	[{
					"socket":	7,
					"start":	11.003707,
					"end":	12.003003,
					"seconds":	0.99929600954055786,
					"bytes":	0,
					"bits_per_second":	0,
					"retransmits":	0,
					"snd_cwnd":	20272,
					"rtt":	352770,
					"rttvar":	12586,
					"pmtu":	1500,
					"omitted":	false,
					"sender":	true
				}],
			"sum":	{
				"start":	11.003707,
				"end":	12.003003,
				"seconds":	0.99929600954055786,
				"bytes":	0,
				"bits_per_second":	0,
				"retransmits":	0,
				"omitted":	false,
				"sender":	true
			}
		}, {
			"streams":	[{
					"socket":	7,
					"start":	12.003003,
					"end":	13.011172,
					"seconds":	1.0081690549850464,
					"bytes":	43440,
					"bits_per_second":	344704.09330819477,
					"retransmits":	0,
					"snd_cwnd":	20272,
					"rtt":	361869,
					"rttvar":	18758,
					"pmtu":	1500,
					"omitted":	false,
					"sender":	true
				}],
			"sum":	{
				"start":	12.003003,
				"end":	13.011172,
				"seconds":	1.0081690549850464,
				"bytes":	43440,
				"bits_per_second":	344704.09330819477,
				"retransmits":	0,
				"omitted":	false,
				"sender":	true
			}
		}, {
			"streams":	[{
					"socket":	7,
					"start":	13.011172,