{
	"start":	{
		"connected":	[{
				"socket":	7,
				"local_host":	"192.168.42.7",
				"local_port":	46764,
				"remote_host":	"192.168.42.1",
				"remote_port":	5206
			}],
		"version":	"iperf 3.7",
		"system_info":	"Linux rathan-VirtualBox 5.4.0-177-generic #197-Ubuntu SMP Thu Mar 28 22:45:47 UTC 2024 x86_64",
		"timestamp":	{
			"time":	"Thu, 07 Nov 2024 08:56:00 GMT",
			"timesecs":	1730969760
		},
		"connecting_to":	{
			"host":	"192.168.42.1",
			"port":	5206
		},
		"cookie":	"s2qv43zphjrw752d3typrf4nx4xcayidul2g",
		"tcp_mss_default":	1448,
		"sock_bufsize":	0,
		"sndbuf_actual":	87380,
		"rcvbuf_actual":	87380,
		"test_start":	{
			"protocol":	"TCP",
			"num_streams":	1,
			"blksize":	131072,
			"omit":	0,
			"duration":	30,
			"bytes":	0,
			"blocks":	0,
			"reverse":	0,
			"tos":	0
		}
	},
	"intervals":	[{
			"streams":	[{
					"socket":	7,
					"start":	0,
					"end":	1.002431,
					"seconds":	1.0024310350418091,
					"bytes":	95568,
					"bits_per_second":	762689.87418981164,
					"retransmits":	0,
					"snd_cwnd":	17376,
					"rtt":	232218,
					"rttvar":	38932,
					"pmtu":	1500,
					"omitted":	false,
					"sender":	true
				}],
			"sum":	{
				"start":	0,
				"end":	1.002431,
				"seconds":	1.0024310350418091,
				"bytes":	95568,
				"bits_per_second":	762689.87418981164,
				"retransmits":	0,
				"omitted":	false,
				"sender":	true
			}
		}, {
			"streams":	[{
					"socket":	7,
					"start":	1.002431,
					"end":	2.002801,
					"seconds":	1.0003700256347656,
					"bytes":	0,
					"bits_per_second":	0,
					"retransmits":	0,
					"snd_cwnd":	17376,
					"rtt":	332359,
					"rttvar":	52431,
					"pmtu":	1500,
					"omitted":	false,
					"sender":	true
				}],
			"sum":	{
				"start":	1.002431,
				"end":	2.002801,
				"seconds":	1.0003700256347656,
				"bytes":	0,
				"bits_per_second":	0,
				"retransmits":	0,
				"omitted":	false,
				"sender":	true
			}
		}, {
			"streams":	[{
					"socket":	7,
					"start":	2.002801,
					"end":	3.000484,
					"seconds":	0.99768298864364624,
					"bytes":	43440,
					"bits_per_second":	348327.07779497647,
					"retransmits":	0,
					"snd_cwnd":	17376,
					"rtt":	358420,
					"rttvar":	43841,
					"pmtu":	1500,
					"omitted":	false,
					"sender":	true
				}],
			"sum":	{
				"start":	2.002801,
				"end":	3.000484,
				"seconds":	0.99768298864364624,
				"bytes":	43440,
				"bits_per_second":	348327.07779497647,
				"retransmits":	0,
				"omitted":	false,
				"sender":	true
			}
		}, {
			"streams":	[{
					"socket":	7,
					"start":	3.000484,
					"end":	4.002447,
					"seconds":	1.0019630193710327,
					"bytes":	0,
					"bits_per_second":	0,
					"retransmits":	0,
					"snd_cwnd":	20272,
					"rtt":	353834,
					"rttvar":	16386,
					"pmtu":	1500,
					"omitted":	false,
					"sender":	true
				}],
			"sum":	{
				"start":	3.000484,
				"end":	4.002447,
				"seconds":	1.0019630193710327,
				"bytes":	0,
				"bits_per_second":	0,
				"retransmits":	0,
				"omitted":	false,
				"sender":	true
			}
		}, {
			"streams":	[{
					"socket":	7,
					"start":	4.002447,
					"end":	5.001435,
					"seconds":	0.99898797273635864,
					"bytes":	43440,
					"bits_per_second":	347872.056004936,
					"retransmits":	0,
					"snd_cwnd":	20272,
					"rtt":	366339,
					"rttvar":	13859,
					"pmtu":	1500,
					"omitted":	false,
					"sender":	true
				}],
			"sum":	{
				"start":	4.002447,
				"end":	5.001435,
				"seconds":	0.99898797273635864,
				"bytes":	43440,
				"bits_per_second":	347872.056004936,
				"retransmits":	0,
				"omitted":	false,
				"sender":	true
			}
		}, {
			"streams":	[{
					"socket":	7,
					"start":	5.001435,
					"end":	6.004896,
					"seconds":	1.0034610033035278,
					"bytes":	0,
					"bits_per_second":	0,
					"retransmits":	0,
					"snd_cwnd":	20272,
					"rtt":	357737,
					"rttvar":	9564,
					"pmtu":	1500,
					"omitted":	false,
					"sender":	true
				}],
			"sum":	{
				"start":	5.001435,
				"end":	6.004896,
				"seconds":	1.0034610033035278,
				"bytes":	0,
				"bits_per_second":	0,
				"retransmits":	0,
				"omitted":	false,
				"sender":	true
			}
		}, {
			"streams":	[{
					"socket":	7,
					"start":	6.004896,
					"end":	7.000683,
					"seconds":	0.99578702449798584,
					"bytes":	43440,
					"bits_per_second":	348990.28753181238,
					"retransmits":	0,
					"snd_cwnd":	20272,
					"rtt":	370656,
					"rttvar":	14301,
					"pmtu":	1500,
					"omitted":	false,
					"sender":	true
				}],
			"sum":	{
				"start":	6.004896,
				"end":	7.000683,
				"seconds":	0.99578702449798584,
				"bytes":	43440,
				"bits_per_second":	348990.28753181238,
				"retransmits":	0,
				"omitted":	false,
				"sender":	true
			}
		}, {
			"streams":	[{
					"socket":	7,
					"start":	7.000683,
					"end":	8.004639,
					"seconds":	1.0039559602737427,
					"bytes":	0,
					"bits_per_second":	0,
					"retransmits":	0,
					"snd_cwnd":	20272,
					"rtt":	361406,
					"rttvar":	14258,
					"pmtu":	1500,
					"omitted":	false,
					"sender":	true
				}],
			"sum":	{
				"start":	7.000683,
				"end":	8.004639,
				"seconds":	1.0039559602737427,
				"bytes":	0,
				"bits_per_second":	0,
				"retransmits":	0,
				"omitted":	false,
				"sender":	true
			}
		}, {
			"streams":	[{
					"socket":	7,
					"start":	8.004639,
					"end":	9.002373,
					"seconds":	0.997734010219574,
					"bytes":	0,
					"bits_per_second":	0,
					"retransmits":	0,
					"snd_cwnd":	20272,
					"rtt":	363455,
					"rttvar":	8731,
					"pmtu":	1500,
					"omitted":	false,
					"sender":	true
				}],
			"sum":	{
				"start":	8.004639,
				"end":	9.002373,
				"seconds":	0.997734010219574,
				"bytes":	0,
				"bits_per_second":	0,
				"retransmits":	0,
				"omitted":	false,
				"sender":	true
			}
		}, {
			"streams":	[{
					"socket":	7,
					"start":	9.002373,
					"end":	10.001949,
					"seconds":	0.99957597255706787,
					"bytes":	43440,
					"bits_per_second":	347667.420527317,
					"retransmits":	0,
					"snd_cwnd":	20272,
					"rtt":	370602,
					"rttvar":	17081,
					"pmtu":	1500,
					"omitted":	false,
					"sender":	true
				}],
			"sum":	{
				"start":	9.002373,
				"end":	10.001949,
				"seconds":	0.99957597255706787,
				"bytes":	43440,
				"bits_per_second":	347667.420527317,
				"retransmits":	0,
				"omitted":	false,
				"sender":	true
			}
		}, {
			"streams":	[{
					"socket":	7,
					"start":	10.001949,
					"end":	11.000145,
					"seconds":	0.998196005821228,
					"bytes":	0,
					"bits_per_second":	0,
					"retransmits":	0,
					"snd_cwnd":	20272,
					"rtt":	355801,
					"rttvar":	15482,
					"pmtu":	1500,
					"omitted":	false,
					"sender":	true
				}],
			"sum":	{
				"start":	10.001949,
				"end":	11.000145,
				"seconds":	0.998196005821228,
				"bytes":	0,
				"bits_per_second":	0,
				"retransmits":	0,
				"omitted":	false,
				"sender":	true
			}
		}, {
			"streams":	[{
					"socket":	7,
					"start":	11.000145,
					"end":	12.000387,
					"seconds":	1.0002419948577881,
					"bytes":	43440,
					"bits_per_second":	347435.92229339416,
					"retransmits":	0,
					"snd_cwnd":	20272,
					"rtt":	358097,
					"rttvar":	15123,
					"pmtu":	1500,
					"omitted":	false,
					"sender":	true
				}],
			"sum":	{
				"start":	11.000145,
				"end":	12.000387,
				"seconds":	1.0002419948577881,
				"bytes":	43440,
				"bits_per_second":	347435.92229339416,
				"retransmits":	0,
				"omitted":	false,
				"sender":	true
			}
		}, {
			"streams":	[{
					"socket":	7,
					"start":	12.000387,
					"end":	13.006903,
					"seconds":	1.0065159797668457,
					"bytes":	0,
					"bits_per_second":	0,
					"retransmits":	0,
					"snd_cwnd":	20272,
					"rtt":	358796,
					"rttvar":	13747,
					"pmtu":	1500,
					"omitted":	false,
					"sender":	true
				}],
			"sum":	{
				"start":	12.000387,
				"end":	13.006903,
				"seconds":	1.0065159797668457,
				"bytes":	0,
				"bits_per_second":	0,
				"retransmits":	0,
				"omitted":	false,
				"sender":	true
			}
		}, {
			"streams":	[{
					"socket":	7,
					"start":	13.006903,