{
	"start":	{
		"connected":	[{
				"socket":	7,
				"local_host":	"192.168.42.8",
				"local_port":	52174,
				"remote_host":	"192.168.42.1",
				"remote_port":	5207
			}],
		"version":	"iperf 3.7",
		"system_info":	"Linux rathan-VirtualBox 5.4.0-177-generic #197-Ubuntu SMP Thu Mar 28 22:45:47 UTC 2024 x86_64",
		"timestamp":	{
			"time":	"Thu, 07 Nov 2024 08:56:00 GMT",
			"timesecs":	1730969760
		},
		"connecting_to":	{
			"host":	"192.168.42.1",
			"port":	5207
		},
		"cookie":	"vbe2u4knkwkyie6q5ewc4ib4htwtobsgjity",
		"tcp_mss_default":	1448,
		"sock_bufsize":	0,
		"sndbuf_actual":	87380,
		"rcvbuf_actual":	87380,
		"test_start":	{
			"protocol":	"TCP",
			"num_streams":	1,
			"blksize":	131072,
			"omit":	0,
			"duration":	30,
			"bytes":	0,
			"blocks":	0,
			"reverse":	0,
			"tos":	0
		}
	},
	"intervals":	[{
			"streams":	[{
					"socket":	7,
					"start":	0,
					"end":	1.006507,
					"seconds":	1.0065070390701294,
					"bytes":	95568,
					"bits_per_second":	759601.24502092984,
					"retransmits":	0,
					"snd_cwnd":	17376,
					"rtt":	220786,
					"rttvar":	16449,
					"pmtu":	1500,
					"omitted":	false,
					"sender":	true
				}],
			"sum":	{
				"start":	0,
				"end":	1.006507,
				"seconds":	1.0065070390701294,
				"bytes":	95568,
				"bits_per_second":	759601.24502092984,
				"retransmits":	0,
				"omitted":	false,
				"sender":	true
			}
		}, {
			"streams":	[{
					"socket":	7,
					"start":	1.006507,
					"end":	2.00423,
					"seconds":	0.99772298336029053,
					"bytes":	43440,
					"bits_per_second":	348313.11475813331,
					"retransmits":	0,
					"snd_cwnd":	20272,
					"rtt":	308242,
					"rttvar":	69370,
					"pmtu":	1500,
					"omitted":	false,
					"sender":	true
				}],
			"sum":	{
				"start":	1.006507,
				"end":	2.00423,
				"seconds":	0.99772298336029053,
				"bytes":	43440,
				"bits_per_second":	348313.11475813331,
				"retransmits":	0,
				"omitted":	false,
				"sender":	true
			}
		}, {
			"streams":	[{
					"socket":	7,
					"start":	2.00423,
					"end":	3.008683,
					"seconds":	1.0044529438018799,
					"bytes":	0,
					"bits_per_second":	0,
					"retransmits":	0,
					"snd_cwnd":	20272,
					"rtt":	343591,
					"rttvar":	51355,
					"pmtu":	1500,
					"omitted":	false,
					"sender":	true
				}],
			"sum":	{
				"start":	2.00423,
				"end":	3.008683,
				"seconds":	1.0044529438018799,
				"bytes":	0,
				"bits_per_second":	0,
				"retransmits":	0,
				"omitted":	false,
				"sender":	true
			}
		}, {
			"streams":	[{
					"socket":	7,
					"start":	3.008683,
					"end":	4.001285,
					"seconds":	0.99260199069976807,
					"bytes":	43440,
					"bits_per_second":	350110.11790839158,
					"retransmits":	0,
					"snd_cwnd":	20272,
					"rtt":	354078,
					"rttvar":	23048,
					"pmtu":	1500,
					"omitted":	false,
					"sender":	true
				}],
			"sum":	{
				"start":	3.008683,
				"end":	4.001285,
				"seconds":	0.99260199069976807,
				"bytes":	43440,
				"bits_per_second":	350110.11790839158,
				"retransmits":	0,
				"omitted":	false,
				"sender":	true
			}
		}, {
			"streams":	[{
					"socket":	7,
					"start":	4.001285,
					"end":	5.000032,
					"seconds":	0.99874699115753174,
					"bytes":	0,
					"bits_per_second":	0,
					"retransmits":	0,
					"snd_cwnd":	20272,
					"rtt":	363583,
					"rttvar":	16472,
					"pmtu":	1500,
					"omitted":	false,
					"sender":	true
				}],
			"sum":	{
				"start":	4.001285,
				"end":	5.000032,
				"seconds":	0.99874699115753174,
				"bytes":	0,
				"bits_per_second":	0,
				"retransmits":	0,
				"omitted":	false,
				"sender":	true
			}
		}, {
			"streams":	[{
					"socket":	7,
					"start":	5.000032,
					"end":	6.003754,
					"seconds":	1.0037219524383545,
					"bytes":	0,
					"bits_per_second":	0,
					"retransmits":	0,
					"snd_cwnd":	20272,
					"rtt":	356161,
					"rttvar":	14431,
					"pmtu":	1500,
					"omitted":	false,
					"sender":	true
				}],
			"sum":	{
				"start":	5.000032,
				"end":	6.003754,
				"seconds":	1.0037219524383545,
				"bytes":	0,
				"bits_per_second":	0,
				"retransmits":	0,
				"omitted":	false,
				"sender":	true
			}
		}, {
			"streams":	[{
					"socket":	7,
					"start":	6.003754,
					"end":	7.001848,
					"seconds":	0.99809402227401733,
					"bytes":	43440,
					"bits_per_second":	348183.63024379645,
					"retransmits":	0,
					"snd_cwnd":	20272,
					"rtt":	365296,
					"rttvar":	14097,
					"pmtu":	1500,
					"omitted":	false,
					"sender":	true
				}],
			"sum":	{
				"start":	6.003754,
				"end":	7.001848,
				"seconds":	0.99809402227401733,
				"bytes":	43440,
				"bits_per_second":	348183.63024379645,
				"retransmits":	0,
				"omitted":	false,
				"sender":	true
			}
		}, {
			"streams":	[{
					"socket":	7,
					"start":	7.001848,
					"end":	8.004206,
					"seconds":	1.0023579597473145,
					"bytes":	0,
					"bits_per_second":	0,
					"retransmits":	0,
					"snd_cwnd":	20272,
					"rtt":	368318,
					"rttvar":	18387,
					"pmtu":	1500,
					"omitted":	false,
					"sender":	true
				}],
			"sum":	{
				"start":	7.001848,
				"end":	8.004206,
				"seconds":	1.0023579597473145,
				"bytes":	0,
				"bits_per_second":	0,
				"retransmits":	0,
				"omitted":	false,
				"sender":	true
			}
		}, {
			"streams":	[{
					"socket":	7,
					"start":	8.004206,
					"end":	9.00365,
					"seconds":	0.99944400787353516,
					"bytes":	0,
					"bits_per_second":	0,
					"retransmits":	0,
					"snd_cwnd":	20272,
					"rtt":	365085,
					"rttvar":	12740,
					"pmtu":	1500,
					"omitted":	false,
					"sender":	true
				}],
			"sum":	{
				"start":	8.004206,
				"end":	9.00365,
				"seconds":	0.99944400787353516,
				"bytes":	0,
				"bits_per_second":	0,
				"retransmits":	0,
				"omitted":	false,
				"sender":	true
			}
		}, {
			"streams":	[{
					"socket":	7,
					"start":	9.00365,
					"end":	10.002049,
					"seconds":	0.998399019241333,
					"bytes":	43440,
					"bits_per_second":	348077.26500380051,
					"retransmits":	0,
					"snd_cwnd":	20272,
					"rtt":	371089,
					"rttvar":	11174,
					"pmtu":	1500,
					"omitted":	false,
					"sender":	true
				}],
			"sum":	{
				"start":	9.00365,
				"end":	10.002049,
				"seconds":	0.998399019241333,
				"bytes":	43440,
				"bits_per_second":	348077.26500380051,
				"retransmits":	0,
				"omitted":	false,
				"sender":	true
			}
		}, {
			"streams":	[{
					"socket":	7,
					"start":	10.002049,
					"end":	11.001676,
					"seconds":	0.99962699413299561,
					"bytes":	0,
					"bits_per_second":	0,
					"retransmits":	0,
					"snd_cwnd":	20272,
					"rtt":	364051,
					"rttvar":	16894,
					"pmtu":	1500,
					"omitted":	false,
					"sender":	true
				}],
			"sum":	{
				"start":	10.002049,
				"end":	11.001676,
				"seconds":	0.99962699413299561,
				"bytes":	0,
				"bits_per_second":	0,
				"retransmits":	0,
				"omitted":	false,
				"sender":	true
			}
		}, {
			"streams":	[{
					"socket":	7,
					"start":	11.001676,
					"end":	12.002659,
					"seconds":	1.0009829998016357,
					"bytes":	43440,
					"bits_per_second":	347178.72338378162,
					"retransmits":	0,
					"snd_cwnd":	20272,
					"rtt":	358092,
					"rttvar":	7988,
					"pmtu":	1500,
					"omitted":	false,
					"sender":	true
				}],
			"sum":	{
				"start":	11.001676,
				"end":	12.002659,
				"seconds":	1.0009829998016357,
				"bytes":	43440,
				"bits_per_second":	347178.72338378162,
				"retransmits":	0,
				"omitted":	false,
				"sender":	true
			}
		}, {
			"streams":	[{
					"socket":	7,
					"start":	12.002659,
					"end":	13.001888,
					"seconds":	0.99922901391983032,
					"bytes":	0,
					"bits_per_second":	0,
					"retransmits":	0,
					"snd_cwnd":	20272,
					"rtt":	373199,
					"rttvar":	28442,
					"pmtu":	1500,
					"omitted":	false,
					"sender":	true
				}],
			"sum":	{
				"start":	12.002659,
				"end":	13.001888,
				"seconds":	0.99922901391983032,
				"bytes":	0,
				"bits_per_second":	0,
				"retransmits":	0,
				"omitted":	false,
				"sender":	true
			}
		}, {
			"streams":	[{
					"socket":	7,