{
	"start":	{
		"connected":	[{
				"socket":	7,
				"local_host":	"192.168.42.9",
				"local_port":	57280,
				"remote_host":	"192.168.42.1",
				"remote_port":	5208
			}],
		"version":	"iperf 3.7",
		"system_info":	"Linux rathan-VirtualBox 5.4.0-177-generic #197-Ubuntu SMP Thu Mar 28 22:45:47 UTC 2024 x86_64",
		"timestamp":	{
			"time":	"Thu, 07 Nov 2024 08:56:00 GMT",
			"timesecs":	1730969760
		},
		"connecting_to":	{
			"host":	"192.168.42.1",
			"port":	5208
		},
		"cookie":	"c5ysnx4zc7mxiim3xgr6valpzb7q76jo33gk",
		"tcp_mss_default":	1448,
		"sock_bufsize":	0,
		"sndbuf_actual":	87380,
		"rcvbuf_actual":	87380,
		"test_start":	{
			"protocol":	"TCP",
			"num_streams":	1,
			"blksize":	131072,
			"omit":	0,
			"duration":	30,
			"bytes":	0,
			"blocks":	0,
			"reverse":	0,
			"tos":	0
		}
	},
	"intervals":	[{
			"streams":	[{
					"socket":	7,
					"start":	0,
					"end":	1.00184,
					"seconds":	1.0018399953842163,
					"bytes":	166520,
					"bits_per_second":	1329713.333603838,
					"retransmits":	1,
					"snd_cwnd":	33304,
					"rtt":	197810,
					"rttvar":	30856,
					"pmtu":	1500,
					"omitted":	false,
					"sender":	true
				}],
			"sum":	{
				"start":	0,
				"end":	1.00184,
				"seconds":	1.0018399953842163,
				"bytes":	166520,
				"bits_per_second":	1329713.333603838,
				"retransmits":	1,
				"omitted":	false,
				"sender":	true
			}
		}, {
			"streams":	[{
					"socket":	7,
					"start":	1.00184,
					"end":	2.004735,
					"seconds":	1.0028949975967407,
					"bytes":	108600,
					"bits_per_second":	866292.08649153146,
					"retransmits":	0,
					"snd_cwnd":	33304,
					"rtt":	325895,
					"rttvar":	89316,
					"pmtu":	1500,
					"omitted":	false,
					"sender":	true
				}],
			"sum":	{
				"start":	1.00184,
				"end":	2.004735,
				"seconds":	1.0028949975967407,
				"bytes":	108600,
				"bits_per_second":	866292.08649153146,
				"retransmits":	0,
				"omitted":	false,
				"sender":	true
			}
		}, {
			"streams":	[{
					"socket":	7,
					"start":	2.004735,
					"end":	3.000148,
					"seconds":	0.99541300535202026,
					"bytes":	0,
					"bits_per_second":	0,
					"retransmits":	0,
					"snd_cwnd":	33304,
					"rtt":	358698,
					"rttvar":	46447,
					"pmtu":	1500,
					"omitted":	false,
					"sender":	true
				}],
			"sum":	{
				"start":	2.004735,
				"end":	3.000148,
				"seconds":	0.99541300535202026,
				"bytes":	0,
				"bits_per_second":	0,
				"retransmits":	0,
				"omitted":	false,
				"sender":	true
			}
		}, {
			"streams":	[{
					"socket":	7,
					"start":	3.000148,
					"end":	4.004966,
					"seconds":	1.0048179626464844,
					"bytes":	0,
					"bits_per_second":	0,
					"retransmits":	0,
					"snd_cwnd":	33304,
					"rtt":	366886,
					"rttvar":	23362,
					"pmtu":	1500,
					"omitted":	false,
					"sender":	true
				}],
			"sum":	{
				"start":	3.000148,
				"end":	4.004966,
				"seconds":	1.0048179626464844,
				"bytes":	0,
				"bits_per_second":	0,
				"retransmits":	0,
				"omitted":	false,
				"sender":	true
			}
		}, {
			"streams":	[{
					"socket":	7,
					"start":	4.004966,
					"end":	5.001673,
					"seconds":	0.996707022190094,
					"bytes":	0,
					"bits_per_second":	0,
					"retransmits":	0,
					"snd_cwnd":	33304,
					"rtt":	366887,
					"rttvar":	13863,
					"pmtu":	1500,
					"omitted":	false,
					"sender":	true
				}],
			"sum":	{
				"start":	4.004966,
				"end":	5.001673,
				"seconds":	0.996707022190094,
				"bytes":	0,
				"bits_per_second":	0,
				"retransmits":	0,
				"omitted":	false,
				"sender":	true
			}
		}, {
			"streams":	[{
					"socket":	7,
					"start":	5.001673,
					"end":	6.006354,
					"seconds":	1.0046809911727905,
					"bytes":	0,
					"bits_per_second":	0,
					"retransmits":	0,
					"snd_cwnd":	33304,
					"rtt":	355718,
					"rttvar":	8168,
					"pmtu":	1500,
					"omitted":	false,
					"sender":	true
				}],
			"sum":	{
				"start":	5.001673,
				"end":	6.006354,
				"seconds":	1.0046809911727905,
				"bytes":	0,
				"bits_per_second":	0,
				"retransmits":	0,
				"omitted":	false,
				"sender":	true
			}
		}, {
			"streams":	[{
					"socket":	7,
					"start":	6.006354,
					"end":	7.008098,
					"seconds":	1.0017440319061279,
					"bytes":	0,
					"bits_per_second":	0,
					"retransmits":	0,
					"snd_cwnd":	33304,
					"rtt":	361137,
					"rttvar":	18392,
					"pmtu":	1500,
					"omitted":	false,
					"sender":	true
				}],
			"sum":	{
				"start":	6.006354,
				"end":	7.008098,
				"seconds":	1.0017440319061279,
				"bytes":	0,
				"bits_per_second":	0,
				"retransmits":	0,
				"omitted":	false,
				"sender":	true
			}
		}, {
			"streams":	[{
					"socket":	7,
					"start":	7.008098,
					"end":	8.005382,
					"seconds":	0.99728399515151978,
					"bytes":	0,
					"bits_per_second":	0,
					"retransmits":	0,
					"snd_cwnd":	33304,
					"rtt":	370015,
					"rttvar":	17944,
					"pmtu":	1500,
					"omitted":	false,
					"sender":	true
				}],
			"sum":	{
				"start":	7.008098,
				"end":	8.005382,
				"seconds":	0.99728399515151978,
				"bytes":	0,
				"bits_per_second":	0,
				"retransmits":	0,
				"omitted":	false,
				"sender":	true
			}
		}, {
			"streams":	[{
					"socket":	7,
					"start":	8.005382,
					"end":	9.008908,
					"seconds":	1.003525972366333,
					"bytes":	99912,
					"bits_per_second":	796487.6067086187,
					"retransmits":	0,
					"snd_cwnd":	33304,
					"rtt":	367886,
					"rttvar":	13892,
					"pmtu":	1500,
					"omitted":	false,
					"sender":	true
				}],
			"sum":	{
				"start":	8.005382,
				"end":	9.008908,
				"seconds":	1.003525972366333,
				"bytes":	99912,
				"bits_per_second":	796487.6067086187,
				"retransmits":	0,
				"omitted":	false,
				"sender":	true
			}
		}, {
			"streams":	[{
					"socket":	7,
					"start":	9.008908,
					"end":	10.003763,
					"seconds":	0.99485498666763306,
					"bytes":	0,
					"bits_per_second":	0,
					"retransmits":	0,
					"snd_cwnd":	33304,
					"rtt":	374325,
					"rttvar":	16354,
					"pmtu":	1500,
					"omitted":	false,
					"sender":	true
				}],
			"sum":	{
				"start":	9.008908,
				"end":	10.003763,
				"seconds":	0.99485498666763306,
				"bytes":	0,
				"bits_per_second":	0,
				"retransmits":	0,
				"omitted":	false,
				"sender":	true
			}
		}, {
			"streams":	[{
					"socket":	7,
					"start":	10.003763,
					"end":	11.000878,
					"seconds":	0.99711501598358154,
					"bytes":	0,
					"bits_per_second":	0,
					"retransmits":	0,
					"snd_cwnd":	33304,
					"rtt":	372102,
					"rttvar":	20091,
					"pmtu":	1500,
					"omitted":	false,
					"sender":	true
				}],
			"sum":	{
				"start":	10.003763,
				"end":	11.000878,
				"seconds":	0.99711501598358154,
				"bytes":	0,
				"bits_per_second":	0,
				"retransmits":	0,
				"omitted":	false,
				"sender":	true
			}
		}, {
			"streams":	[{
					"socket":	7,
					"start":	11.000878,
					"end":	12.00824,
					"seconds":	1.0073620080947876,
					"bytes":	0,
					"bits_per_second":	0,
					"retransmits":	0,
					"snd_cwnd":	33304,
					"rtt":	359177,
					"rttvar":	13393,
					"pmtu":	1500,
					"omitted":	false,
					"sender":	true
				}],
			"sum":	{
				"start":	11.000878,
				"end":	12.00824,
				"seconds":	1.0073620080947876,
				"bytes":	0,
				"bits_per_second":	0,
				"retransmits":	0,
				"omitted":	false,
				"sender":	true
			}
		}, {
			"streams":	[{
					"socket":	7,
					"start":	12.00824,
					"end":	13.003167,
					"seconds":	0.99492698907852173,
					"bytes":	0,
					"bits_per_second":	0,
					"retransmits":	0,
					"snd_cwnd":	33304,
					"rtt":	359853,
					"rttvar":	19015,
					"pmtu":	1500,
					"omitted":	false,
					"sender":	true
				}],
			"sum":	{
				"start":	12.00824,
				"end":	13.003167,
				"seconds":	0.99492698907852173,
				"bytes":	0,
				"bits_per_second":	0,
				"retransmits":	0,
				"omitted":	false,
				"sender":	true
			}
		}, {
			"streams":	[{
					"socket":	7,
					"start":	13.003167,
					"end":	14.005527,
					"seconds":	1.0023599863052368,
					"bytes":	0,
					"bits_per_second":	0,
					"retransmits":	0,