{
	"start":	{
		"connected":	[{
				"socket":	7,
				"local_host":	"192.168.42.10",
				"local_port":	50144,
				"remote_host":	"192.168.42.1",
				"remote_port":	5209
			}],
		"version":	"iperf 3.7",
		"system_info":	"Linux rathan-VirtualBox 5.4.0-177-generic #197-Ubuntu SMP Thu Mar 28 22:45:47 UTC 2024 x86_64",
		"timestamp":	{
			"time":	"Thu, 07 Nov 2024 08:56:00 GMT",
			"timesecs":	1730969760
		},
		"connecting_to":	{
			"host":	"192.168.42.1",
			"port":	5209
		},
		"cookie":	"xbs74qhbn4dsfkwrhybaztt3cf4j4hocp7qd",
		"tcp_mss_default":	1448,
		"sock_bufsize":	0,
		"sndbuf_actual":	87380,
		"rcvbuf_actual":	87380,
		"test_start":	{
			"protocol":	"TCP",
			"num_streams":	1,
			"blksize":	131072,
			"omit":	0,
			"duration":	30,
			"bytes":	0,
			"blocks":	0,
			"reverse":	0,
			"tos":	0
		}
	},
	"intervals":	[{
			"streams":	[{
					"socket":	7,
					"start":	0,
					"end":	1.003631,
					"seconds":	1.0036309957504272,
					"bytes":	101360,
					"bits_per_second":	807946.35023572086,
					"retransmits":	1,
					"snd_cwnd":	17376,
					"rtt":	190233,
					"rttvar":	18932,
					"pmtu":	1500,
					"omitted":	false,
					"sender":	true
				}],
			"sum":	{
				"start":	0,
				"end":	1.003631,
				"seconds":	1.0036309957504272,
				"bytes":	101360,
				"bits_per_second":	807946.35023572086,
				"retransmits":	1,
				"omitted":	false,
				"sender":	true
			}
		}, {
			"streams":	[{
					"socket":	7,
					"start":	1.003631,
					"end":	2.007212,
					"seconds":	1.0035810470581055,
					"bytes":	41992,
					"bits_per_second":	334737.29001236305,
					"retransmits":	0,
					"snd_cwnd":	17376,
					"rtt":	262500,
					"rttvar":	101610,
					"pmtu":	1500,
					"omitted":	false,
					"sender":	true
				}],
			"sum":	{
				"start":	1.003631,
				"end":	2.007212,
				"seconds":	1.0035810470581055,
				"bytes":	41992,
				"bits_per_second":	334737.29001236305,
				"retransmits":	0,
				"omitted":	false,
				"sender":	true
			}
		}, {
			"streams":	[{
					"socket":	7,
					"start":	2.007212,
					"end":	3.001643,
					"seconds":	0.9944310188293457,
					"bytes":	0,
					"bits_per_second":	0,
					"retransmits":	0,
					"snd_cwnd":	17376,
					"rtt":	308495,
					"rttvar":	77145,
					"pmtu":	1500,
					"omitted":	false,
					"sender":	true
				}],
			"sum":	{
				"start":	2.007212,
				"end":	3.001643,
				"seconds":	0.9944310188293457,
				"bytes":	0,
				"bits_per_second":	0,
				"retransmits":	0,
				"omitted":	false,
				"sender":	true
			}
		}, {
			"streams":	[{
					"socket":	7,
					"start":	3.001643,
					"end":	4.001629,
					"seconds":	0.99998599290847778,
					"bytes":	0,
					"bits_per_second":	0,
					"retransmits":	0,
					"snd_cwnd":	17376,
					"rtt":	343811,
					"rttvar":	53499,
					"pmtu":	1500,
					"omitted":	false,
					"sender":	true
				}],
			"sum":	{
				"start":	3.001643,
				"end":	4.001629,
				"seconds":	0.99998599290847778,
				"bytes":	0,
				"bits_per_second":	0,
				"retransmits":	0,
				"omitted":	false,
				"sender":	true
			}
		}, {
			"streams":	[{
					"socket":	7,
					"start":	4.001629,
					"end":	5.002844,
					"seconds":	1.0012149810791016,
					"bytes":	63712,
					"bits_per_second":	509077.4804934038,
					"retransmits":	0,
					"snd_cwnd":	17376,
					"rtt":	357691,
					"rttvar":	23465,
					"pmtu":	1500,
					"omitted":	false,
					"sender":	true
				}],
			"sum":	{
				"start":	4.001629,
				"end":	5.002844,
				"seconds":	1.0012149810791016,
				"bytes":	63712,
				"bits_per_second":	509077.4804934038,
				"retransmits":	0,
				"omitted":	false,
				"sender":	true
			}
		}, {
			"streams":	[{
					"socket":	7,
					"start":	5.002844,
					"end":	6.006609,
					"seconds":	1.0037649869918823,
					"bytes":	0,
					"bits_per_second":	0,
					"retransmits":	0,
					"snd_cwnd":	17376,
					"rtt":	358887,
					"rttvar":	20098,
					"pmtu":	1500,
					"omitted":	false,
					"sender":	true
				}],
			"sum":	{
				"start":	5.002844,
				"end":	6.006609,
				"seconds":	1.0037649869918823,
				"bytes":	0,
				"bits_per_second":	0,
				"retransmits":	0,
				"omitted":	false,
				"sender":	true
			}
		}, {
			"streams":	[{
					"socket":	7,
					"start":	6.006609,
					"end":	7.008167,
					"seconds":	1.0015579462051392,
					"bytes":	0,
					"bits_per_second":	0,
					"retransmits":	0,
					"snd_cwnd":	17376,
					"rtt":	363544,
					"rttvar":	18854,
					"pmtu":	1500,
					"omitted":	false,
					"sender":	true
				}],
			"sum":	{
				"start":	6.006609,
				"end":	7.008167,
				"seconds":	1.0015579462051392,
				"bytes":	0,
				"bits_per_second":	0,
				"retransmits":	0,
				"omitted":	false,
				"sender":	true
			}
		}, {
			"streams":	[{
					"socket":	7,
					"start":	7.008167,
					"end":	8.001236,
					"seconds":	0.99306899309158325,
					"bytes":	0,
					"bits_per_second":	0,
					"retransmits":	0,
					"snd_cwnd":	17376,
					"rtt":	371406,
					"rttvar":	19405,
					"pmtu":	1500,
					"omitted":	false,
					"sender":	true
				}],
			"sum":	{
				"start":	7.008167,
				"end":	8.001236,
				"seconds":	0.99306899309158325,
				"bytes":	0,
				"bits_per_second":	0,
				"retransmits":	0,
				"omitted":	false,
				"sender":	true
			}
		}, {
			"streams":	[{
					"socket":	7,
					"start":	8.001236,
					"end":	9.004334,
					"seconds":	1.0030980110168457,
					"bytes":	63712,
					"bits_per_second":	508121.832963579,
					"retransmits":	0,
					"snd_cwnd":	17376,
					"rtt":	365782,
					"rttvar":	14539,
					"pmtu":	1500,
					"omitted":	false,
					"sender":	true
				}],
			"sum":	{
				"start":	8.001236,
				"end":	9.004334,
				"seconds":	1.0030980110168457,
				"bytes":	63712,
				"bits_per_second":	508121.832963579,
				"retransmits":	0,
				"omitted":	false,
				"sender":	true
			}
		}, {
			"streams":	[{
					"socket":	7,
					"start":	9.004334,
					"end":	10.009256,
					"seconds":	1.0049220323562622,
					"bytes":	0,
					"bits_per_second":	0,
					"retransmits":	0,
					"snd_cwnd":	17376,
					"rtt":	371926,
					"rttvar":	16919,
					"pmtu":	1500,
					"omitted":	false,
					"sender":	true
				}],
			"sum":	{
				"start":	9.004334,
				"end":	10.009256,
				"seconds":	1.0049220323562622,
				"bytes":	0,
				"bits_per_second":	0,
				"retransmits":	0,
				"omitted":	false,
				"sender":	true
			}
		}, {
			"streams":	[{
					"socket":	7,
					"start":	10.009256,
					"end":	11.001715,
					"seconds":	0.9924589991569519,
					"bytes":	0,
					"bits_per_second":	0,
					"retransmits":	0,
					"snd_cwnd":	17376,
					"rtt":	375214,
					"rttvar":	15937,
					"pmtu":	1500,
					"omitted":	false,
					"sender":	true
				}],
			"sum":	{
				"start":	10.009256,
				"end":	11.001715,
				"seconds":	0.9924589991569519,
				"bytes":	0,
				"bits_per_second":	0,
				"retransmits":	0,
				"omitted":	false,
				"sender":	true
			}
		}, {
			"streams":	[{
					"socket":	7,
					"start":	11.001715,
					"end":	12.001166,
					"seconds":	0.99945098161697388,
					"bytes":	0,
					"bits_per_second":	0,
					"retransmits":	0,
					"snd_cwnd":	17376,
					"rtt":	358637,
					"rttvar":	15595,
					"pmtu":	1500,
					"omitted":	false,
					"sender":	true
				}],
			"sum":	{
				"start":	11.001715,
				"end":	12.001166,
				"seconds":	0.99945098161697388,
				"bytes":	0,
				"bits_per_second":	0,
				"retransmits":	0,
				"omitted":	false,
				"sender":	true
			}
		}, {
			"streams":	[{
					"socket":	7,
					"start":	12.001166,
					"end":	13.000962,
					"seconds":	0.99979597330093384,
					"bytes":	63712,
					"bits_per_second":	509800.01281379827,
					"retransmits":	0,
					"snd_cwnd":	17376,
					"rtt":	359326,
					"rttvar":	9120,
					"pmtu":	1500,
					"omitted":	false,
					"sender":	true
				}],
			"sum":	{
				"start":	12.001166,
				"end":	13.000962,
				"seconds":	0.99979597330093384,
				"bytes":	63712,
				"bits_per_second":	509800.01281379827,
				"retransmits":	0,
				"omitted":	false,
				"sender":	true
			}
		}, {
			"streams":	[{
					"socket":	7,
					"start":	13.000962,
					"end":	14.000072,