{
	"start":	{
		"connected":	[{
				"socket":	7,
				"local_host":	"192.168.42.11",
				"local_port":	42477,
				"remote_host":	"192.168.42.1",
				"remote_port":	5210
			}],
		"version":	"iperf 3.7",
		"system_info":	"Linux rathan-VirtualBox 5.4.0-177-generic #197-Ubuntu SMP Thu Mar 28 22:45:47 UTC 2024 x86_64",
		"timestamp":	{
			"time":	"Thu, 07 Nov 2024 07:37:38 GMT",
			"timesecs":	1730965058
		},
		"connecting_to":	{
			"host":	"192.168.42.1",
			"port":	5210
		},
		"cookie":	"repwayxodf4egqrhhfdrynjzywruuhzvzoec",
		"sock_bufsize":	0,
		"sndbuf_actual":	212992,
		"rcvbuf_actual":	212992,
		"test_start":	{
			"protocol":	"UDP",
			"num_streams":	1,
			"blksize":	1448,
			"omit":	0,
			"duration":	30,
			"bytes":	0,
			"blocks":	0,
			"reverse":	0,
			"tos":	0
		}
	},
	"intervals":	[{
			"streams":	[{
					"socket":	7,
					"start":	0,
					"end":	1.000282,
					"seconds":	1.0002820491790771,
					"bytes":	131768,
					"bits_per_second":	1053846.763385514,
					"packets":	91,
					"omitted":	false,
					"sender":	true
				}],
			"sum":	{
				"start":	0,
				"end":	1.000282,
				"seconds":	1.0002820491790771,
				"bytes":	131768,
				"bits_per_second":	1053846.763385514,
				"packets":	91,
				"omitted":	false,
				"sender":	true
			}
		}, {
			"streams":	[{
					"socket":	7,
					"start":	1.000282,
					"end":	2.000109,
					"seconds":	0.99982702732086182,
					"bytes":	130320,
					"bits_per_second":	1042740.3655946824,
					"packets":	90,
					"omitted":	false,
					"sender":	true
				}],
			"sum":	{
				"start":	1.000282,
				"end":	2.000109,
				"seconds":	0.99982702732086182,
				"bytes":	130320,
				"bits_per_second":	1042740.3655946824,
				"packets":	90,
				"omitted":	false,
				"sender":	true
			}
		}, {
			"streams":	[{
					"socket":	7,
					"start":	2.000109,
					"end":	3.000067,
					"seconds":	0.99995797872543335,
					"bytes":	131768,
					"bits_per_second":	1054188.2983359294,
					"packets":	91,
					"omitted":	false,
					"sender":	true
				}],
			"sum":	{
				"start":	2.000109,
				"end":	3.000067,
				"seconds":	0.99995797872543335,
				"bytes":	131768,
				"bits_per_second":	1054188.2983359294,
				"packets":	91,
				"omitted":	false,
				"sender":	true
			}
		}, {
			"streams":	[{
					"socket":	7,
					"start":	3.000067,
					"end":	4.000009,
					"seconds":	0.99994200468063354,
					"bytes":	104256,
					"bits_per_second":	834096.37368557428,
					"packets":	72,
					"omitted":	false,
					"sender":	true
				}],
			"sum":	{
				"start":	3.000067,
				"end":	4.000009,
				"seconds":	0.99994200468063354,
				"bytes":	104256,
				"bits_per_second":	834096.37368557428,
				"packets":	72,
				"omitted":	false,
				"sender":	true
			}
		}, {
			"streams":	[{
					"socket":	7,
					"start":	4.000009,
					"end":	5.000066,
					"seconds":	1.0000569820404053,
					"bytes":	110048,
					"bits_per_second":	880333.8367817424,
					"packets":	76,
					"omitted":	false,
					"sender":	true
				}],
			"sum":	{
				"start":	4.000009,
				"end":	5.000066,
				"seconds":	1.0000569820404053,
				"bytes":	110048,
				"bits_per_second":	880333.8367817424,
				"packets":	76,
				"omitted":	false,
				"sender":	true
			}
		}, {
			"streams":	[{
					"socket":	7,
					"start":	5.000066,
					"end":	6.000016,
					"seconds":	0.99994999170303345,
					"bytes":	105704,
					"bits_per_second":	845674.29073106789,
					"packets":	73,
					"omitted":	false,
					"sender":	true
				}],
			"sum":	{
				"start":	5.000066,
				"end":	6.000016,
				"seconds":	0.99994999170303345,
				"bytes":	105704,
				"bits_per_second":	845674.29073106789,
				"packets":	73,
				"omitted":	false,
				"sender":	true
			}
		}, {
			"streams":	[{
					"socket":	7,
					"start":	6.000016,
					"end":	7.00011,
					"seconds":	1.0000940561294556,
					"bytes":	186792,
					"bits_per_second":	1494195.4617582168,
					"packets":	129,
					"omitted":	false,
					"sender":	true
				}],
			"sum":	{
				"start":	6.000016,
				"end":	7.00011,
				"seconds":	1.0000940561294556,
				"bytes":	186792,
				"bits_per_second":	1494195.4617582168,
				"packets":	129,
				"omitted":	false,
				"sender":	true
			}
		}, {
			"streams":	[{
					"socket":	7,
					"start":	7.00011,
					"end":	8.000072,
					"seconds":	0.9999619722366333,
					"bytes":	137560,
					"bits_per_second":	1100521.8503845064,
					"packets":	95,
					"omitted":	false,
					"sender":	true
				}],
			"sum":	{
				"start":	7.00011,
				"end":	8.000072,
				"seconds":	0.9999619722366333,
				"bytes":	137560,
				"bits_per_second":	1100521.8503845064,
				"packets":	95,
				"omitted":	false,
				"sender":	true
			}
		}, {
			"streams":	[{
					"socket":	7,
					"start":	8.000072,
					"end":	9.000076,
					"seconds":	1.0000040531158447,
					"bytes":	120184,
					"bits_per_second":	961468.1030583973,
					"packets":	83,
					"omitted":	false,
					"sender":	true
				}],
			"sum":	{
				"start":	8.000072,
				"end":	9.000076,
				"seconds":	1.0000040531158447,
				"bytes":	120184,
				"bits_per_second":	961468.1030583973,
				"packets":	83,
				"omitted":	false,
				"sender":	true
			}
		}, {
			"streams":	[{
					"socket":	7,
					"start":	9.000076,
					"end":	10.00013,
					"seconds":	1.0000540018081665,
					"bytes":	144800,
					"bits_per_second":	1158337.4476833581,
					"packets":	100,
					"omitted":	false,
					"sender":	true
				}],
			"sum":	{
				"start":	9.000076,
				"end":	10.00013,
				"seconds":	1.0000540018081665,
				"bytes":	144800,
				"bits_per_second":	1158337.4476833581,
				"packets":	100,
				"omitted":	false,
				"sender":	true
			}
		}, {
			"streams":	[{
					"socket":	7,
					"start":	10.00013,
					"end":	11.0001,
					"seconds":	0.999970018863678,
					"bytes":	102808,
					"bits_per_second":	822488.65914461308,
					"packets":	71,
					"omitted":	false,
					"sender":	true
				}],
			"sum":	{
				"start":	10.00013,
				"end":	11.0001,
				"seconds":	0.999970018863678,
				"bytes":	102808,
				"bits_per_second":	822488.65914461308,
				"packets":	71,
				"omitted":	false,
				"sender":	true
			}
		}, {
			"streams":	[{
					"socket":	7,
					"start":	11.0001,
					"end":	12.000491,
					"seconds":	1.0003910064697266,
					"bytes":	153488,
					"bits_per_second":	1227424.069247826,
					"packets":	106,
					"omitted":	false,
					"sender":	true
				}],
			"sum":	{
				"start":	11.0001,
				"end":	12.000491,
				"seconds":	1.0003910064697266,
				"bytes":	153488,
				"bits_per_second":	1227424.069247826,
				"packets":	106,
				"omitted":	false,
				"sender":	true
			}
		}, {
			"streams":	[{
					"socket":	7,
					"start":	12.000491,
					"end":	13.000063,
					"seconds":	0.99957197904586792,
					"bytes":	144800,
					"bits_per_second":	1158896.0317852646,
					"packets":	100,
					"omitted":	false,
					"sender":	true
				}],
			"sum":	{
				"start":	12.000491,
				"end":	13.000063,
				"seconds":	0.99957197904586792,
				"bytes":	144800,
				"bits_per_second":	1158896.0317852646,
				"packets":	100,
				"omitted":	false,
				"sender":	true
			}
		}, {
			"streams":	[{
					"socket":	7,
					"start":	13.000063,
					"end":	14.000192,
					"seconds":	1.0001289844512939,
					"bytes":	95568,
					"bits_per_second":	764445.39842973941,
					"packets":	66,
					"omitted":	false,
					"sender":	true
				}],
			"sum":	{
				"start":	13.000063,
				"end":	14.000192,
				"seconds":	1.0001289844512939,
				"bytes":	95568,
				"bits_per_second":	764445.39842973941,
				"packets":	66,
				"omitted":	false,
				"sender":	true
			}
		}, {
			"streams":	[{
					"socket":	7,
					"start":	14.000192,
					"end":	15.000075,
					"seconds":	0.99988299608230591,
					"bytes":	102808,
					"bits_per_second":	822560.24277094356,
					"packets":	71,
					"omitted":	false,
					"sender":	true
				}],
			"sum":	{
				"start":	14.000192,
				"end":	15.000075,
				"seconds":	0.99988299608230591,
				"bytes":	102808,
				"bits_per_second":	822560.24277094356,
				"packets":	71,
				"omitted":	false,