{
	"start":	{
		"connected":	[{
				"socket":	7,
				"local_host":	"192.168.42.3",
				"local_port":	37930,
				"remote_host":	"192.168.42.1",
				"remote_port":	5202
			}],
		"version":	"iperf 3.7",
		"system_info":	"Linux rathan-VirtualBox 5.4.0-177-generic #197-Ubuntu SMP Thu Mar 28 22:45:47 UTC 2024 x86_64",
		"timestamp":	{
			"time":	"Thu, 07 Nov 2024 07:37:38 GMT",
			"timesecs":	1730965058
		},
		"connecting_to":	{
			"host":	"192.168.42.1",
			"port":	5202
		},
		"cookie":	"gzzpvpoqd5hel5w5ttt3foqsqp2g4exq5jt6",
		"sock_bufsize":	0,
		"sndbuf_actual":	212992,
		"rcvbuf_actual":	212992,
		"test_start":	{
			"protocol":	"UDP",
			"num_streams":	1,
			"blksize":	1448,
			"omit":	0,
			"duration":	30,
			"bytes":	0,
			"blocks":	0,
			"reverse":	0,
			"tos":	0
		}
	},
	"intervals":	[{
			"streams":	[{
					"socket":	7,
					"start":	0,
					"end":	1.000095,
					"seconds":	1.000095009803772,
					"bytes":	131768,
					"bits_per_second":	1054043.8555001218,
					"packets":	91,
					"omitted":	false,
					"sender":	true
				}],
			"sum":	{
				"start":	0,
				"end":	1.000095,
				"seconds":	1.000095009803772,
				"bytes":	131768,
				"bits_per_second":	1054043.8555001218,
				"packets":	91,
				"omitted":	false,
				"sender":	true
			}
		}, {
			"streams":	[{
					"socket":	7,
					"start":	1.000095,
					"end":	2.000186,
					"seconds":	1.0000909566879272,
					"bytes":	130320,
					"bits_per_second":	1042465.1808198731,
					"packets":	90,
					"omitted":	false,
					"sender":	true
				}],
			"sum":	{
				"start":	1.000095,
				"end":	2.000186,
				"seconds":	1.0000909566879272,
				"bytes":	130320,
				"bits_per_second":	1042465.1808198731,
				"packets":	90,
				"omitted":	false,
				"sender":	true
			}
		}, {
			"streams":	[{
					"socket":	7,
					"start":	2.000186,
					"end":	3.000307,
					"seconds":	1.000120997428894,
					"bytes":	131768,
					"bits_per_second":	1054016.4667175151,
					"packets":	91,
					"omitted":	false,
					"sender":	true
				}],
			"sum":	{
				"start":	2.000186,
				"end":	3.000307,
				"seconds":	1.000120997428894,
				"bytes":	131768,
				"bits_per_second":	1054016.4667175151,
				"packets":	91,
				"omitted":	false,
				"sender":	true
			}
		}, {
			"streams":	[{
					"socket":	7,
					"start":	3.000307,
					"end":	4.000045,
					"seconds":	0.99973797798156738,
					"bytes":	104256,
					"bits_per_second":	834266.59621745185,
					"packets":	72,
					"omitted":	false,
					"sender":	true
				}],
			"sum":	{
				"start":	3.000307,
				"end":	4.000045,
				"seconds":	0.99973797798156738,
				"bytes":	104256,
				"bits_per_second":	834266.59621745185,
				"packets":	72,
				"omitted":	false,
				"sender":	true
			}
		}, {
			"streams":	[{
					"socket":	7,
					"start":	4.000045,
					"end":	5.000084,
					"seconds":	1.0000389814376831,
					"bytes":	110048,
					"bits_per_second":	880349.68270370434,
					"packets":	76,
					"omitted":	false,
					"sender":	true
				}],
			"sum":	{
				"start":	4.000045,
				"end":	5.000084,
				"seconds":	1.0000389814376831,
				"bytes":	110048,
				"bits_per_second":	880349.68270370434,
				"packets":	76,
				"omitted":	false,
				"sender":	true
			}
		}, {
			"streams":	[{
					"socket":	7,
					"start":	5.000084,
					"end":	6.000052,
					"seconds":	0.99996799230575562,
					"bytes":	107152,
					"bits_per_second":	857243.43838586891,
					"packets":	74,
					"omitted":	false,
					"sender":	true
				}],
			"sum":	{
				"start":	5.000084,
				"end":	6.000052,
				"seconds":	0.99996799230575562,
				"bytes":	107152,
				"bits_per_second":	857243.43838586891,
				"packets":	74,
				"omitted":	false,
				"sender":	true
			}
		}, {
			"streams":	[{
					"socket":	7,
					"start":	6.000052,
					"end":	7.000087,
					"seconds":	1.0000350475311279,
					"bytes":	185344,
					"bits_per_second":	1482700.0350243691,
					"packets":	128,
					"omitted":	false,
					"sender":	true
				}],
			"sum":	{
				"start":	6.000052,
				"end":	7.000087,
				"seconds":	1.0000350475311279,
				"bytes":	185344,
				"bits_per_second":	1482700.0350243691,
				"packets":	128,
				"omitted":	false,
				"sender":	true
			}
		}, {
			"streams":	[{
					"socket":	7,
					"start":	7.000087,
					"end":	8.000085,
					"seconds":	0.99999797344207764,
					"bytes":	134664,
					"bits_per_second":	1077314.1832395929,
					"packets":	93,
					"omitted":	false,
					"sender":	true
				}],
			"sum":	{
				"start":	7.000087,
				"end":	8.000085,
				"seconds":	0.99999797344207764,
				"bytes":	134664,
				"bits_per_second":	1077314.1832395929,
				"packets":	93,
				"omitted":	false,
				"sender":	true
			}
		}, {
			"streams":	[{
					"socket":	7,
					"start":	8.000085,
					"end":	9.00011,
					"seconds":	1.0000250339508057,
					"bytes":	121632,
					"bits_per_second":	973031.6411737625,
					"packets":	84,
					"omitted":	false,
					"sender":	true
				}],
			"sum":	{
				"start":	8.000085,
				"end":	9.00011,
				"seconds":	1.0000250339508057,
				"bytes":	121632,
				"bits_per_second":	973031.6411737625,
				"packets":	84,
				"omitted":	false,
				"sender":	true
			}
		}, {
			"streams":	[{
					"socket":	7,
					"start":	9.00011,
					"end":	10.000082,
					"seconds":	0.99997198581695557,
					"bytes":	149144,
					"bits_per_second":	1193185.4261149331,
					"packets":	103,
					"omitted":	false,
					"sender":	true
				}],
			"sum":	{
				"start":	9.00011,
				"end":	10.000082,
				"seconds":	0.99997198581695557,
				"bytes":	149144,
				"bits_per_second":	1193185.4261149331,
				"packets":	103,
				"omitted":	false,
				"sender":	true
			}
		}, {
			"streams":	[{
					"socket":	7,
					"start":	10.000082,
					"end":	11.000119,
					"seconds":	1.0000369548797607,
					"bytes":	101360,
					"bits_per_second":	810850.03513444762,
					"packets":	70,
					"omitted":	false,
					"sender":	true
				}],
			"sum":	{
				"start":	10.000082,
				"end":	11.000119,
				"seconds":	1.0000369548797607,
				"bytes":	101360,
				"bits_per_second":	810850.03513444762,
				"packets":	70,
				"omitted":	false,
				"sender":	true
			}
		}, {
			"streams":	[{
					"socket":	7,
					"start":	11.000119,
					"end":	12.000131,
					"seconds":	1.0000120401382446,
					"bytes":	150592,
					"bits_per_second":	1204721.494986654,
					"packets":	104,
					"omitted":	false,
					"sender":	true
				}],
			"sum":	{
				"start":	11.000119,
				"end":	12.000131,
				"seconds":	1.0000120401382446,
				"bytes":	150592,
				"bits_per_second":	1204721.494986654,
				"packets":	104,
				"omitted":	false,
				"sender":	true
			}
		}, {
			"streams":	[{
					"socket":	7,
					"start":	12.000131,
					"end":	13.000141,
					"seconds":	1.0000100135803223,
					"bytes":	136112,
					"bits_per_second":	1088885.0963616259,
					"packets":	94,
					"omitted":	false,
					"sender":	true
				}],
			"sum":	{
				"start":	12.000131,
				"end":	13.000141,
				"seconds":	1.0000100135803223,
				"bytes":	136112,
				"bits_per_second":	1088885.0963616259,
				"packets":	94,
				"omitted":	false,
				"sender":	true
			}
		}, {
			"streams":	[{
					"socket":	7,
					"start":	13.000141,
					"end":	14.000094,
					"seconds":	0.99995297193527222,
					"bytes":	95568,
					"bits_per_second":	764579.956715694,
					"packets":	66,
					"omitted":	false,
					"sender":	true
				}],
			"sum":	{
				"start":	13.000141,
				"end":	14.000094,
				"seconds":	0.99995297193527222,
				"bytes":	95568,
				"bits_per_second":	764579.956715694,
				"packets":	66,
				"omitted":	false,
				"sender":	true
			}
		}, {
			"streams":	[{
					"socket":	7,
					"start":	14.000094,
					"end":	15.000296,
					"seconds":	1.000201940536499,
					"bytes":	105704,
					"bits_per_second":	845461.2670981331,
					"packets":	73,
					"omitted":	false,
					"sender":	true
				}],
			"sum":	{
				"start":	14.000094,
				"end":	15.000296,
				"seconds":	1.000201940536499,
				"bytes":	105704,
				"bits_per_second":	845461.2670981331,
				"packets":	73,
				"omitted":	false,