{
	"start":	{
		"connected":	[{
				"socket":	7,
				"local_host":	"192.168.42.4",
				"local_port":	45864,
				"remote_host":	"192.168.42.1",
				"remote_port":	5203
			}],
		"version":	"iperf 3.7",
		"system_info":	"Linux rathan-VirtualBox 5.4.0-177-generic #197-Ubuntu SMP Thu Mar 28 22:45:47 UTC 2024 x86_64",
		"timestamp":	{
			"time":	"Thu, 07 Nov 2024 07:37:38 GMT",
			"timesecs":	1730965058
		},
		"connecting_to":	{
			"host":	"192.168.42.1",
			"port":	5203
		},
		"cookie":	"qpluv2wz7wsgotm25wg4hnj4roafhckrxbtk",
		"sock_bufsize":	0,
		"sndbuf_actual":	212992,
		"rcvbuf_actual":	212992,
		"test_start":	{
			"protocol":	"UDP",
			"num_streams":	1,
			"blksize":	1448,
			"omit":	0,
			"duration":	30,
			"bytes":	0,
			"blocks":	0,
			"reverse":	0,
			"tos":	0
		}
	},
	"intervals":	[{
			"streams":	[{
					"socket":	7,
					"start":	0,
					"end":	1.000086,
					"seconds":	1.0000859498977661,
					"bytes":	131768,
					"bits_per_second":	1054053.4042176674,
					"packets":	91,
					"omitted":	false,
					"sender":	true
				}],
			"sum":	{
				"start":	0,
				"end":	1.000086,
				"seconds":	1.0000859498977661,
				"bytes":	131768,
				"bits_per_second":	1054053.4042176674,
				"packets":	91,
				"omitted":	false,
				"sender":	true
			}
		}, {
			"streams":	[{
					"socket":	7,
					"start":	1.000086,
					"end":	2.000066,
					"seconds":	0.99997997283935547,
					"bytes":	130320,
					"bits_per_second":	1042580.8799347674,
					"packets":	90,
					"omitted":	false,
					"sender":	true
				}],
			"sum":	{
				"start":	1.000086,
				"end":	2.000066,
				"seconds":	0.99997997283935547,
				"bytes":	130320,
				"bits_per_second":	1042580.8799347674,
				"packets":	90,
				"omitted":	false,
				"sender":	true
			}
		}, {
			"streams":	[{
					"socket":	7,
					"start":	2.000066,
					"end":	3.000094,
					"seconds":	1.0000280141830444,
					"bytes":	130320,
					"bits_per_second":	1042530.7943514975,
					"packets":	90,
					"omitted":	false,
					"sender":	true
				}],
			"sum":	{
				"start":	2.000066,
				"end":	3.000094,
				"seconds":	1.0000280141830444,
				"bytes":	130320,
				"bits_per_second":	1042530.7943514975,
				"packets":	90,
				"omitted":	false,
				"sender":	true
			}
		}, {
			"streams":	[{
					"socket":	7,
					"start":	3.000094,
					"end":	4.000195,
					"seconds":	1.0001009702682495,
					"bytes":	104256,
					"bits_per_second":	833963.79445196385,
					"packets":	72,
					"omitted":	false,
					"sender":	true
				}],
			"sum":	{
				"start":	3.000094,
				"end":	4.000195,
				"seconds":	1.0001009702682495,
				"bytes":	104256,
				"bits_per_second":	833963.79445196385,
				"packets":	72,
				"omitted":	false,
				"sender":	true
			}
		}, {
			"streams":	[{
					"socket":	7,
					"start":	4.000195,
					"end":	5.000287,
					"seconds":	1.0000920295715332,
					"bytes":	112944,
					"bits_per_second":	903468.85414845916,
					"packets":	78,
					"omitted":	false,
					"sender":	true
				}],
			"sum":	{
				"start":	4.000195,
				"end":	5.000287,
				"seconds":	1.0000920295715332,
				"bytes":	112944,
				"bits_per_second":	903468.85414845916,
				"packets":	78,
				"omitted":	false,
				"sender":	true
			}
		}, {
			"streams":	[{
					"socket":	7,
					"start":	5.000287,
					"end":	6.000072,
					"seconds":	0.99978500604629517,
					"bytes":	104256,
					"bits_per_second":	834227.3538370902,
					"packets":	72,
					"omitted":	false,
					"sender":	true
				}],
			"sum":	{
				"start":	5.000287,
				"end":	6.000072,
				"seconds":	0.99978500604629517,
				"bytes":	104256,
				"bits_per_second":	834227.3538370902,
				"packets":	72,
				"omitted":	false,
				"sender":	true
			}
		}, {
			"streams":	[{
					"socket":	7,
					"start":	6.000072,
					"end":	7.000053,
					"seconds":	0.99998098611831665,
					"bytes":	204168,
					"bits_per_second":	1633375.0568000746,
					"packets":	141,
					"omitted":	false,
					"sender":	true
				}],
			"sum":	{
				"start":	6.000072,
				"end":	7.000053,
				"seconds":	0.99998098611831665,
				"bytes":	204168,
				"bits_per_second":	1633375.0568000746,
				"packets":	141,
				"omitted":	false,
				"sender":	true
			}
		}, {
			"streams":	[{
					"socket":	7,
					"start":	7.000053,
					"end":	8.000091,
					"seconds":	1.0000380277633667,
					"bytes":	110048,
					"bits_per_second":	880350.5222386606,
					"packets":	76,
					"omitted":	false,
					"sender":	true
				}],
			"sum":	{
				"start":	7.000053,
				"end":	8.000091,
				"seconds":	1.0000380277633667,
				"bytes":	110048,
				"bits_per_second":	880350.5222386606,
				"packets":	76,
				"omitted":	false,
				"sender":	true
			}
		}, {
			"streams":	[{
					"socket":	7,
					"start":	8.000091,
					"end":	9.000096,
					"seconds":	1.0000050067901611,
					"bytes":	123080,
					"bits_per_second":	984635.07013881847,
					"packets":	85,
					"omitted":	false,
					"sender":	true
				}],
			"sum":	{
				"start":	8.000091,
				"end":	9.000096,
				"seconds":	1.0000050067901611,
				"bytes":	123080,
				"bits_per_second":	984635.07013881847,
				"packets":	85,
				"omitted":	false,
				"sender":	true
			}
		}, {
			"streams":	[{
					"socket":	7,
					"start":	9.000096,
					"end":	10.000068,
					"seconds":	0.99997198581695557,
					"bytes":	150592,
					"bits_per_second":	1204769.7506403208,
					"packets":	104,
					"omitted":	false,
					"sender":	true
				}],
			"sum":	{
				"start":	9.000096,
				"end":	10.000068,
				"seconds":	0.99997198581695557,
				"bytes":	150592,
				"bits_per_second":	1204769.7506403208,
				"packets":	104,
				"omitted":	false,
				"sender":	true
			}
		}, {
			"streams":	[{
					"socket":	7,
					"start":	10.000068,
					"end":	11.000093,
					"seconds":	1.0000250339508057,
					"bytes":	101360,
					"bits_per_second":	810859.70097813546,
					"packets":	70,
					"omitted":	false,
					"sender":	true
				}],
			"sum":	{
				"start":	10.000068,
				"end":	11.000093,
				"seconds":	1.0000250339508057,
				"bytes":	101360,
				"bits_per_second":	810859.70097813546,
				"packets":	70,
				"omitted":	false,
				"sender":	true
			}
		}, {
			"streams":	[{
					"socket":	7,
					"start":	11.000093,
					"end":	12.000044,
					"seconds":	0.99995100498199463,
					"bytes":	157832,
					"bits_per_second":	1262717.8668846237,
					"packets":	109,
					"omitted":	false,
					"sender":	true
				}],
			"sum":	{
				"start":	11.000093,
				"end":	12.000044,
				"seconds":	0.99995100498199463,
				"bytes":	157832,
				"bits_per_second":	1262717.8668846237,
				"packets":	109,
				"omitted":	false,
				"sender":	true
			}
		}, {
			"streams":	[{
					"socket":	7,
					"start":	12.000044,
					"end":	13.000019,
					"seconds":	0.99997502565383911,
					"bytes":	131768,
					"bits_per_second":	1054170.3272146643,
					"packets":	91,
					"omitted":	false,
					"sender":	true
				}],
			"sum":	{
				"start":	12.000044,
				"end":	13.000019,
				"seconds":	0.99997502565383911,
				"bytes":	131768,
				"bits_per_second":	1054170.3272146643,
				"packets":	91,
				"omitted":	false,
				"sender":	true
			}
		}, {
			"streams":	[{
					"socket":	7,
					"start":	13.000019,
					"end":	14.000199,
					"seconds":	1.0001800060272217,
					"bytes":	95568,
					"bits_per_second":	764406.40224034991,
					"packets":	66,
					"omitted":	false,
					"sender":	true
				}],
			"sum":	{
				"start":	13.000019,
				"end":	14.000199,
				"seconds":	1.0001800060272217,
				"bytes":	95568,
				"bits_per_second":	764406.40224034991,
				"packets":	66,
				"omitted":	false,
				"sender":	true
			}
		}, {
			"streams":	[{
					"socket":	7,
					"start":	14.000199,
					"end":	15.000073,
					"seconds":	0.99987399578094482,
					"bytes":	102808,
					"bits_per_second":	822567.64699397958,
					"packets":	71,
					"omitted":	false,
					"sender":	true
				}],
			"sum":	{
				"start":	14.000199,
				"end":	15.000073,
				"seconds":	0.99987399578094482,
				"bytes":	102808,
				"bits_per_second":	822567.64699397958,
				"packets":	71,