{
	"start":	{
		"connected":	[{
				"socket":	7,
				"local_host":	"192.168.42.5",
				"local_port":	55286,
				"remote_host":	"192.168.42.1",
				"remote_port":	5204
			}],
		"version":	"iperf 3.7",
		"system_info":	"Linux rathan-VirtualBox 5.4.0-177-generic #197-Ubuntu SMP Thu Mar 28 22:45:47 UTC 2024 x86_64",
		"timestamp":	{
			"time":	"Thu, 07 Nov 2024 07:37:38 GMT",
			"timesecs":	1730965058
		},
		"connecting_to":	{
			"host":	"192.168.42.1",
			"port":	5204
		},
		"cookie":	"3wga2k4xt5vj5fobnjlrd3n6pzi2x7ylfvp7",
		"sock_bufsize":	0,
		"sndbuf_actual":	212992,
		"rcvbuf_actual":	212992,
		"test_start":	{
			"protocol":	"UDP",
			"num_streams":	1,
			"blksize":	1448,
			"omit":	0,
			"duration":	30,
			"bytes":	0,
			"blocks":	0,
			"reverse":	0,
			"tos":	0
		}
	},
	"intervals":	[{
			"streams":	[{
					"socket":	7,
					"start":	0,
					"end":	1.000087,
					"seconds":	1.0000870227813721,
					"bytes":	131768,
					"bits_per_second":	1054052.2734394537,
					"packets":	91,
					"omitted":	false,
					"sender":	true
				}],
			"sum":	{
				"start":	0,
				"end":	1.000087,
				"seconds":	1.0000870227813721,
				"bytes":	131768,
				"bits_per_second":	1054052.2734394537,
				"packets":	91,
				"omitted":	false,
				"sender":	true
			}
		}, {
			"streams":	[{
					"socket":	7,
					"start":	1.000087,
					"end":	2.000078,
					"seconds":	0.99999099969863892,
					"bytes":	130320,
					"bits_per_second":	1042569.3834386407,
					"packets":	90,
					"omitted":	false,
					"sender":	true
				}],
			"sum":	{
				"start":	1.000087,
				"end":	2.000078,
				"seconds":	0.99999099969863892,
				"bytes":	130320,
				"bits_per_second":	1042569.3834386407,
				"packets":	90,
				"omitted":	false,
				"sender":	true
			}
		}, {
			"streams":	[{
					"socket":	7,
					"start":	2.000078,
					"end":	3.000088,
					"seconds":	1.0000100135803223,
					"bytes":	130320,
					"bits_per_second":	1042549.5603462375,
					"packets":	90,
					"omitted":	false,
					"sender":	true
				}],
			"sum":	{
				"start":	2.000078,
				"end":	3.000088,
				"seconds":	1.0000100135803223,
				"bytes":	130320,
				"bits_per_second":	1042549.5603462375,
				"packets":	90,
				"omitted":	false,
				"sender":	true
			}
		}, {
			"streams":	[{
					"socket":	7,
					"start":	3.000088,
					"end":	4.000211,
					"seconds":	1.0001230239868164,
					"bytes":	104256,
					"bits_per_second":	833945.40471152519,
					"packets":	72,
					"omitted":	false,
					"sender":	true
				}],
			"sum":	{
				"start":	3.000088,
				"end":	4.000211,
				"seconds":	1.0001230239868164,
				"bytes":	104256,
				"bits_per_second":	833945.40471152519,
				"packets":	72,
				"omitted":	false,
				"sender":	true
			}
		}, {
			"streams":	[{
					"socket":	7,
					"start":	4.000211,
					"end":	5.000179,
					"seconds":	0.99996799230575562,
					"bytes":	112944,
					"bits_per_second":	903580.92154186172,
					"packets":	78,
					"omitted":	false,
					"sender":	true
				}],
			"sum":	{
				"start":	4.000211,
				"end":	5.000179,
				"seconds":	0.99996799230575562,
				"bytes":	112944,
				"bits_per_second":	903580.92154186172,
				"packets":	78,
				"omitted":	false,
				"sender":	true
			}
		}, {
			"streams":	[{
					"socket":	7,
					"start":	5.000179,
					"end":	6.000075,
					"seconds":	0.99989598989486694,
					"bytes":	104256,
					"bits_per_second":	834134.75844392087,
					"packets":	72,
					"omitted":	false,
					"sender":	true
				}],
			"sum":	{
				"start":	5.000179,
				"end":	6.000075,
				"seconds":	0.99989598989486694,
				"bytes":	104256,
				"bits_per_second":	834134.75844392087,
				"packets":	72,
				"omitted":	false,
				"sender":	true
			}
		}, {
			"streams":	[{
					"socket":	7,
					"start":	6.000075,
					"end":	7.000065,
					"seconds":	0.99998998641967773,
					"bytes":	204168,
					"bits_per_second":	1633360.355785118,
					"packets":	141,
					"omitted":	false,
					"sender":	true
				}],
			"sum":	{
				"start":	6.000075,
				"end":	7.000065,
				"seconds":	0.99998998641967773,
				"bytes":	204168,
				"bits_per_second":	1633360.355785118,
				"packets":	141,
				"omitted":	false,
				"sender":	true
			}
		}, {
			"streams":	[{
					"socket":	7,
					"start":	7.000065,
					"end":	8.000085,
					"seconds":	1.0000200271606445,
					"bytes":	94120,
					"bits_per_second":	752944.92065111769,
					"packets":	65,
					"omitted":	false,
					"sender":	true
				}],
			"sum":	{
				"start":	7.000065,
				"end":	8.000085,
				"seconds":	1.0000200271606445,
				"bytes":	94120,
				"bits_per_second":	752944.92065111769,
				"packets":	65,
				"omitted":	false,
				"sender":	true
			}
		}, {
			"streams":	[{
					"socket":	7,
					"start":	8.000085,
					"end":	9.000112,
					"seconds":	1.0000269412994385,
					"bytes":	140456,
					"bits_per_second":	1123617.728278328,
					"packets":	97,
					"omitted":	false,
					"sender":	true
				}],
			"sum":	{
				"start":	8.000085,
				"end":	9.000112,
				"seconds":	1.0000269412994385,
				"bytes":	140456,
				"bits_per_second":	1123617.728278328,
				"packets":	97,
				"omitted":	false,
				"sender":	true
			}
		}, {
			"streams":	[{
					"socket":	7,
					"start":	9.000112,
					"end":	10.000116,
					"seconds":	1.0000040531158447,
					"bytes":	149144,
					"bits_per_second":	1193147.1640363242,
					"packets":	103,
					"omitted":	false,
					"sender":	true
				}],
			"sum":	{
				"start":	9.000112,
				"end":	10.000116,
				"seconds":	1.0000040531158447,
				"bytes":	149144,
				"bits_per_second":	1193147.1640363242,
				"packets":	103,
				"omitted":	false,
				"sender":	true
			}
		}, {
			"streams":	[{
					"socket":	7,
					"start":	10.000116,
					"end":	11.000082,
					"seconds":	0.999966025352478,
					"bytes":	101360,
					"bits_per_second":	810907.55029819428,
					"packets":	70,
					"omitted":	false,
					"sender":	true
				}],
			"sum":	{
				"start":	10.000116,
				"end":	11.000082,
				"seconds":	0.999966025352478,
				"bytes":	101360,
				"bits_per_second":	810907.55029819428,
				"packets":	70,
				"omitted":	false,
				"sender":	true
			}
		}, {
			"streams":	[{
					"socket":	7,
					"start":	11.000082,
					"end":	12.000079,
					"seconds":	0.99999701976776123,
					"bytes":	152040,
					"bits_per_second":	1216323.6249268798,
					"packets":	105,
					"omitted":	false,
					"sender":	true
				}],
			"sum":	{
				"start":	11.000082,
				"end":	12.000079,
				"seconds":	0.99999701976776123,
				"bytes":	152040,
				"bits_per_second":	1216323.6249268798,
				"packets":	105,
				"omitted":	false,
				"sender":	true
			}
		}, {
			"streams":	[{
					"socket":	7,
					"start":	12.000079,
					"end":	13.000082,
					"seconds":	1.0000029802322388,
					"bytes":	134664,
					"bits_per_second":	1077308.7893696148,
					"packets":	93,
					"omitted":	false,
					"sender":	true
				}],
			"sum":	{
				"start":	12.000079,
				"end":	13.000082,
				"seconds":	1.0000029802322388,
				"bytes":	134664,
				"bits_per_second":	1077308.7893696148,
				"packets":	93,
				"omitted":	false,
				"sender":	true
			}
		}, {
			"streams":	[{
					"socket":	7,
					"start":	13.000082,
					"end":	14.000119,
					"seconds":	1.0000369548797607,
					"bytes":	95568,
					"bits_per_second":	764515.74741247913,
					"packets":	66,
					"omitted":	false,
					"sender":	true
				}],
			"sum":	{
				"start":	13.000082,
				"end":	14.000119,
				"seconds":	1.0000369548797607,
				"bytes":	95568,
				"bits_per_second":	764515.74741247913,
				"packets":	66,
				"omitted":	false,
				"sender":	true
			}
		}, {
			"streams":	[{
					"socket":	7,
					"start":	14.000119,
					"end":	15.000079,
					"seconds":	0.99996000528335571,
					"bytes":	102808,
					"bits_per_second":	822496.89553027751,
					"packets":	71,
					"omitted":	false,
					"sender":	true
				}],
			"sum":	{
				"start":	14.000119,
				"end":	15.000079,
				"seconds":	0.99996000528335571,
				"bytes":	102808,
				"bits_per_second":	822496.89553027751,
				"packets":	71,
				"omitted":	false,