{
	"start":	{
		"connected":	[{
				"socket":	7,
				"local_host":	"192.168.42.6",
				"local_port":	60119,
				"remote_host":	"192.168.42.1",
				"remote_port":	5205
			}],
		"version":	"iperf 3.7",
		"system_info":	"Linux rathan-VirtualBox 5.4.0-177-generic #197-Ubuntu SMP Thu Mar 28 22:45:47 UTC 2024 x86_64",
		"timestamp":	{
			"time":	"Thu, 07 Nov 2024 07:37:38 GMT",
			"timesecs":	1730965058
		},
		"connecting_to":	{
			"host":	"192.168.42.1",
			"port":	5205
		},
		"cookie":	"kpghit7noxqq5larxiuhz22bhlr5z7cqtq2d",
		"sock_bufsize":	0,
		"sndbuf_actual":	212992,
		"rcvbuf_actual":	212992,
		"test_start":	{
			"protocol":	"UDP",
			"num_streams":	1,
			"blksize":	1448,
			"omit":	0,
			"duration":	30,
			"bytes":	0,
			"blocks":	0,
			"reverse":	0,
			"tos":	0
		}
	},
	"intervals":	[{
			"streams":	[{
					"socket":	7,
					"start":	0,
					"end":	1.000087,
					"seconds":	1.0000870227813721,
					"bytes":	131768,
					"bits_per_second":	1054052.2734394537,
					"packets":	91,
					"omitted":	false,
					"sender":	true
				}],
			"sum":	{
				"start":	0,
				"end":	1.000087,
				"seconds":	1.0000870227813721,
				"bytes":	131768,
				"bits_per_second":	1054052.2734394537,
				"packets":	91,
				"omitted":	false,
				"sender":	true
			}
		}, {
			"streams":	[{
					"socket":	7,
					"start":	1.000087,
					"end":	2.000147,
					"seconds":	1.000059962272644,
					"bytes":	130320,
					"bits_per_second":	1042497.489481305,
					"packets":	90,
					"omitted":	false,
					"sender":	true
				}],
			"sum":	{
				"start":	1.000087,
				"end":	2.000147,
				"seconds":	1.000059962272644,
				"bytes":	130320,
				"bits_per_second":	1042497.489481305,
				"packets":	90,
				"omitted":	false,
				"sender":	true
			}
		}, {
			"streams":	[{
					"socket":	7,
					"start":	2.000147,
					"end":	3.00021,
					"seconds":	1.0000629425048828,
					"bytes":	131768,
					"bits_per_second":	1054077.6537121343,
					"packets":	91,
					"omitted":	false,
					"sender":	true
				}],
			"sum":	{
				"start":	2.000147,
				"end":	3.00021,
				"seconds":	1.0000629425048828,
				"bytes":	131768,
				"bits_per_second":	1054077.6537121343,
				"packets":	91,
				"omitted":	false,
				"sender":	true
			}
		}, {
			"streams":	[{
					"socket":	7,
					"start":	3.00021,
					"end":	4.00007,
					"seconds":	0.99985998868942261,
					"bytes":	104256,
					"bits_per_second":	834164.79250583623,
					"packets":	72,
					"omitted":	false,
					"sender":	true
				}],
			"sum":	{
				"start":	3.00021,
				"end":	4.00007,
				"seconds":	0.99985998868942261,
				"bytes":	104256,
				"bits_per_second":	834164.79250583623,
				"packets":	72,
				"omitted":	false,
				"sender":	true
			}
		}, {
			"streams":	[{
					"socket":	7,
					"start":	4.00007,
					"end":	5.000114,
					"seconds":	1.0000439882278442,
					"bytes":	110048,
					"bits_per_second":	880345.27517145418,
					"packets":	76,
					"omitted":	false,
					"sender":	true
				}],
			"sum":	{
				"start":	4.00007,
				"end":	5.000114,
				"seconds":	1.0000439882278442,
				"bytes":	110048,
				"bits_per_second":	880345.27517145418,
				"packets":	76,
				"omitted":	false,
				"sender":	true
			}
		}, {
			"streams":	[{
					"socket":	7,
					"start":	5.000114,
					"end":	6.00023,
					"seconds":	1.0001159906387329,
					"bytes":	107152,
					"bits_per_second":	857116.58250012726,
					"packets":	74,
					"omitted":	false,
					"sender":	true
				}],
			"sum":	{
				"start":	5.000114,
				"end":	6.00023,
				"seconds":	1.0001159906387329,
				"bytes":	107152,
				"bits_per_second":	857116.58250012726,
				"packets":	74,
				"omitted":	false,
				"sender":	true
			}
		}, {
			"streams":	[{
					"socket":	7,
					"start":	6.00023,
					"end":	7.000113,
					"seconds":	0.99988299608230591,
					"bytes":	186792,
					"bits_per_second":	1494510.8636260806,
					"packets":	129,
					"omitted":	false,
					"sender":	true
				}],
			"sum":	{
				"start":	6.00023,
				"end":	7.000113,
				"seconds":	0.99988299608230591,
				"bytes":	186792,
				"bits_per_second":	1494510.8636260806,
				"packets":	129,
				"omitted":	false,
				"sender":	true
			}
		}, {
			"streams":	[{
					"socket":	7,
					"start":	7.000113,
					"end":	8.000121,
					"seconds":	1.0000079870224,
					"bytes":	111496,
					"bits_per_second":	891960.87588850444,
					"packets":	77,
					"omitted":	false,
					"sender":	true
				}],
			"sum":	{
				"start":	7.000113,
				"end":	8.000121,
				"seconds":	1.0000079870224,
				"bytes":	111496,
				"bits_per_second":	891960.87588850444,
				"packets":	77,
				"omitted":	false,
				"sender":	true
			}
		}, {
			"streams":	[{
					"socket":	7,
					"start":	8.000121,
					"end":	9.000093,
					"seconds":	0.99997198581695557,
					"bytes":	141904,
					"bits_per_second":	1135263.8034879947,
					"packets":	98,
					"omitted":	false,
					"sender":	true
				}],
			"sum":	{
				"start":	8.000121,
				"end":	9.000093,
				"seconds":	0.99997198581695557,
				"bytes":	141904,
				"bits_per_second":	1135263.8034879947,
				"packets":	98,
				"omitted":	false,
				"sender":	true
			}
		}, {
			"streams":	[{
					"socket":	7,
					"start":	9.000093,
					"end":	10.000105,
					"seconds":	1.0000120401382446,
					"bytes":	99912,
					"bits_per_second":	799286.37648153014,
					"packets":	69,
					"omitted":	false,
					"sender":	true
				}],
			"sum":	{
				"start":	9.000093,
				"end":	10.000105,
				"seconds":	1.0000120401382446,
				"bytes":	99912,
				"bits_per_second":	799286.37648153014,
				"packets":	69,
				"omitted":	false,
				"sender":	true
			}
		}, {
			"streams":	[{
					"socket":	7,
					"start":	10.000105,
					"end":	11.000055,
					"seconds":	0.99994999170303345,
					"bytes":	104256,
					"bits_per_second":	834089.71140598471,
					"packets":	72,
					"omitted":	false,
					"sender":	true
				}],
			"sum":	{
				"start":	10.000105,
				"end":	11.000055,
				"seconds":	0.99994999170303345,
				"bytes":	104256,
				"bits_per_second":	834089.71140598471,
				"packets":	72,
				"omitted":	false,
				"sender":	true
			}
		}, {
			"streams":	[{
					"socket":	7,
					"start":	11.000055,
					"end":	12.000123,
					"seconds":	1.0000679492950439,
					"bytes":	99912,
					"bits_per_second":	799241.69209045277,
					"packets":	69,
					"omitted":	false,
					"sender":	true
				}],
			"sum":	{
				"start":	11.000055,
				"end":	12.000123,
				"seconds":	1.0000679492950439,
				"bytes":	99912,
				"bits_per_second":	799241.69209045277,
				"packets":	69,
				"omitted":	false,
				"sender":	true
			}
		}, {
			"streams":	[{
					"socket":	7,
					"start":	12.000123,
					"end":	13.000082,
					"seconds":	0.99995899200439453,
					"bytes":	237472,
					"bits_per_second":	1899853.9092007596,
					"packets":	164,
					"omitted":	false,
					"sender":	true
				}],
			"sum":	{
				"start":	12.000123,
				"end":	13.000082,
				"seconds":	0.99995899200439453,
				"bytes":	237472,
				"bits_per_second":	1899853.9092007596,
				"packets":	164,
				"omitted":	false,
				"sender":	true
			}
		}, {
			"streams":	[{
					"socket":	7,
					"start":	13.000082,
					"end":	14.000207,
					"seconds":	1.0001250505447388,
					"bytes":	92672,
					"bits_per_second":	741283.30211926426,
					"packets":	64,
					"omitted":	false,
					"sender":	true
				}],
			"sum":	{
				"start":	13.000082,
				"end":	14.000207,
				"seconds":	1.0001250505447388,
				"bytes":	92672,
				"bits_per_second":	741283.30211926426,
				"packets":	64,
				"omitted":	false,
				"sender":	true
			}
		}, {
			"streams":	[{
					"socket":	7,
					"start":	14.000207,
					"end":	15.000327,
					"seconds":	1.0001200437545776,
					"bytes":	110048,
					"bits_per_second":	880278.32808442344,
					"packets":	76,
					"omitted":	false,
					"sender":	true
				}],
			"sum":	{
				"start":	14.000207,
				"end":	15.000327,
				"seconds":	1.0001200437545776,
				"bytes":	110048,
				"bits_per_second":	880278.32808442344,
				"packets":	76,
				"omitted":	false,