{
	"start":	{
		"connected":	[{
				"socket":	7,
				"local_host":	"192.168.42.7",
				"local_port":	33028,
				"remote_host":	"192.168.42.1",
				"remote_port":	5206
			}],
		"version":	"iperf 3.7",
		"system_info":	"Linux rathan-VirtualBox 5.4.0-177-generic #197-Ubuntu SMP Thu Mar 28 22:45:47 UTC 2024 x86_64",
		"timestamp":	{
			"time":	"Thu, 07 Nov 2024 07:37:38 GMT",
			"timesecs":	1730965058
		},
		"connecting_to":	{
			"host":	"192.168.42.1",
			"port":	5206
		},
		"cookie":	"fwvbykfwmp3bs7tcc5fpfoghgmeqmcagdq3d",
		"sock_bufsize":	0,
		"sndbuf_actual":	212992,
		"rcvbuf_actual":	212992,
		"test_start":	{
			"protocol":	"UDP",
			"num_streams":	1,
			"blksize":	1448,
			"omit":	0,
			"duration":	30,
			"bytes":	0,
			"blocks":	0,
			"reverse":	0,
			"tos":	0
		}
	},
	"intervals":	[{
			"streams":	[{
					"socket":	7,
					"start":	0,
					"end":	1.000057,
					"seconds":	1.0000569820404053,
					"bytes":	131768,
					"bits_per_second":	1054083.93614656,
					"packets":	91,
					"omitted":	false,
					"sender":	true
				}],
			"sum":	{
				"start":	0,
				"end":	1.000057,
				"seconds":	1.0000569820404053,
				"bytes":	131768,
				"bits_per_second":	1054083.93614656,
				"packets":	91,
				"omitted":	false,
				"sender":	true
			}
		}, {
			"streams":	[{
					"socket":	7,
					"start":	1.000057,
					"end":	2.000137,
					"seconds":	1.0000799894332886,
					"bytes":	130320,
					"bits_per_second":	1042476.6128865186,
					"packets":	90,
					"omitted":	false,
					"sender":	true
				}],
			"sum":	{
				"start":	1.000057,
				"end":	2.000137,
				"seconds":	1.0000799894332886,
				"bytes":	130320,
				"bits_per_second":	1042476.6128865186,
				"packets":	90,
				"omitted":	false,
				"sender":	true
			}
		}, {
			"streams":	[{
					"socket":	7,
					"start":	2.000137,
					"end":	3.00015,
					"seconds":	1.000012993812561,
					"bytes":	131768,
					"bits_per_second":	1054130.3028284302,
					"packets":	91,
					"omitted":	false,
					"sender":	true
				}],
			"sum":	{
				"start":	2.000137,
				"end":	3.00015,
				"seconds":	1.000012993812561,
				"bytes":	131768,
				"bits_per_second":	1054130.3028284302,
				"packets":	91,
				"omitted":	false,
				"sender":	true
			}
		}, {
			"streams":	[{
					"socket":	7,
					"start":	3.00015,
					"end":	4.000086,
					"seconds":	0.99993598461151123,
					"bytes":	102808,
					"bits_per_second":	822516.65372312663,
					"packets":	71,
					"omitted":	false,
					"sender":	true
				}],
			"sum":	{
				"start":	3.00015,
				"end":	4.000086,
				"seconds":	0.99993598461151123,
				"bytes":	102808,
				"bits_per_second":	822516.65372312663,
				"packets":	71,
				"omitted":	false,
				"sender":	true
			}
		}, {
			"streams":	[{
					"socket":	7,
					"start":	4.000086,
					"end":	5.000074,
					"seconds":	0.99998801946640015,
					"bytes":	111496,
					"bits_per_second":	891978.68638062256,
					"packets":	77,
					"omitted":	false,
					"sender":	true
				}],
			"sum":	{
				"start":	4.000086,
				"end":	5.000074,
				"seconds":	0.99998801946640015,
				"bytes":	111496,
				"bits_per_second":	891978.68638062256,
				"packets":	77,
				"omitted":	false,
				"sender":	true
			}
		}, {
			"streams":	[{
					"socket":	7,
					"start":	5.000074,
					"end":	6.000168,
					"seconds":	1.0000940561294556,
					"bytes":	107152,
					"bits_per_second":	857135.38116362831,
					"packets":	74,
					"omitted":	false,
					"sender":	true
				}],
			"sum":	{
				"start":	5.000074,
				"end":	6.000168,
				"seconds":	1.0000940561294556,
				"bytes":	107152,
				"bits_per_second":	857135.38116362831,
				"packets":	74,
				"omitted":	false,
				"sender":	true
			}
		}, {
			"streams":	[{
					"socket":	7,
					"start":	6.000168,
					"end":	7.000087,
					"seconds":	0.99991899728775024,
					"bytes":	186792,
					"bits_per_second":	1494457.0550748019,
					"packets":	129,
					"omitted":	false,
					"sender":	true
				}],
			"sum":	{
				"start":	6.000168,
				"end":	7.000087,
				"seconds":	0.99991899728775024,
				"bytes":	186792,
				"bits_per_second":	1494457.0550748019,
				"packets":	129,
				"omitted":	false,
				"sender":	true
			}
		}, {
			"streams":	[{
					"socket":	7,
					"start":	7.000087,
					"end":	8.00012,
					"seconds":	1.0000330209732056,
					"bytes":	111496,
					"bits_per_second":	891938.54732112784,
					"packets":	77,
					"omitted":	false,
					"sender":	true
				}],
			"sum":	{
				"start":	7.000087,
				"end":	8.00012,
				"seconds":	1.0000330209732056,
				"bytes":	111496,
				"bits_per_second":	891938.54732112784,
				"packets":	77,
				"omitted":	false,
				"sender":	true
			}
		}, {
			"streams":	[{
					"socket":	7,
					"start":	8.00012,
					"end":	9.000096,
					"seconds":	0.99997597932815552,
					"bytes":	143352,
					"bits_per_second":	1146843.5479525223,
					"packets":	99,
					"omitted":	false,
					"sender":	true
				}],
			"sum":	{
				"start":	8.00012,
				"end":	9.000096,
				"seconds":	0.99997597932815552,
				"bytes":	143352,
				"bits_per_second":	1146843.5479525223,
				"packets":	99,
				"omitted":	false,
				"sender":	true
			}
		}, {
			"streams":	[{
					"socket":	7,
					"start":	9.000096,
					"end":	10.000042,
					"seconds":	0.9999459981918335,
					"bytes":	98464,
					"bits_per_second":	787754.54016956058,
					"packets":	68,
					"omitted":	false,
					"sender":	true
				}],
			"sum":	{
				"start":	9.000096,
				"end":	10.000042,
				"seconds":	0.9999459981918335,
				"bytes":	98464,
				"bits_per_second":	787754.54016956058,
				"packets":	68,
				"omitted":	false,
				"sender":	true
			}
		}, {
			"streams":	[{
					"socket":	7,
					"start":	10.000042,
					"end":	11.000076,
					"seconds":	1.000033974647522,
					"bytes":	105704,
					"bits_per_second":	845603.27092692687,
					"packets":	73,
					"omitted":	false,
					"sender":	true
				}],
			"sum":	{
				"start":	10.000042,
				"end":	11.000076,
				"seconds":	1.000033974647522,
				"bytes":	105704,
				"bits_per_second":	845603.27092692687,
				"packets":	73,
				"omitted":	false,
				"sender":	true
			}
		}, {
			"streams":	[{
					"socket":	7,
					"start":	11.000076,
					"end":	12.000074,
					"seconds":	0.99999797344207764,
					"bytes":	194032,
					"bits_per_second":	1552259.1457430695,
					"packets":	134,
					"omitted":	false,
					"sender":	true
				}],
			"sum":	{
				"start":	11.000076,
				"end":	12.000074,
				"seconds":	0.99999797344207764,
				"bytes":	194032,
				"bits_per_second":	1552259.1457430695,
				"packets":	134,
				"omitted":	false,
				"sender":	true
			}
		}, {
			"streams":	[{
					"socket":	7,
					"start":	12.000074,
					"end":	13.000073,
					"seconds":	0.99999898672103882,
					"bytes":	133216,
					"bits_per_second":	1065729.079880855,
					"packets":	92,
					"omitted":	false,
					"sender":	true
				}],
			"sum":	{
				"start":	12.000074,
				"end":	13.000073,
				"seconds":	0.99999898672103882,
				"bytes":	133216,
				"bits_per_second":	1065729.079880855,
				"packets":	92,
				"omitted":	false,
				"sender":	true
			}
		}, {
			"streams":	[{
					"socket":	7,
					"start":	13.000073,
					"end":	14.000128,
					"seconds":	1.0000549554824829,
					"bytes":	98464,
					"bits_per_second":	787668.71328582463,
					"packets":	68,
					"omitted":	false,
					"sender":	true
				}],
			"sum":	{
				"start":	13.000073,
				"end":	14.000128,
				"seconds":	1.0000549554824829,
				"bytes":	98464,
				"bits_per_second":	787668.71328582463,
				"packets":	68,
				"omitted":	false,
				"sender":	true
			}
		}, {
			"streams":	[{
					"socket":	7,
					"start":	14.000128,
					"end":	15.000258,
					"seconds":	1.0001300573349,
					"bytes":	102808,
					"bits_per_second":	822357.04643420456,
					"packets":	71,
					"omitted":	false,
					"sender":	true
				}],
			"sum":	{
				"start":	14.000128,
				"end":	15.000258,
				"seconds":	1.0001300573349,
				"bytes":	102808,
				"bits_per_second":	822357.04643420456,
				"packets":	71,
				"omitted":	false,