{
	"start":	{
		"connected":	[{
				"socket":	7,
				"local_host":	"192.168.42.9",
				"local_port":	57216,
				"remote_host":	"192.168.42.1",
				"remote_port":	5208
			}],
		"version":	"iperf 3.7",
		"system_info":	"Linux rathan-VirtualBox 5.4.0-177-generic #197-Ubuntu SMP Thu Mar 28 22:45:47 UTC 2024 x86_64",
		"timestamp":	{
			"time":	"Thu, 07 Nov 2024 07:37:38 GMT",
			"timesecs":	1730965058
		},
		"connecting_to":	{
			"host":	"192.168.42.1",
			"port":	5208
		},
		"cookie":	"jczu4wr7s2zsihzyk4mhn2ij5rz5zabd6v5g",
		"sock_bufsize":	0,
		"sndbuf_actual":	212992,
		"rcvbuf_actual":	212992,
		"test_start":	{
			"protocol":	"UDP",
			"num_streams":	1,
			"blksize":	1448,
			"omit":	0,
			"duration":	30,
			"bytes":	0,
			"blocks":	0,
			"reverse":	0,
			"tos":	0
		}
	},
	"intervals":	[{
			"streams":	[{
					"socket":	7,
					"start":	0,
					"end":	1.000034,
					"seconds":	1.000033974647522,
					"bytes":	131768,
					"bits_per_second":	1054108.187045895,
					"packets":	91,
					"omitted":	false,
					"sender":	true
				}],
			"sum":	{
				"start":	0,
				"end":	1.000034,
				"seconds":	1.000033974647522,
				"bytes":	131768,
				"bits_per_second":	1054108.187045895,
				"packets":	91,
				"omitted":	false,
				"sender":	true
			}
		}, {
			"streams":	[{
					"socket":	7,
					"start":	1.000034,
					"end":	2.000066,
					"seconds":	1.0000319480895996,
					"bytes":	130320,
					"bits_per_second":	1042526.6932637936,
					"packets":	90,
					"omitted":	false,
					"sender":	true
				}],
			"sum":	{
				"start":	1.000034,
				"end":	2.000066,
				"seconds":	1.0000319480895996,
				"bytes":	130320,
				"bits_per_second":	1042526.6932637936,
				"packets":	90,
				"omitted":	false,
				"sender":	true
			}
		}, {
			"streams":	[{
					"socket":	7,
					"start":	2.000066,
					"end":	3.000087,
					"seconds":	1.0000209808349609,
					"bytes":	131768,
					"bits_per_second":	1054121.8836427305,
					"packets":	91,
					"omitted":	false,
					"sender":	true
				}],
			"sum":	{
				"start":	2.000066,
				"end":	3.000087,
				"seconds":	1.0000209808349609,
				"bytes":	131768,
				"bits_per_second":	1054121.8836427305,
				"packets":	91,
				"omitted":	false,
				"sender":	true
			}
		}, {
			"streams":	[{
					"socket":	7,
					"start":	3.000087,
					"end":	4.000075,
					"seconds":	0.99998801946640015,
					"bytes":	102808,
					"bits_per_second":	822473.85367563891,
					"packets":	71,
					"omitted":	false,
					"sender":	true
				}],
			"sum":	{
				"start":	3.000087,
				"end":	4.000075,
				"seconds":	0.99998801946640015,
				"bytes":	102808,
				"bits_per_second":	822473.85367563891,
				"packets":	71,
				"omitted":	false,
				"sender":	true
			}
		}, {
			"streams":	[{
					"socket":	7,
					"start":	4.000075,
					"end":	5.000276,
					"seconds":	1.0002009868621826,
					"bytes":	111496,
					"bits_per_second":	891788.76217496069,
					"packets":	77,
					"omitted":	false,
					"sender":	true
				}],
			"sum":	{
				"start":	4.000075,
				"end":	5.000276,
				"seconds":	1.0002009868621826,
				"bytes":	111496,
				"bits_per_second":	891788.76217496069,
				"packets":	77,
				"omitted":	false,
				"sender":	true
			}
		}, {
			"streams":	[{
					"socket":	7,
					"start":	5.000276,
					"end":	6.000106,
					"seconds":	0.99983000755310059,
					"bytes":	107152,
					"bits_per_second":	857361.745020914,
					"packets":	74,
					"omitted":	false,
					"sender":	true
				}],
			"sum":	{
				"start":	5.000276,
				"end":	6.000106,
				"seconds":	0.99983000755310059,
				"bytes":	107152,
				"bits_per_second":	857361.745020914,
				"packets":	74,
				"omitted":	false,
				"sender":	true
			}
		}, {
			"streams":	[{
					"socket":	7,
					"start":	6.000106,
					"end":	7.000082,
					"seconds":	0.99997597932815552,
					"bytes":	188240,
					"bits_per_second":	1505956.1740790696,
					"packets":	130,
					"omitted":	false,
					"sender":	true
				}],
			"sum":	{
				"start":	6.000106,
				"end":	7.000082,
				"seconds":	0.99997597932815552,
				"bytes":	188240,
				"bits_per_second":	1505956.1740790696,
				"packets":	130,
				"omitted":	false,
				"sender":	true
			}
		}, {
			"streams":	[{
					"socket":	7,
					"start":	7.000082,
					"end":	8.00007,
					"seconds":	0.99998801946640015,
					"bytes":	131768,
					"bits_per_second":	1054156.6293589175,
					"packets":	91,
					"omitted":	false,
					"sender":	true
				}],
			"sum":	{
				"start":	7.000082,
				"end":	8.00007,
				"seconds":	0.99998801946640015,
				"bytes":	131768,
				"bits_per_second":	1054156.6293589175,
				"packets":	91,
				"omitted":	false,
				"sender":	true
			}
		}, {
			"streams":	[{
					"socket":	7,
					"start":	8.00007,
					"end":	9.000163,
					"seconds":	1.0000929832458496,
					"bytes":	94120,
					"bits_per_second":	752889.99384460459,
					"packets":	65,
					"omitted":	false,
					"sender":	true
				}],
			"sum":	{
				"start":	8.00007,
				"end":	9.000163,
				"seconds":	1.0000929832458496,
				"bytes":	94120,
				"bits_per_second":	752889.99384460459,
				"packets":	65,
				"omitted":	false,
				"sender":	true
			}
		}, {
			"streams":	[{
					"socket":	7,
					"start":	9.000163,
					"end":	10.000086,
					"seconds":	0.9999229907989502,
					"bytes":	102808,
					"bits_per_second":	822527.34217346238,
					"packets":	71,
					"omitted":	false,
					"sender":	true
				}],
			"sum":	{
				"start":	9.000163,
				"end":	10.000086,
				"seconds":	0.9999229907989502,
				"bytes":	102808,
				"bits_per_second":	822527.34217346238,
				"packets":	71,
				"omitted":	false,
				"sender":	true
			}
		}, {
			"streams":	[{
					"socket":	7,
					"start":	10.000086,
					"end":	11.000014,
					"seconds":	0.99992799758911133,
					"bytes":	101360,
					"bits_per_second":	810938.38951912755,
					"packets":	70,
					"omitted":	false,
					"sender":	true
				}],
			"sum":	{
				"start":	10.000086,
				"end":	11.000014,
				"seconds":	0.99992799758911133,
				"bytes":	101360,
				"bits_per_second":	810938.38951912755,
				"packets":	70,
				"omitted":	false,
				"sender":	true
			}
		}, {
			"streams":	[{
					"socket":	7,
					"start":	11.000014,
					"end":	12.000053,
					"seconds":	1.0000389814376831,
					"bytes":	98464,
					"bits_per_second":	787681.29505068285,
					"packets":	68,
					"omitted":	false,
					"sender":	true
				}],
			"sum":	{
				"start":	11.000014,
				"end":	12.000053,
				"seconds":	1.0000389814376831,
				"bytes":	98464,
				"bits_per_second":	787681.29505068285,
				"packets":	68,
				"omitted":	false,
				"sender":	true
			}
		}, {
			"streams":	[{
					"socket":	7,
					"start":	12.000053,
					"end":	13.000168,
					"seconds":	1.0001150369644165,
					"bytes":	257744,
					"bits_per_second":	2061714.8265848572,
					"packets":	178,
					"omitted":	false,
					"sender":	true
				}],
			"sum":	{
				"start":	12.000053,
				"end":	13.000168,
				"seconds":	1.0001150369644165,
				"bytes":	257744,
				"bits_per_second":	2061714.8265848572,
				"packets":	178,
				"omitted":	false,
				"sender":	true
			}
		}, {
			"streams":	[{
					"socket":	7,
					"start":	13.000168,
					"end":	14.000066,
					"seconds":	0.99989801645278931,
					"bytes":	92672,
					"bits_per_second":	741451.61586587108,
					"packets":	64,
					"omitted":	false,
					"sender":	true
				}],
			"sum":	{
				"start":	13.000168,
				"end":	14.000066,
				"seconds":	0.99989801645278931,
				"bytes":	92672,
				"bits_per_second":	741451.61586587108,
				"packets":	64,
				"omitted":	false,
				"sender":	true
			}
		}, {
			"streams":	[{
					"socket":	7,
					"start":	14.000066,
					"end":	15.000109,
					"seconds":	1.0000430345535278,
					"bytes":	107152,
					"bits_per_second":	857179.11167963548,
					"packets":	74,
					"omitted":	false,
					"sender":	true
				}],
			"sum":	{
				"start":	14.000066,
				"end":	15.000109,
				"seconds":	1.0000430345535278,
				"bytes":	107152,
				"bits_per_second":	857179.11167963548,
				"packets":	74,
				"omitted":	false,